<annotation>
	<folder></folder>
	<filename>0035e3a5417aaa36f4c5f242d47ee4f5_jpg.rf.9b689938482e1ca70fb0f6d30bc646df.jpg</filename>
	<path>0035e3a5417aaa36f4c5f242d47ee4f5_jpg.rf.9b689938482e1ca70fb0f6d30bc646df.jpg</path>
	<source>
		<database>roboflow.com</database>
	</source>
	<size>
		<width>416</width>
		<height>416</height>
		<depth>3</depth>
	</size>
	<segmented>0</segmented>
	<object>
		<name>Knife</name>
		<pose>Unspecified</pose>
		<truncated>0</truncated>
		<difficult>0</difficult>
		<occluded>0</occluded>
		<bndbox>
			<xmin>35</xmin>
			<xmax>113</xmax>
			<ymin>47</ymin>
			<ymax>228</ymax>
		</bndbox>
	</object>
	<object>
		<name>Gun</name>
		<pose>Unspecified</pose>
		<truncated>0</truncated>
		<difficult>0</difficult>
		<occluded>0</occluded>
		<bndbox>
			<xmin>61</xmin>
			<xmax>370</xmax>
			<ymin>54</ymin>
			<ymax>356</ymax>
		</bndbox>
	</object>
	<object>
		<name>Pistol</name>
		<pose>Unspecified</pose>
		<truncated>0</truncated>
		<difficult>0</difficult>
		<occluded>0</occluded>
		<bndbox>
			<xmin>235</xmin>
			<xmax>395</xmax>
			<ymin>240</ymin>
			<ymax>349</ymax>
		</bndbox>
	</object>
</annotation>
