<annotation>
	<folder></folder>
	<filename>00917d05-290_jpeg_jpg.rf.7ba0005152229b365af80c37906a5225.jpg</filename>
	<path>00917d05-290_jpeg_jpg.rf.7ba0005152229b365af80c37906a5225.jpg</path>
	<source>
		<database>roboflow.com</database>
	</source>
	<size>
		<width>289</width>
		<height>174</height>
		<depth>3</depth>
	</size>
	<segmented>0</segmented>
	<object>
		<name>Pistol</name>
		<pose>Unspecified</pose>
		<truncated>0</truncated>
		<difficult>0</difficult>
		<occluded>0</occluded>
		<bndbox>
			<xmin>179</xmin>
			<xmax>237</xmax>
			<ymin>41</ymin>
			<ymax>81</ymax>
		</bndbox>
	</object>
</annotation>
