<annotation>
	<folder></folder>
	<filename>00917d05-290_jpeg_jpg.rf.e33eb8c1d4a7f8b799b1f44db45354ee.jpg</filename>
	<path>00917d05-290_jpeg_jpg.rf.e33eb8c1d4a7f8b799b1f44db45354ee.jpg</path>
	<source>
		<database>roboflow.com</database>
	</source>
	<size>
		<width>416</width>
		<height>416</height>
		<depth>3</depth>
	</size>
	<segmented>0</segmented>
	<object>
		<name>Pistol</name>
		<pose>Unspecified</pose>
		<truncated>0</truncated>
		<difficult>0</difficult>
		<occluded>0</occluded>
		<bndbox>
			<xmin>257</xmin>
			<xmax>341</xmax>
			<ymin>97</ymin>
			<ymax>193</ymax>
		</bndbox>
	</object>
</annotation>
