<annotation>
	<folder></folder>
	<filename>00e8fdd668abf79ccc314a9121a7cfa5_jpg.rf.3603c9648dc2913b4c032f5e1da4c7fe.jpg</filename>
	<path>00e8fdd668abf79ccc314a9121a7cfa5_jpg.rf.3603c9648dc2913b4c032f5e1da4c7fe.jpg</path>
	<source>
		<database>roboflow.com</database>
	</source>
	<size>
		<width>416</width>
		<height>416</height>
		<depth>3</depth>
	</size>
	<segmented>0</segmented>
	<object>
		<name>Grenade</name>
		<pose>Unspecified</pose>
		<truncated>0</truncated>
		<difficult>0</difficult>
		<occluded>0</occluded>
		<bndbox>
			<xmin>73</xmin>
			<xmax>158</xmax>
			<ymin>170</ymin>
			<ymax>307</ymax>
		</bndbox>
	</object>
	<object>
		<name>Gun</name>
		<pose>Unspecified</pose>
		<truncated>0</truncated>
		<difficult>0</difficult>
		<occluded>0</occluded>
		<bndbox>
			<xmin>343</xmin>
			<xmax>413</xmax>
			<ymin>18</ymin>
			<ymax>382</ymax>
		</bndbox>
	</object>
	<object>
		<name>Knife</name>
		<pose>Unspecified</pose>
		<truncated>0</truncated>
		<difficult>0</difficult>
		<occluded>0</occluded>
		<bndbox>
			<xmin>308</xmin>
			<xmax>342</xmax>
			<ymin>146</ymin>
			<ymax>290</ymax>
		</bndbox>
	</object>
</annotation>
