<annotation>
	<folder></folder>
	<filename>013a0328-231_jpeg_jpg.rf.547af93f9cc183315638c15dd6113057.jpg</filename>
	<path>013a0328-231_jpeg_jpg.rf.547af93f9cc183315638c15dd6113057.jpg</path>
	<source>
		<database>roboflow.com</database>
	</source>
	<size>
		<width>416</width>
		<height>416</height>
		<depth>3</depth>
	</size>
	<segmented>0</segmented>
	<object>
		<name>Pistol</name>
		<pose>Unspecified</pose>
		<truncated>0</truncated>
		<difficult>0</difficult>
		<occluded>0</occluded>
		<bndbox>
			<xmin>219</xmin>
			<xmax>316</xmax>
			<ymin>164</ymin>
			<ymax>224</ymax>
		</bndbox>
	</object>
</annotation>
