<annotation>
	<folder></folder>
	<filename>03f690d9-275_jpeg_jpg.rf.840f7e84b0e1749fa4f883a3182049e1.jpg</filename>
	<path>03f690d9-275_jpeg_jpg.rf.840f7e84b0e1749fa4f883a3182049e1.jpg</path>
	<source>
		<database>roboflow.com</database>
	</source>
	<size>
		<width>343</width>
		<height>147</height>
		<depth>3</depth>
	</size>
	<segmented>0</segmented>
	<object>
		<name>Pistol</name>
		<pose>Unspecified</pose>
		<truncated>0</truncated>
		<difficult>0</difficult>
		<occluded>0</occluded>
		<bndbox>
			<xmin>175</xmin>
			<xmax>238</xmax>
			<ymin>98</ymin>
			<ymax>126</ymax>
		</bndbox>
	</object>
	<object>
		<name>Pistol</name>
		<pose>Unspecified</pose>
		<truncated>0</truncated>
		<difficult>0</difficult>
		<occluded>0</occluded>
		<bndbox>
			<xmin>243</xmin>
			<xmax>283</xmax>
			<ymin>62</ymin>
			<ymax>105</ymax>
		</bndbox>
	</object>
</annotation>
