<annotation>
	<folder></folder>
	<filename>05100d70-BOCW-Ballistic-Knife-001_jpg.rf.8e40fbff2fd343164d9d5b3d675db8c8.jpg</filename>
	<path>05100d70-BOCW-Ballistic-Knife-001_jpg.rf.8e40fbff2fd343164d9d5b3d675db8c8.jpg</path>
	<source>
		<database>roboflow.com</database>
	</source>
	<size>
		<width>416</width>
		<height>416</height>
		<depth>3</depth>
	</size>
	<segmented>0</segmented>
	<object>
		<name>Knife</name>
		<pose>Unspecified</pose>
		<truncated>0</truncated>
		<difficult>0</difficult>
		<occluded>0</occluded>
		<bndbox>
			<xmin>283</xmin>
			<xmax>313</xmax>
			<ymin>159</ymin>
			<ymax>294</ymax>
		</bndbox>
	</object>
	<object>
		<name>Gun</name>
		<pose>Unspecified</pose>
		<truncated>0</truncated>
		<difficult>0</difficult>
		<occluded>0</occluded>
		<bndbox>
			<xmin>47</xmin>
			<xmax>125</xmax>
			<ymin>51</ymin>
			<ymax>402</ymax>
		</bndbox>
	</object>
</annotation>
