<annotation>
	<folder></folder>
	<filename>05c1802eb11a54118e4cbc09a9f98530_jpg.rf.1e28c25e1052d92a655e15f9b884e4bb.jpg</filename>
	<path>05c1802eb11a54118e4cbc09a9f98530_jpg.rf.1e28c25e1052d92a655e15f9b884e4bb.jpg</path>
	<source>
		<database>roboflow.com</database>
	</source>
	<size>
		<width>416</width>
		<height>416</height>
		<depth>3</depth>
	</size>
	<segmented>0</segmented>
	<object>
		<name>Gun</name>
		<pose>Unspecified</pose>
		<truncated>0</truncated>
		<difficult>0</difficult>
		<occluded>0</occluded>
		<bndbox>
			<xmin>2</xmin>
			<xmax>168</xmax>
			<ymin>21</ymin>
			<ymax>336</ymax>
		</bndbox>
	</object>
	<object>
		<name>Pistol</name>
		<pose>Unspecified</pose>
		<truncated>0</truncated>
		<difficult>0</difficult>
		<occluded>0</occluded>
		<bndbox>
			<xmin>326</xmin>
			<xmax>407</xmax>
			<ymin>186</ymin>
			<ymax>327</ymax>
		</bndbox>
	</object>
	<object>
		<name>Grenade</name>
		<pose>Unspecified</pose>
		<truncated>0</truncated>
		<difficult>0</difficult>
		<occluded>0</occluded>
		<bndbox>
			<xmin>139</xmin>
			<xmax>180</xmax>
			<ymin>48</ymin>
			<ymax>108</ymax>
		</bndbox>
	</object>
	<object>
		<name>Grenade</name>
		<pose>Unspecified</pose>
		<truncated>0</truncated>
		<difficult>0</difficult>
		<occluded>0</occluded>
		<bndbox>
			<xmin>331</xmin>
			<xmax>368</xmax>
			<ymin>67</ymin>
			<ymax>170</ymax>
		</bndbox>
	</object>
</annotation>
