<annotation>
	<folder></folder>
	<filename>05f32d4c-11_jpeg_jpg.rf.d9e1b48b3ab12e6047c24443e8fa50bd.jpg</filename>
	<path>05f32d4c-11_jpeg_jpg.rf.d9e1b48b3ab12e6047c24443e8fa50bd.jpg</path>
	<source>
		<database>roboflow.com</database>
	</source>
	<size>
		<width>299</width>
		<height>168</height>
		<depth>3</depth>
	</size>
	<segmented>0</segmented>
	<object>
		<name>Pistol</name>
		<pose>Unspecified</pose>
		<truncated>0</truncated>
		<difficult>0</difficult>
		<occluded>0</occluded>
		<bndbox>
			<xmin>76</xmin>
			<xmax>184</xmax>
			<ymin>56</ymin>
			<ymax>113</ymax>
		</bndbox>
	</object>
</annotation>
