<annotation>
	<folder></folder>
	<filename>05f30416bfaa76b3deac16e455d69ebd_tn_jpg.rf.96b63790b16b2715e03c591d64acf23c.jpg</filename>
	<path>05f30416bfaa76b3deac16e455d69ebd_tn_jpg.rf.96b63790b16b2715e03c591d64acf23c.jpg</path>
	<source>
		<database>roboflow.com</database>
	</source>
	<size>
		<width>416</width>
		<height>416</height>
		<depth>3</depth>
	</size>
	<segmented>0</segmented>
	<object>
		<name>Grenade</name>
		<pose>Unspecified</pose>
		<truncated>0</truncated>
		<difficult>0</difficult>
		<occluded>0</occluded>
		<bndbox>
			<xmin>217</xmin>
			<xmax>337</xmax>
			<ymin>276</ymin>
			<ymax>392</ymax>
		</bndbox>
	</object>
	<object>
		<name>Grenade</name>
		<pose>Unspecified</pose>
		<truncated>0</truncated>
		<difficult>0</difficult>
		<occluded>0</occluded>
		<bndbox>
			<xmin>108</xmin>
			<xmax>204</xmax>
			<ymin>295</ymin>
			<ymax>387</ymax>
		</bndbox>
	</object>
	<object>
		<name>Pistol</name>
		<pose>Unspecified</pose>
		<truncated>0</truncated>
		<difficult>0</difficult>
		<occluded>0</occluded>
		<bndbox>
			<xmin>43</xmin>
			<xmax>193</xmax>
			<ymin>35</ymin>
			<ymax>291</ymax>
		</bndbox>
	</object>
</annotation>
