<annotation>
	<folder></folder>
	<filename>05f32d4c-11_jpeg_jpg.rf.c722ee77033332c23058e1aba78faf48.jpg</filename>
	<path>05f32d4c-11_jpeg_jpg.rf.c722ee77033332c23058e1aba78faf48.jpg</path>
	<source>
		<database>roboflow.com</database>
	</source>
	<size>
		<width>416</width>
		<height>416</height>
		<depth>3</depth>
	</size>
	<segmented>0</segmented>
	<object>
		<name>Pistol</name>
		<pose>Unspecified</pose>
		<truncated>0</truncated>
		<difficult>0</difficult>
		<occluded>0</occluded>
		<bndbox>
			<xmin>105</xmin>
			<xmax>256</xmax>
			<ymin>138</ymin>
			<ymax>279</ymax>
		</bndbox>
	</object>
</annotation>
