<annotation>
	<folder></folder>
	<filename>06eba601-e1140_jpg.rf.5773029403ebe7c87943b27a476ecd6a.jpg</filename>
	<path>06eba601-e1140_jpg.rf.5773029403ebe7c87943b27a476ecd6a.jpg</path>
	<source>
		<database>roboflow.com</database>
	</source>
	<size>
		<width>416</width>
		<height>416</height>
		<depth>3</depth>
	</size>
	<segmented>0</segmented>
	<object>
		<name>Grenade</name>
		<pose>Unspecified</pose>
		<truncated>0</truncated>
		<difficult>0</difficult>
		<occluded>0</occluded>
		<bndbox>
			<xmin>100</xmin>
			<xmax>176</xmax>
			<ymin>139</ymin>
			<ymax>301</ymax>
		</bndbox>
	</object>
</annotation>
