<annotation>
	<folder></folder>
	<filename>07ab0e6c-images_12_jpeg_jpg.rf.e780190eb7523912f6f296ca12475bd5.jpg</filename>
	<path>07ab0e6c-images_12_jpeg_jpg.rf.e780190eb7523912f6f296ca12475bd5.jpg</path>
	<source>
		<database>roboflow.com</database>
	</source>
	<size>
		<width>416</width>
		<height>416</height>
		<depth>3</depth>
	</size>
	<segmented>0</segmented>
	<object>
		<name>Knife</name>
		<pose>Unspecified</pose>
		<truncated>0</truncated>
		<difficult>0</difficult>
		<occluded>0</occluded>
		<bndbox>
			<xmin>155</xmin>
			<xmax>232</xmax>
			<ymin>160</ymin>
			<ymax>393</ymax>
		</bndbox>
	</object>
	<object>
		<name>Pistol</name>
		<pose>Unspecified</pose>
		<truncated>0</truncated>
		<difficult>0</difficult>
		<occluded>0</occluded>
		<bndbox>
			<xmin>91</xmin>
			<xmax>257</xmax>
			<ymin>42</ymin>
			<ymax>171</ymax>
		</bndbox>
	</object>
</annotation>
