<annotation>
	<folder></folder>
	<filename>07cf96f8f2698eacf89d4d1506fcc65a_jpg.rf.09abc0d9a6b27260f4783f7845a6d740.jpg</filename>
	<path>07cf96f8f2698eacf89d4d1506fcc65a_jpg.rf.09abc0d9a6b27260f4783f7845a6d740.jpg</path>
	<source>
		<database>roboflow.com</database>
	</source>
	<size>
		<width>416</width>
		<height>416</height>
		<depth>3</depth>
	</size>
	<segmented>0</segmented>
	<object>
		<name>Gun</name>
		<pose>Unspecified</pose>
		<truncated>0</truncated>
		<difficult>0</difficult>
		<occluded>0</occluded>
		<bndbox>
			<xmin>175</xmin>
			<xmax>344</xmax>
			<ymin>180</ymin>
			<ymax>225</ymax>
		</bndbox>
	</object>
	<object>
		<name>Gun</name>
		<pose>Unspecified</pose>
		<truncated>0</truncated>
		<difficult>0</difficult>
		<occluded>0</occluded>
		<bndbox>
			<xmin>286</xmin>
			<xmax>393</xmax>
			<ymin>224</ymin>
			<ymax>270</ymax>
		</bndbox>
	</object>
	<object>
		<name>Pistol</name>
		<pose>Unspecified</pose>
		<truncated>0</truncated>
		<difficult>0</difficult>
		<occluded>0</occluded>
		<bndbox>
			<xmin>189</xmin>
			<xmax>233</xmax>
			<ymin>142</ymin>
			<ymax>164</ymax>
		</bndbox>
	</object>
	<object>
		<name>Grenade</name>
		<pose>Unspecified</pose>
		<truncated>0</truncated>
		<difficult>0</difficult>
		<occluded>0</occluded>
		<bndbox>
			<xmin>217</xmin>
			<xmax>235</xmax>
			<ymin>114</ymin>
			<ymax>134</ymax>
		</bndbox>
	</object>
	<object>
		<name>Grenade</name>
		<pose>Unspecified</pose>
		<truncated>0</truncated>
		<difficult>0</difficult>
		<occluded>0</occluded>
		<bndbox>
			<xmin>238</xmin>
			<xmax>256</xmax>
			<ymin>114</ymin>
			<ymax>133</ymax>
		</bndbox>
	</object>
</annotation>
