<annotation>
	<folder></folder>
	<filename>085cb884-257_jpeg_jpg.rf.71a88cb5a4102dc055796bf5f7e84f2c.jpg</filename>
	<path>085cb884-257_jpeg_jpg.rf.71a88cb5a4102dc055796bf5f7e84f2c.jpg</path>
	<source>
		<database>roboflow.com</database>
	</source>
	<size>
		<width>416</width>
		<height>416</height>
		<depth>3</depth>
	</size>
	<segmented>0</segmented>
	<object>
		<name>Pistol</name>
		<pose>Unspecified</pose>
		<truncated>0</truncated>
		<difficult>0</difficult>
		<occluded>0</occluded>
		<bndbox>
			<xmin>143</xmin>
			<xmax>280</xmax>
			<ymin>92</ymin>
			<ymax>288</ymax>
		</bndbox>
	</object>
</annotation>
