<annotation>
	<folder></folder>
	<filename>09b3652a186f165d_jpg.rf.000c507d46f274e6ee06d8950a6d8e7a.jpg</filename>
	<path>09b3652a186f165d_jpg.rf.000c507d46f274e6ee06d8950a6d8e7a.jpg</path>
	<source>
		<database>roboflow.com</database>
	</source>
	<size>
		<width>416</width>
		<height>416</height>
		<depth>3</depth>
	</size>
	<segmented>0</segmented>
	<object>
		<name>Gun</name>
		<pose>Unspecified</pose>
		<truncated>0</truncated>
		<difficult>0</difficult>
		<occluded>0</occluded>
		<bndbox>
			<xmin>1</xmin>
			<xmax>53</xmax>
			<ymin>196</ymin>
			<ymax>232</ymax>
		</bndbox>
	</object>
	<object>
		<name>Gun</name>
		<pose>Unspecified</pose>
		<truncated>0</truncated>
		<difficult>0</difficult>
		<occluded>0</occluded>
		<bndbox>
			<xmin>93</xmin>
			<xmax>101</xmax>
			<ymin>52</ymin>
			<ymax>195</ymax>
		</bndbox>
	</object>
	<object>
		<name>Gun</name>
		<pose>Unspecified</pose>
		<truncated>0</truncated>
		<difficult>0</difficult>
		<occluded>0</occluded>
		<bndbox>
			<xmin>169</xmin>
			<xmax>194</xmax>
			<ymin>102</ymin>
			<ymax>121</ymax>
		</bndbox>
	</object>
</annotation>
