<annotation>
	<folder></folder>
	<filename>0a058a50-258_jpeg_jpg.rf.031aff8756228b25599e4c8dc1ba34c2.jpg</filename>
	<path>0a058a50-258_jpeg_jpg.rf.031aff8756228b25599e4c8dc1ba34c2.jpg</path>
	<source>
		<database>roboflow.com</database>
	</source>
	<size>
		<width>416</width>
		<height>416</height>
		<depth>3</depth>
	</size>
	<segmented>0</segmented>
	<object>
		<name>Pistol</name>
		<pose>Unspecified</pose>
		<truncated>0</truncated>
		<difficult>0</difficult>
		<occluded>0</occluded>
		<bndbox>
			<xmin>222</xmin>
			<xmax>264</xmax>
			<ymin>162</ymin>
			<ymax>211</ymax>
		</bndbox>
	</object>
</annotation>
