<annotation>
	<folder></folder>
	<filename>0a83279c3f01971bb0f68dfd4d3fe849_jpg.rf.7b77b1ba466566fc3b2156e1d20e3aa1.jpg</filename>
	<path>0a83279c3f01971bb0f68dfd4d3fe849_jpg.rf.7b77b1ba466566fc3b2156e1d20e3aa1.jpg</path>
	<source>
		<database>roboflow.com</database>
	</source>
	<size>
		<width>416</width>
		<height>416</height>
		<depth>3</depth>
	</size>
	<segmented>0</segmented>
	<object>
		<name>Gun</name>
		<pose>Unspecified</pose>
		<truncated>0</truncated>
		<difficult>0</difficult>
		<occluded>0</occluded>
		<bndbox>
			<xmin>149</xmin>
			<xmax>383</xmax>
			<ymin>347</ymin>
			<ymax>392</ymax>
		</bndbox>
	</object>
	<object>
		<name>Grenade</name>
		<pose>Unspecified</pose>
		<truncated>0</truncated>
		<difficult>0</difficult>
		<occluded>0</occluded>
		<bndbox>
			<xmin>259</xmin>
			<xmax>281</xmax>
			<ymin>389</ymin>
			<ymax>409</ymax>
		</bndbox>
	</object>
	<object>
		<name>Pistol</name>
		<pose>Unspecified</pose>
		<truncated>0</truncated>
		<difficult>0</difficult>
		<occluded>0</occluded>
		<bndbox>
			<xmin>334</xmin>
			<xmax>384</xmax>
			<ymin>377</ymin>
			<ymax>405</ymax>
		</bndbox>
	</object>
</annotation>
