<annotation>
	<folder></folder>
	<filename>0b7bd6e4-ep100_jpg.rf.4572d29a13ebcbfe874487748f12746f.jpg</filename>
	<path>0b7bd6e4-ep100_jpg.rf.4572d29a13ebcbfe874487748f12746f.jpg</path>
	<source>
		<database>roboflow.com</database>
	</source>
	<size>
		<width>416</width>
		<height>416</height>
		<depth>3</depth>
	</size>
	<segmented>0</segmented>
	<object>
		<name>Grenade</name>
		<pose>Unspecified</pose>
		<truncated>0</truncated>
		<difficult>0</difficult>
		<occluded>0</occluded>
		<bndbox>
			<xmin>65</xmin>
			<xmax>354</xmax>
			<ymin>167</ymin>
			<ymax>252</ymax>
		</bndbox>
	</object>
</annotation>
