<annotation>
	<folder></folder>
	<filename>0b891eae-ep261_jpg.rf.bdfa04f3ce003fa7e8f0978eab216cc7.jpg</filename>
	<path>0b891eae-ep261_jpg.rf.bdfa04f3ce003fa7e8f0978eab216cc7.jpg</path>
	<source>
		<database>roboflow.com</database>
	</source>
	<size>
		<width>612</width>
		<height>408</height>
		<depth>3</depth>
	</size>
	<segmented>0</segmented>
	<object>
		<name>Grenade</name>
		<pose>Unspecified</pose>
		<truncated>0</truncated>
		<difficult>0</difficult>
		<occluded>0</occluded>
		<bndbox>
			<xmin>232</xmin>
			<xmax>326</xmax>
			<ymin>76</ymin>
			<ymax>164</ymax>
		</bndbox>
	</object>
</annotation>
