<annotation>
	<folder></folder>
	<filename>0bd528f939f6e65ad0457646068ee370_jpg.rf.0171c25e34a7e2cd3edd362f3920e261.jpg</filename>
	<path>0bd528f939f6e65ad0457646068ee370_jpg.rf.0171c25e34a7e2cd3edd362f3920e261.jpg</path>
	<source>
		<database>roboflow.com</database>
	</source>
	<size>
		<width>416</width>
		<height>416</height>
		<depth>3</depth>
	</size>
	<segmented>0</segmented>
	<object>
		<name>Grenade</name>
		<pose>Unspecified</pose>
		<truncated>0</truncated>
		<difficult>0</difficult>
		<occluded>0</occluded>
		<bndbox>
			<xmin>260</xmin>
			<xmax>361</xmax>
			<ymin>172</ymin>
			<ymax>309</ymax>
		</bndbox>
	</object>
	<object>
		<name>Knife</name>
		<pose>Unspecified</pose>
		<truncated>0</truncated>
		<difficult>0</difficult>
		<occluded>0</occluded>
		<bndbox>
			<xmin>355</xmin>
			<xmax>413</xmax>
			<ymin>45</ymin>
			<ymax>323</ymax>
		</bndbox>
	</object>
	<object>
		<name>Pistol</name>
		<pose>Unspecified</pose>
		<truncated>0</truncated>
		<difficult>0</difficult>
		<occluded>0</occluded>
		<bndbox>
			<xmin>92</xmin>
			<xmax>360</xmax>
			<ymin>22</ymin>
			<ymax>175</ymax>
		</bndbox>
	</object>
</annotation>
