<annotation>
	<folder></folder>
	<filename>0bf4836b-ep132_jpg.rf.07dde0fc57c5a535ddfd32d4c5add5c7.jpg</filename>
	<path>0bf4836b-ep132_jpg.rf.07dde0fc57c5a535ddfd32d4c5add5c7.jpg</path>
	<source>
		<database>roboflow.com</database>
	</source>
	<size>
		<width>416</width>
		<height>416</height>
		<depth>3</depth>
	</size>
	<segmented>0</segmented>
	<object>
		<name>Grenade</name>
		<pose>Unspecified</pose>
		<truncated>0</truncated>
		<difficult>0</difficult>
		<occluded>0</occluded>
		<bndbox>
			<xmin>140</xmin>
			<xmax>279</xmax>
			<ymin>60</ymin>
			<ymax>185</ymax>
		</bndbox>
	</object>
	<object>
		<name>Grenade</name>
		<pose>Unspecified</pose>
		<truncated>0</truncated>
		<difficult>0</difficult>
		<occluded>0</occluded>
		<bndbox>
			<xmin>162</xmin>
			<xmax>263</xmax>
			<ymin>252</ymin>
			<ymax>356</ymax>
		</bndbox>
	</object>
</annotation>
