<annotation>
	<folder></folder>
	<filename>0c1e22517b68edb38cf1e7ff383254e4_jpg.rf.5ed7ec460ed24fdeb2031222037b9a3c.jpg</filename>
	<path>0c1e22517b68edb38cf1e7ff383254e4_jpg.rf.5ed7ec460ed24fdeb2031222037b9a3c.jpg</path>
	<source>
		<database>roboflow.com</database>
	</source>
	<size>
		<width>416</width>
		<height>416</height>
		<depth>3</depth>
	</size>
	<segmented>0</segmented>
	<object>
		<name>Gun</name>
		<pose>Unspecified</pose>
		<truncated>0</truncated>
		<difficult>0</difficult>
		<occluded>0</occluded>
		<bndbox>
			<xmin>149</xmin>
			<xmax>246</xmax>
			<ymin>21</ymin>
			<ymax>392</ymax>
		</bndbox>
	</object>
	<object>
		<name>Pistol</name>
		<pose>Unspecified</pose>
		<truncated>0</truncated>
		<difficult>0</difficult>
		<occluded>0</occluded>
		<bndbox>
			<xmin>79</xmin>
			<xmax>183</xmax>
			<ymin>203</ymin>
			<ymax>301</ymax>
		</bndbox>
	</object>
	<object>
		<name>Knife</name>
		<pose>Unspecified</pose>
		<truncated>0</truncated>
		<difficult>0</difficult>
		<occluded>0</occluded>
		<bndbox>
			<xmin>235</xmin>
			<xmax>335</xmax>
			<ymin>274</ymin>
			<ymax>359</ymax>
		</bndbox>
	</object>
</annotation>
