<annotation>
	<folder></folder>
	<filename>0cceaab3-ep248_jpg.rf.f6e53919a45d7e8bc3c6926f308e579c.jpg</filename>
	<path>0cceaab3-ep248_jpg.rf.f6e53919a45d7e8bc3c6926f308e579c.jpg</path>
	<source>
		<database>roboflow.com</database>
	</source>
	<size>
		<width>612</width>
		<height>344</height>
		<depth>3</depth>
	</size>
	<segmented>0</segmented>
	<object>
		<name>Grenade</name>
		<pose>Unspecified</pose>
		<truncated>0</truncated>
		<difficult>0</difficult>
		<occluded>0</occluded>
		<bndbox>
			<xmin>249</xmin>
			<xmax>352</xmax>
			<ymin>124</ymin>
			<ymax>229</ymax>
		</bndbox>
	</object>
</annotation>
