<annotation>
	<folder></folder>
	<filename>0cceaab3-ep248_jpg.rf.2c1a80b55c5fe69cf231251d8af8d119.jpg</filename>
	<path>0cceaab3-ep248_jpg.rf.2c1a80b55c5fe69cf231251d8af8d119.jpg</path>
	<source>
		<database>roboflow.com</database>
	</source>
	<size>
		<width>416</width>
		<height>416</height>
		<depth>3</depth>
	</size>
	<segmented>0</segmented>
	<object>
		<name>Grenade</name>
		<pose>Unspecified</pose>
		<truncated>0</truncated>
		<difficult>0</difficult>
		<occluded>0</occluded>
		<bndbox>
			<xmin>170</xmin>
			<xmax>240</xmax>
			<ymin>150</ymin>
			<ymax>277</ymax>
		</bndbox>
	</object>
</annotation>
