<annotation>
	<folder></folder>
	<filename>0d2251f3-ep275_jpg.rf.3567708024076b8098d97e98bc2130bb.jpg</filename>
	<path>0d2251f3-ep275_jpg.rf.3567708024076b8098d97e98bc2130bb.jpg</path>
	<source>
		<database>roboflow.com</database>
	</source>
	<size>
		<width>416</width>
		<height>416</height>
		<depth>3</depth>
	</size>
	<segmented>0</segmented>
	<object>
		<name>Grenade</name>
		<pose>Unspecified</pose>
		<truncated>0</truncated>
		<difficult>0</difficult>
		<occluded>0</occluded>
		<bndbox>
			<xmin>72</xmin>
			<xmax>264</xmax>
			<ymin>173</ymin>
			<ymax>235</ymax>
		</bndbox>
	</object>
</annotation>
