<annotation>
	<folder></folder>
	<filename>0d606155-55_jpeg_jpg.rf.6ac0661b31410c92aff3ca76bf760102.jpg</filename>
	<path>0d606155-55_jpeg_jpg.rf.6ac0661b31410c92aff3ca76bf760102.jpg</path>
	<source>
		<database>roboflow.com</database>
	</source>
	<size>
		<width>298</width>
		<height>169</height>
		<depth>3</depth>
	</size>
	<segmented>0</segmented>
	<object>
		<name>Pistol</name>
		<pose>Unspecified</pose>
		<truncated>0</truncated>
		<difficult>0</difficult>
		<occluded>0</occluded>
		<bndbox>
			<xmin>176</xmin>
			<xmax>224</xmax>
			<ymin>50</ymin>
			<ymax>86</ymax>
		</bndbox>
	</object>
</annotation>
