<annotation>
	<folder></folder>
	<filename>0d606155-55_jpeg_jpg.rf.16d657f49783051801b12aa797b652b8.jpg</filename>
	<path>0d606155-55_jpeg_jpg.rf.16d657f49783051801b12aa797b652b8.jpg</path>
	<source>
		<database>roboflow.com</database>
	</source>
	<size>
		<width>416</width>
		<height>416</height>
		<depth>3</depth>
	</size>
	<segmented>0</segmented>
	<object>
		<name>Pistol</name>
		<pose>Unspecified</pose>
		<truncated>0</truncated>
		<difficult>0</difficult>
		<occluded>0</occluded>
		<bndbox>
			<xmin>246</xmin>
			<xmax>313</xmax>
			<ymin>122</ymin>
			<ymax>211</ymax>
		</bndbox>
	</object>
</annotation>
