<annotation>
	<folder></folder>
	<filename>0fcb8d5a65e0e9dce52f263b57043ca8_jpg.rf.754465be0ff299560ad353dfd57c836a.jpg</filename>
	<path>0fcb8d5a65e0e9dce52f263b57043ca8_jpg.rf.754465be0ff299560ad353dfd57c836a.jpg</path>
	<source>
		<database>roboflow.com</database>
	</source>
	<size>
		<width>416</width>
		<height>416</height>
		<depth>3</depth>
	</size>
	<segmented>0</segmented>
	<object>
		<name>Grenade</name>
		<pose>Unspecified</pose>
		<truncated>0</truncated>
		<difficult>0</difficult>
		<occluded>0</occluded>
		<bndbox>
			<xmin>349</xmin>
			<xmax>392</xmax>
			<ymin>226</ymin>
			<ymax>313</ymax>
		</bndbox>
	</object>
	<object>
		<name>Grenade</name>
		<pose>Unspecified</pose>
		<truncated>0</truncated>
		<difficult>0</difficult>
		<occluded>0</occluded>
		<bndbox>
			<xmin>132</xmin>
			<xmax>182</xmax>
			<ymin>258</ymin>
			<ymax>340</ymax>
		</bndbox>
	</object>
	<object>
		<name>Gun</name>
		<pose>Unspecified</pose>
		<truncated>0</truncated>
		<difficult>0</difficult>
		<occluded>0</occluded>
		<bndbox>
			<xmin>23</xmin>
			<xmax>355</xmax>
			<ymin>29</ymin>
			<ymax>322</ymax>
		</bndbox>
	</object>
	<object>
		<name>Grenade</name>
		<pose>Unspecified</pose>
		<truncated>0</truncated>
		<difficult>0</difficult>
		<occluded>0</occluded>
		<bndbox>
			<xmin>102</xmin>
			<xmax>144</xmax>
			<ymin>272</ymin>
			<ymax>324</ymax>
		</bndbox>
	</object>
	<object>
		<name>Grenade</name>
		<pose>Unspecified</pose>
		<truncated>0</truncated>
		<difficult>0</difficult>
		<occluded>0</occluded>
		<bndbox>
			<xmin>317</xmin>
			<xmax>358</xmax>
			<ymin>225</ymin>
			<ymax>288</ymax>
		</bndbox>
	</object>
	<object>
		<name>Knife</name>
		<pose>Unspecified</pose>
		<truncated>0</truncated>
		<difficult>0</difficult>
		<occluded>0</occluded>
		<bndbox>
			<xmin>255</xmin>
			<xmax>408</xmax>
			<ymin>246</ymin>
			<ymax>406</ymax>
		</bndbox>
	</object>
</annotation>
