<annotation>
	<folder></folder>
	<filename>1-6-Scale-Custom-Special-Weapons-Rifles-Machete-Knife_jpg.rf.f848cfd862305ea431243a2a8d683334.jpg</filename>
	<path>1-6-Scale-Custom-Special-Weapons-Rifles-Machete-Knife_jpg.rf.f848cfd862305ea431243a2a8d683334.jpg</path>
	<source>
		<database>roboflow.com</database>
	</source>
	<size>
		<width>416</width>
		<height>416</height>
		<depth>3</depth>
	</size>
	<segmented>0</segmented>
	<object>
		<name>Gun</name>
		<pose>Unspecified</pose>
		<truncated>0</truncated>
		<difficult>0</difficult>
		<occluded>0</occluded>
		<bndbox>
			<xmin>186</xmin>
			<xmax>404</xmax>
			<ymin>158</ymin>
			<ymax>241</ymax>
		</bndbox>
	</object>
	<object>
		<name>Gun</name>
		<pose>Unspecified</pose>
		<truncated>0</truncated>
		<difficult>0</difficult>
		<occluded>0</occluded>
		<bndbox>
			<xmin>219</xmin>
			<xmax>361</xmax>
			<ymin>80</ymin>
			<ymax>155</ymax>
		</bndbox>
	</object>
	<object>
		<name>Knife</name>
		<pose>Unspecified</pose>
		<truncated>0</truncated>
		<difficult>0</difficult>
		<occluded>0</occluded>
		<bndbox>
			<xmin>325</xmin>
			<xmax>381</xmax>
			<ymin>244</ymin>
			<ymax>265</ymax>
		</bndbox>
	</object>
	<object>
		<name>Grenade</name>
		<pose>Unspecified</pose>
		<truncated>0</truncated>
		<difficult>0</difficult>
		<occluded>0</occluded>
		<bndbox>
			<xmin>343</xmin>
			<xmax>363</xmax>
			<ymin>273</ymin>
			<ymax>303</ymax>
		</bndbox>
	</object>
</annotation>
