<annotation>
	<folder></folder>
	<filename>1-6-Scale-Custom-Special-Weapons-Rifle-Pistol-Knife_jpg.rf.34229660c8c018dc7d05e6d852692c8d.jpg</filename>
	<path>1-6-Scale-Custom-Special-Weapons-Rifle-Pistol-Knife_jpg.rf.34229660c8c018dc7d05e6d852692c8d.jpg</path>
	<source>
		<database>roboflow.com</database>
	</source>
	<size>
		<width>416</width>
		<height>416</height>
		<depth>3</depth>
	</size>
	<segmented>0</segmented>
	<object>
		<name>Gun</name>
		<pose>Unspecified</pose>
		<truncated>0</truncated>
		<difficult>0</difficult>
		<occluded>0</occluded>
		<bndbox>
			<xmin>47</xmin>
			<xmax>270</xmax>
			<ymin>54</ymin>
			<ymax>101</ymax>
		</bndbox>
	</object>
	<object>
		<name>Gun</name>
		<pose>Unspecified</pose>
		<truncated>0</truncated>
		<difficult>0</difficult>
		<occluded>0</occluded>
		<bndbox>
			<xmin>48</xmin>
			<xmax>336</xmax>
			<ymin>113</ymin>
			<ymax>169</ymax>
		</bndbox>
	</object>
	<object>
		<name>Knife</name>
		<pose>Unspecified</pose>
		<truncated>0</truncated>
		<difficult>0</difficult>
		<occluded>0</occluded>
		<bndbox>
			<xmin>217</xmin>
			<xmax>314</xmax>
			<ymin>225</ymin>
			<ymax>244</ymax>
		</bndbox>
	</object>
	<object>
		<name>Grenade</name>
		<pose>Unspecified</pose>
		<truncated>0</truncated>
		<difficult>0</difficult>
		<occluded>0</occluded>
		<bndbox>
			<xmin>112</xmin>
			<xmax>138</xmax>
			<ymin>210</ymin>
			<ymax>249</ymax>
		</bndbox>
	</object>
	<object>
		<name>Grenade</name>
		<pose>Unspecified</pose>
		<truncated>0</truncated>
		<difficult>0</difficult>
		<occluded>0</occluded>
		<bndbox>
			<xmin>139</xmin>
			<xmax>161</xmax>
			<ymin>208</ymin>
			<ymax>249</ymax>
		</bndbox>
	</object>
	<object>
		<name>Knife</name>
		<pose>Unspecified</pose>
		<truncated>0</truncated>
		<difficult>0</difficult>
		<occluded>0</occluded>
		<bndbox>
			<xmin>47</xmin>
			<xmax>230</xmax>
			<ymin>183</ymin>
			<ymax>206</ymax>
		</bndbox>
	</object>
</annotation>
