<annotation>
	<folder></folder>
	<filename>1000_F_128756423_jtbHpQ8s7E9cBpgEwDx33eJSDL0xjZdI_jpg.rf.4a94e9ed70dccf9c16ea88719d73622c.jpg</filename>
	<path>1000_F_128756423_jtbHpQ8s7E9cBpgEwDx33eJSDL0xjZdI_jpg.rf.4a94e9ed70dccf9c16ea88719d73622c.jpg</path>
	<source>
		<database>roboflow.com</database>
	</source>
	<size>
		<width>416</width>
		<height>416</height>
		<depth>3</depth>
	</size>
	<segmented>0</segmented>
	<object>
		<name>Knife</name>
		<pose>Unspecified</pose>
		<truncated>0</truncated>
		<difficult>0</difficult>
		<occluded>0</occluded>
		<bndbox>
			<xmin>245</xmin>
			<xmax>388</xmax>
			<ymin>196</ymin>
			<ymax>248</ymax>
		</bndbox>
	</object>
	<object>
		<name>Pistol</name>
		<pose>Unspecified</pose>
		<truncated>0</truncated>
		<difficult>0</difficult>
		<occluded>0</occluded>
		<bndbox>
			<xmin>84</xmin>
			<xmax>230</xmax>
			<ymin>298</ymin>
			<ymax>401</ymax>
		</bndbox>
	</object>
	<object>
		<name>Gun</name>
		<pose>Unspecified</pose>
		<truncated>0</truncated>
		<difficult>0</difficult>
		<occluded>0</occluded>
		<bndbox>
			<xmin>48</xmin>
			<xmax>417</xmax>
			<ymin>72</ymin>
			<ymax>214</ymax>
		</bndbox>
	</object>
</annotation>
