<annotation>
	<folder></folder>
	<filename>107_jpeg_jpg.rf.316638f2a97abcd313ec698772cc7ba7.jpg</filename>
	<path>107_jpeg_jpg.rf.316638f2a97abcd313ec698772cc7ba7.jpg</path>
	<source>
		<database>roboflow.com</database>
	</source>
	<size>
		<width>416</width>
		<height>416</height>
		<depth>3</depth>
	</size>
	<segmented>0</segmented>
	<object>
		<name>Gun</name>
		<pose>Unspecified</pose>
		<truncated>0</truncated>
		<difficult>0</difficult>
		<occluded>0</occluded>
		<bndbox>
			<xmin>123</xmin>
			<xmax>281</xmax>
			<ymin>110</ymin>
			<ymax>261</ymax>
		</bndbox>
	</object>
</annotation>
