<annotation>
	<folder></folder>
	<filename>107_jpeg_jpg.rf.f8539d98337ffda7357252dd6a697087.jpg</filename>
	<path>107_jpeg_jpg.rf.f8539d98337ffda7357252dd6a697087.jpg</path>
	<source>
		<database>roboflow.com</database>
	</source>
	<size>
		<width>300</width>
		<height>168</height>
		<depth>3</depth>
	</size>
	<segmented>0</segmented>
	<object>
		<name>Gun</name>
		<pose>Unspecified</pose>
		<truncated>0</truncated>
		<difficult>0</difficult>
		<occluded>0</occluded>
		<bndbox>
			<xmin>89</xmin>
			<xmax>203</xmax>
			<ymin>45</ymin>
			<ymax>106</ymax>
		</bndbox>
	</object>
</annotation>
