<annotation>
	<folder></folder>
	<filename>10eb0c6c-5103088424_f635c71b0b_b_jpg.rf.b43f4286406ad9730d3df0cd83e93862.jpg</filename>
	<path>10eb0c6c-5103088424_f635c71b0b_b_jpg.rf.b43f4286406ad9730d3df0cd83e93862.jpg</path>
	<source>
		<database>roboflow.com</database>
	</source>
	<size>
		<width>416</width>
		<height>416</height>
		<depth>3</depth>
	</size>
	<segmented>0</segmented>
	<object>
		<name>Grenade</name>
		<pose>Unspecified</pose>
		<truncated>0</truncated>
		<difficult>0</difficult>
		<occluded>0</occluded>
		<bndbox>
			<xmin>11</xmin>
			<xmax>30</xmax>
			<ymin>378</ymin>
			<ymax>403</ymax>
		</bndbox>
	</object>
</annotation>
