<annotation>
	<folder></folder>
	<filename>10ffc3af-e1428_jpg.rf.6abd1553d92e9d5b7695eb687ffab40e.jpg</filename>
	<path>10ffc3af-e1428_jpg.rf.6abd1553d92e9d5b7695eb687ffab40e.jpg</path>
	<source>
		<database>roboflow.com</database>
	</source>
	<size>
		<width>416</width>
		<height>416</height>
		<depth>3</depth>
	</size>
	<segmented>0</segmented>
	<object>
		<name>Grenade</name>
		<pose>Unspecified</pose>
		<truncated>0</truncated>
		<difficult>0</difficult>
		<occluded>0</occluded>
		<bndbox>
			<xmin>144</xmin>
			<xmax>275</xmax>
			<ymin>290</ymin>
			<ymax>383</ymax>
		</bndbox>
	</object>
</annotation>
