<annotation>
	<folder></folder>
	<filename>113da1742be62849_jpg.rf.75c0dd6fa620a7842c9b3e6938f35d81.jpg</filename>
	<path>113da1742be62849_jpg.rf.75c0dd6fa620a7842c9b3e6938f35d81.jpg</path>
	<source>
		<database>roboflow.com</database>
	</source>
	<size>
		<width>416</width>
		<height>416</height>
		<depth>3</depth>
	</size>
	<segmented>0</segmented>
	<object>
		<name>Gun</name>
		<pose>Unspecified</pose>
		<truncated>0</truncated>
		<difficult>0</difficult>
		<occluded>0</occluded>
		<bndbox>
			<xmin>7</xmin>
			<xmax>409</xmax>
			<ymin>37</ymin>
			<ymax>383</ymax>
		</bndbox>
	</object>
</annotation>
