<annotation>
	<folder></folder>
	<filename>113da1742be62849_jpg.rf.b70cc5cb8bbf8fab2528079443f3cda0.jpg</filename>
	<path>113da1742be62849_jpg.rf.b70cc5cb8bbf8fab2528079443f3cda0.jpg</path>
	<source>
		<database>roboflow.com</database>
	</source>
	<size>
		<width>1024</width>
		<height>291</height>
		<depth>3</depth>
	</size>
	<segmented>0</segmented>
	<object>
		<name>Gun</name>
		<pose>Unspecified</pose>
		<truncated>0</truncated>
		<difficult>0</difficult>
		<occluded>0</occluded>
		<bndbox>
			<xmin>16</xmin>
			<xmax>1006</xmax>
			<ymin>26</ymin>
			<ymax>268</ymax>
		</bndbox>
	</object>
</annotation>
