<annotation>
	<folder></folder>
	<filename>116_jpeg_jpg.rf.842156530bec4bc7ad3987c4744ca5fb.jpg</filename>
	<path>116_jpeg_jpg.rf.842156530bec4bc7ad3987c4744ca5fb.jpg</path>
	<source>
		<database>roboflow.com</database>
	</source>
	<size>
		<width>416</width>
		<height>416</height>
		<depth>3</depth>
	</size>
	<segmented>0</segmented>
	<object>
		<name>Gun</name>
		<pose>Unspecified</pose>
		<truncated>0</truncated>
		<difficult>0</difficult>
		<occluded>0</occluded>
		<bndbox>
			<xmin>210</xmin>
			<xmax>308</xmax>
			<ymin>145</ymin>
			<ymax>385</ymax>
		</bndbox>
	</object>
</annotation>
