<annotation>
	<folder></folder>
	<filename>11d3e03eaf4169eb525c4a8059e1ce9e_jpg.rf.20a6c0a062758f0a24ff25c71780b1cd.jpg</filename>
	<path>11d3e03eaf4169eb525c4a8059e1ce9e_jpg.rf.20a6c0a062758f0a24ff25c71780b1cd.jpg</path>
	<source>
		<database>roboflow.com</database>
	</source>
	<size>
		<width>416</width>
		<height>416</height>
		<depth>3</depth>
	</size>
	<segmented>0</segmented>
	<object>
		<name>Pistol</name>
		<pose>Unspecified</pose>
		<truncated>0</truncated>
		<difficult>0</difficult>
		<occluded>0</occluded>
		<bndbox>
			<xmin>87</xmin>
			<xmax>291</xmax>
			<ymin>236</ymin>
			<ymax>325</ymax>
		</bndbox>
	</object>
	<object>
		<name>Knife</name>
		<pose>Unspecified</pose>
		<truncated>0</truncated>
		<difficult>0</difficult>
		<occluded>0</occluded>
		<bndbox>
			<xmin>152</xmin>
			<xmax>232</xmax>
			<ymin>184</ymin>
			<ymax>240</ymax>
		</bndbox>
	</object>
	<object>
		<name>Gun</name>
		<pose>Unspecified</pose>
		<truncated>0</truncated>
		<difficult>0</difficult>
		<occluded>0</occluded>
		<bndbox>
			<xmin>9</xmin>
			<xmax>365</xmax>
			<ymin>8</ymin>
			<ymax>307</ymax>
		</bndbox>
	</object>
</annotation>
