<annotation>
	<folder></folder>
	<filename>11f0db65d699f524_jpg.rf.b1be998aa8a5e845db0d37d314a246c9.jpg</filename>
	<path>11f0db65d699f524_jpg.rf.b1be998aa8a5e845db0d37d314a246c9.jpg</path>
	<source>
		<database>roboflow.com</database>
	</source>
	<size>
		<width>416</width>
		<height>416</height>
		<depth>3</depth>
	</size>
	<segmented>0</segmented>
	<object>
		<name>Gun</name>
		<pose>Unspecified</pose>
		<truncated>0</truncated>
		<difficult>0</difficult>
		<occluded>0</occluded>
		<bndbox>
			<xmin>22</xmin>
			<xmax>390</xmax>
			<ymin>41</ymin>
			<ymax>397</ymax>
		</bndbox>
	</object>
	<object>
		<name>Knife</name>
		<pose>Unspecified</pose>
		<truncated>0</truncated>
		<difficult>0</difficult>
		<occluded>0</occluded>
		<bndbox>
			<xmin>166</xmin>
			<xmax>382</xmax>
			<ymin>21</ymin>
			<ymax>288</ymax>
		</bndbox>
	</object>
</annotation>
