<annotation>
	<folder></folder>
	<filename>11f64d4571c17cc2c7cb93e54186ee46_jpg.rf.d78a0f70f7870bb31d04973d81242186.jpg</filename>
	<path>11f64d4571c17cc2c7cb93e54186ee46_jpg.rf.d78a0f70f7870bb31d04973d81242186.jpg</path>
	<source>
		<database>roboflow.com</database>
	</source>
	<size>
		<width>1024</width>
		<height>1024</height>
		<depth>3</depth>
	</size>
	<segmented>0</segmented>
	<object>
		<name>Pistol</name>
		<pose>Unspecified</pose>
		<truncated>0</truncated>
		<difficult>0</difficult>
		<occluded>0</occluded>
		<bndbox>
			<xmin>230</xmin>
			<xmax>772</xmax>
			<ymin>101</ymin>
			<ymax>413</ymax>
		</bndbox>
	</object>
	<object>
		<name>Knife</name>
		<pose>Unspecified</pose>
		<truncated>0</truncated>
		<difficult>0</difficult>
		<occluded>0</occluded>
		<bndbox>
			<xmin>98</xmin>
			<xmax>222</xmax>
			<ymin>157</ymin>
			<ymax>759</ymax>
		</bndbox>
	</object>
	<object>
		<name>Grenade</name>
		<pose>Unspecified</pose>
		<truncated>0</truncated>
		<difficult>0</difficult>
		<occluded>0</occluded>
		<bndbox>
			<xmin>514</xmin>
			<xmax>734</xmax>
			<ymin>465</ymin>
			<ymax>735</ymax>
		</bndbox>
	</object>
</annotation>
