<annotation>
	<folder></folder>
	<filename>123214866dc75b6df728d2d3595afde0_jpg.rf.9e21b9c164c46064c72397a5e232497e.jpg</filename>
	<path>123214866dc75b6df728d2d3595afde0_jpg.rf.9e21b9c164c46064c72397a5e232497e.jpg</path>
	<source>
		<database>roboflow.com</database>
	</source>
	<size>
		<width>416</width>
		<height>416</height>
		<depth>3</depth>
	</size>
	<segmented>0</segmented>
	<object>
		<name>Pistol</name>
		<pose>Unspecified</pose>
		<truncated>0</truncated>
		<difficult>0</difficult>
		<occluded>0</occluded>
		<bndbox>
			<xmin>66</xmin>
			<xmax>154</xmax>
			<ymin>174</ymin>
			<ymax>380</ymax>
		</bndbox>
	</object>
	<object>
		<name>Knife</name>
		<pose>Unspecified</pose>
		<truncated>0</truncated>
		<difficult>0</difficult>
		<occluded>0</occluded>
		<bndbox>
			<xmin>330</xmin>
			<xmax>367</xmax>
			<ymin>52</ymin>
			<ymax>200</ymax>
		</bndbox>
	</object>
	<object>
		<name>Gun</name>
		<pose>Unspecified</pose>
		<truncated>0</truncated>
		<difficult>0</difficult>
		<occluded>0</occluded>
		<bndbox>
			<xmin>37</xmin>
			<xmax>392</xmax>
			<ymin>21</ymin>
			<ymax>388</ymax>
		</bndbox>
	</object>
</annotation>
