<annotation>
	<folder></folder>
	<filename>124989253-the-ww2-german-army-field-equipment-with-jacket-helmet-and-machine-gun_png_jpg.rf.4b77bf4785bb263dccda812a6d8bb560.jpg</filename>
	<path>124989253-the-ww2-german-army-field-equipment-with-jacket-helmet-and-machine-gun_png_jpg.rf.4b77bf4785bb263dccda812a6d8bb560.jpg</path>
	<source>
		<database>roboflow.com</database>
	</source>
	<size>
		<width>416</width>
		<height>416</height>
		<depth>3</depth>
	</size>
	<segmented>0</segmented>
	<object>
		<name>Gun</name>
		<pose>Unspecified</pose>
		<truncated>0</truncated>
		<difficult>0</difficult>
		<occluded>0</occluded>
		<bndbox>
			<xmin>1</xmin>
			<xmax>264</xmax>
			<ymin>1</ymin>
			<ymax>417</ymax>
		</bndbox>
	</object>
	<object>
		<name>Grenade</name>
		<pose>Unspecified</pose>
		<truncated>0</truncated>
		<difficult>0</difficult>
		<occluded>0</occluded>
		<bndbox>
			<xmin>266</xmin>
			<xmax>317</xmax>
			<ymin>1</ymin>
			<ymax>251</ymax>
		</bndbox>
	</object>
	<object>
		<name>Knife</name>
		<pose>Unspecified</pose>
		<truncated>0</truncated>
		<difficult>0</difficult>
		<occluded>0</occluded>
		<bndbox>
			<xmin>111</xmin>
			<xmax>359</xmax>
			<ymin>236</ymin>
			<ymax>417</ymax>
		</bndbox>
	</object>
</annotation>
