<annotation>
	<folder></folder>
	<filename>129_jpeg_jpg.rf.e8c90e6d4540f8ec55bfee47bb9c4449.jpg</filename>
	<path>129_jpeg_jpg.rf.e8c90e6d4540f8ec55bfee47bb9c4449.jpg</path>
	<source>
		<database>roboflow.com</database>
	</source>
	<size>
		<width>416</width>
		<height>416</height>
		<depth>3</depth>
	</size>
	<segmented>0</segmented>
	<object>
		<name>Gun</name>
		<pose>Unspecified</pose>
		<truncated>0</truncated>
		<difficult>0</difficult>
		<occluded>0</occluded>
		<bndbox>
			<xmin>114</xmin>
			<xmax>340</xmax>
			<ymin>56</ymin>
			<ymax>240</ymax>
		</bndbox>
	</object>
</annotation>
