<annotation>
	<folder></folder>
	<filename>12_jpg.rf.b234332f22f0e5a613123cc4789a4263.jpg</filename>
	<path>12_jpg.rf.b234332f22f0e5a613123cc4789a4263.jpg</path>
	<source>
		<database>roboflow.com</database>
	</source>
	<size>
		<width>1200</width>
		<height>628</height>
		<depth>3</depth>
	</size>
	<segmented>0</segmented>
	<object>
		<name>Gun</name>
		<pose>Unspecified</pose>
		<truncated>0</truncated>
		<difficult>0</difficult>
		<occluded>0</occluded>
		<bndbox>
			<xmin>463</xmin>
			<xmax>625</xmax>
			<ymin>250</ymin>
			<ymax>485</ymax>
		</bndbox>
	</object>
</annotation>
