<annotation>
	<folder></folder>
	<filename>12_jpeg_jpg.rf.da13f2c6ad9f4843bf5cf20125c433dd.jpg</filename>
	<path>12_jpeg_jpg.rf.da13f2c6ad9f4843bf5cf20125c433dd.jpg</path>
	<source>
		<database>roboflow.com</database>
	</source>
	<size>
		<width>416</width>
		<height>416</height>
		<depth>3</depth>
	</size>
	<segmented>0</segmented>
	<object>
		<name>Gun</name>
		<pose>Unspecified</pose>
		<truncated>0</truncated>
		<difficult>0</difficult>
		<occluded>0</occluded>
		<bndbox>
			<xmin>32</xmin>
			<xmax>417</xmax>
			<ymin>61</ymin>
			<ymax>252</ymax>
		</bndbox>
	</object>
	<object>
		<name>Pistol</name>
		<pose>Unspecified</pose>
		<truncated>0</truncated>
		<difficult>0</difficult>
		<occluded>0</occluded>
		<bndbox>
			<xmin>17</xmin>
			<xmax>120</xmax>
			<ymin>210</ymin>
			<ymax>316</ymax>
		</bndbox>
	</object>
	<object>
		<name>Pistol</name>
		<pose>Unspecified</pose>
		<truncated>0</truncated>
		<difficult>0</difficult>
		<occluded>0</occluded>
		<bndbox>
			<xmin>227</xmin>
			<xmax>334</xmax>
			<ymin>224</ymin>
			<ymax>345</ymax>
		</bndbox>
	</object>
	<object>
		<name>Knife</name>
		<pose>Unspecified</pose>
		<truncated>0</truncated>
		<difficult>0</difficult>
		<occluded>0</occluded>
		<bndbox>
			<xmin>106</xmin>
			<xmax>177</xmax>
			<ymin>201</ymin>
			<ymax>287</ymax>
		</bndbox>
	</object>
</annotation>
