<annotation>
	<folder></folder>
	<filename>136_jpeg_jpg.rf.b1d6994c3484612567183f2a03db9d63.jpg</filename>
	<path>136_jpeg_jpg.rf.b1d6994c3484612567183f2a03db9d63.jpg</path>
	<source>
		<database>roboflow.com</database>
	</source>
	<size>
		<width>416</width>
		<height>416</height>
		<depth>3</depth>
	</size>
	<segmented>0</segmented>
	<object>
		<name>Gun</name>
		<pose>Unspecified</pose>
		<truncated>0</truncated>
		<difficult>0</difficult>
		<occluded>0</occluded>
		<bndbox>
			<xmin>80</xmin>
			<xmax>316</xmax>
			<ymin>179</ymin>
			<ymax>350</ymax>
		</bndbox>
	</object>
</annotation>
