<annotation>
	<folder></folder>
	<filename>141_jpeg_jpg.rf.0dcf4c046c1fe4d850459a794a6aa869.jpg</filename>
	<path>141_jpeg_jpg.rf.0dcf4c046c1fe4d850459a794a6aa869.jpg</path>
	<source>
		<database>roboflow.com</database>
	</source>
	<size>
		<width>416</width>
		<height>416</height>
		<depth>3</depth>
	</size>
	<segmented>0</segmented>
	<object>
		<name>Gun</name>
		<pose>Unspecified</pose>
		<truncated>0</truncated>
		<difficult>0</difficult>
		<occluded>0</occluded>
		<bndbox>
			<xmin>144</xmin>
			<xmax>362</xmax>
			<ymin>131</ymin>
			<ymax>183</ymax>
		</bndbox>
	</object>
</annotation>
