<annotation>
	<folder></folder>
	<filename>1440689b2b42c81cb6721ce8790f6640_jpg.rf.32dad1087829c867c2240f46385c462a.jpg</filename>
	<path>1440689b2b42c81cb6721ce8790f6640_jpg.rf.32dad1087829c867c2240f46385c462a.jpg</path>
	<source>
		<database>roboflow.com</database>
	</source>
	<size>
		<width>416</width>
		<height>416</height>
		<depth>3</depth>
	</size>
	<segmented>0</segmented>
	<object>
		<name>Gun</name>
		<pose>Unspecified</pose>
		<truncated>0</truncated>
		<difficult>0</difficult>
		<occluded>0</occluded>
		<bndbox>
			<xmin>270</xmin>
			<xmax>346</xmax>
			<ymin>144</ymin>
			<ymax>297</ymax>
		</bndbox>
	</object>
	<object>
		<name>Pistol</name>
		<pose>Unspecified</pose>
		<truncated>0</truncated>
		<difficult>0</difficult>
		<occluded>0</occluded>
		<bndbox>
			<xmin>343</xmin>
			<xmax>399</xmax>
			<ymin>325</ymin>
			<ymax>371</ymax>
		</bndbox>
	</object>
	<object>
		<name>Grenade</name>
		<pose>Unspecified</pose>
		<truncated>0</truncated>
		<difficult>0</difficult>
		<occluded>0</occluded>
		<bndbox>
			<xmin>387</xmin>
			<xmax>411</xmax>
			<ymin>345</ymin>
			<ymax>392</ymax>
		</bndbox>
	</object>
</annotation>
