<annotation>
	<folder></folder>
	<filename>144_jpeg_jpg.rf.5bd818ed557ce8db67eda25c82a5cff2.jpg</filename>
	<path>144_jpeg_jpg.rf.5bd818ed557ce8db67eda25c82a5cff2.jpg</path>
	<source>
		<database>roboflow.com</database>
	</source>
	<size>
		<width>416</width>
		<height>416</height>
		<depth>3</depth>
	</size>
	<segmented>0</segmented>
	<object>
		<name>Gun</name>
		<pose>Unspecified</pose>
		<truncated>0</truncated>
		<difficult>0</difficult>
		<occluded>0</occluded>
		<bndbox>
			<xmin>36</xmin>
			<xmax>269</xmax>
			<ymin>105</ymin>
			<ymax>224</ymax>
		</bndbox>
	</object>
</annotation>
