<annotation>
	<folder></folder>
	<filename>148_jpeg_jpg.rf.f85cd6d438c7b52f4ce525a2fa83078b.jpg</filename>
	<path>148_jpeg_jpg.rf.f85cd6d438c7b52f4ce525a2fa83078b.jpg</path>
	<source>
		<database>roboflow.com</database>
	</source>
	<size>
		<width>416</width>
		<height>416</height>
		<depth>3</depth>
	</size>
	<segmented>0</segmented>
	<object>
		<name>Gun</name>
		<pose>Unspecified</pose>
		<truncated>0</truncated>
		<difficult>0</difficult>
		<occluded>0</occluded>
		<bndbox>
			<xmin>79</xmin>
			<xmax>310</xmax>
			<ymin>119</ymin>
			<ymax>319</ymax>
		</bndbox>
	</object>
</annotation>
