<annotation>
	<folder></folder>
	<filename>14_jpeg_jpg.rf.69a7bd83c7752faf024edb7ba11b4b04.jpg</filename>
	<path>14_jpeg_jpg.rf.69a7bd83c7752faf024edb7ba11b4b04.jpg</path>
	<source>
		<database>roboflow.com</database>
	</source>
	<size>
		<width>416</width>
		<height>416</height>
		<depth>3</depth>
	</size>
	<segmented>0</segmented>
	<object>
		<name>Pistol</name>
		<pose>Unspecified</pose>
		<truncated>0</truncated>
		<difficult>0</difficult>
		<occluded>0</occluded>
		<bndbox>
			<xmin>70</xmin>
			<xmax>98</xmax>
			<ymin>246</ymin>
			<ymax>317</ymax>
		</bndbox>
	</object>
	<object>
		<name>Gun</name>
		<pose>Unspecified</pose>
		<truncated>0</truncated>
		<difficult>0</difficult>
		<occluded>0</occluded>
		<bndbox>
			<xmin>117</xmin>
			<xmax>314</xmax>
			<ymin>133</ymin>
			<ymax>220</ymax>
		</bndbox>
	</object>
</annotation>
