<annotation>
	<folder></folder>
	<filename>150528061915-philippines-us-grenade-knife_jpg.rf.6e882e19f220fa246b369411ebaa39d8.jpg</filename>
	<path>150528061915-philippines-us-grenade-knife_jpg.rf.6e882e19f220fa246b369411ebaa39d8.jpg</path>
	<source>
		<database>roboflow.com</database>
	</source>
	<size>
		<width>480</width>
		<height>270</height>
		<depth>3</depth>
	</size>
	<segmented>0</segmented>
	<object>
		<name>Knife</name>
		<pose>Unspecified</pose>
		<truncated>0</truncated>
		<difficult>0</difficult>
		<occluded>0</occluded>
		<bndbox>
			<xmin>191</xmin>
			<xmax>296</xmax>
			<ymin>84</ymin>
			<ymax>256</ymax>
		</bndbox>
	</object>
	<object>
		<name>Grenade</name>
		<pose>Unspecified</pose>
		<truncated>0</truncated>
		<difficult>0</difficult>
		<occluded>0</occluded>
		<bndbox>
			<xmin>300</xmin>
			<xmax>381</xmax>
			<ymin>44</ymin>
			<ymax>198</ymax>
		</bndbox>
	</object>
</annotation>
