<annotation>
	<folder></folder>
	<filename>150528061915-philippines-us-grenade-knife_jpg.rf.ab600b48c211afb6ff4d0415fd0a0792.jpg</filename>
	<path>150528061915-philippines-us-grenade-knife_jpg.rf.ab600b48c211afb6ff4d0415fd0a0792.jpg</path>
	<source>
		<database>roboflow.com</database>
	</source>
	<size>
		<width>416</width>
		<height>416</height>
		<depth>3</depth>
	</size>
	<segmented>0</segmented>
	<object>
		<name>Knife</name>
		<pose>Unspecified</pose>
		<truncated>0</truncated>
		<difficult>0</difficult>
		<occluded>0</occluded>
		<bndbox>
			<xmin>165</xmin>
			<xmax>257</xmax>
			<ymin>129</ymin>
			<ymax>394</ymax>
		</bndbox>
	</object>
	<object>
		<name>Grenade</name>
		<pose>Unspecified</pose>
		<truncated>0</truncated>
		<difficult>0</difficult>
		<occluded>0</occluded>
		<bndbox>
			<xmin>261</xmin>
			<xmax>331</xmax>
			<ymin>68</ymin>
			<ymax>305</ymax>
		</bndbox>
	</object>
</annotation>
