<annotation>
	<folder></folder>
	<filename>150813c7-krechet-m-knife-and-grenade-a-real-mans-set-photo-173_jpg.rf.8d2bb8ba7cf744acd6dfa35492c5ae53.jpg</filename>
	<path>150813c7-krechet-m-knife-and-grenade-a-real-mans-set-photo-173_jpg.rf.8d2bb8ba7cf744acd6dfa35492c5ae53.jpg</path>
	<source>
		<database>roboflow.com</database>
	</source>
	<size>
		<width>840</width>
		<height>540</height>
		<depth>3</depth>
	</size>
	<segmented>0</segmented>
	<object>
		<name>Pistol</name>
		<pose>Unspecified</pose>
		<truncated>0</truncated>
		<difficult>0</difficult>
		<occluded>0</occluded>
		<bndbox>
			<xmin>124</xmin>
			<xmax>402</xmax>
			<ymin>94</ymin>
			<ymax>432</ymax>
		</bndbox>
	</object>
	<object>
		<name>Grenade</name>
		<pose>Unspecified</pose>
		<truncated>0</truncated>
		<difficult>0</difficult>
		<occluded>0</occluded>
		<bndbox>
			<xmin>537</xmin>
			<xmax>689</xmax>
			<ymin>207</ymin>
			<ymax>392</ymax>
		</bndbox>
	</object>
</annotation>
