<annotation>
	<folder></folder>
	<filename>150813c7-krechet-m-knife-and-grenade-a-real-mans-set-photo-173_jpg.rf.324ca9453963082811aa912cb88a6999.jpg</filename>
	<path>150813c7-krechet-m-knife-and-grenade-a-real-mans-set-photo-173_jpg.rf.324ca9453963082811aa912cb88a6999.jpg</path>
	<source>
		<database>roboflow.com</database>
	</source>
	<size>
		<width>416</width>
		<height>416</height>
		<depth>3</depth>
	</size>
	<segmented>0</segmented>
	<object>
		<name>Grenade</name>
		<pose>Unspecified</pose>
		<truncated>0</truncated>
		<difficult>0</difficult>
		<occluded>0</occluded>
		<bndbox>
			<xmin>248</xmin>
			<xmax>398</xmax>
			<ymin>167</ymin>
			<ymax>349</ymax>
		</bndbox>
	</object>
	<object>
		<name>Knife</name>
		<pose>Unspecified</pose>
		<truncated>0</truncated>
		<difficult>0</difficult>
		<occluded>0</occluded>
		<bndbox>
			<xmin>45</xmin>
			<xmax>274</xmax>
			<ymin>13</ymin>
			<ymax>409</ymax>
		</bndbox>
	</object>
</annotation>
