<annotation>
	<folder></folder>
	<filename>155_jpeg_jpg.rf.fa4e90b4a55b1acc1e28f64fc784ee31.jpg</filename>
	<path>155_jpeg_jpg.rf.fa4e90b4a55b1acc1e28f64fc784ee31.jpg</path>
	<source>
		<database>roboflow.com</database>
	</source>
	<size>
		<width>416</width>
		<height>416</height>
		<depth>3</depth>
	</size>
	<segmented>0</segmented>
	<object>
		<name>Gun</name>
		<pose>Unspecified</pose>
		<truncated>0</truncated>
		<difficult>0</difficult>
		<occluded>0</occluded>
		<bndbox>
			<xmin>27</xmin>
			<xmax>271</xmax>
			<ymin>117</ymin>
			<ymax>257</ymax>
		</bndbox>
	</object>
</annotation>
