<annotation>
	<folder></folder>
	<filename>158590046_combat-force-military-set-camo-machine-gun-pistol-knife-_jpg.rf.f1b6cb83f7396f98cf315c1d2aa6fc7d.jpg</filename>
	<path>158590046_combat-force-military-set-camo-machine-gun-pistol-knife-_jpg.rf.f1b6cb83f7396f98cf315c1d2aa6fc7d.jpg</path>
	<source>
		<database>roboflow.com</database>
	</source>
	<size>
		<width>416</width>
		<height>416</height>
		<depth>3</depth>
	</size>
	<segmented>0</segmented>
	<object>
		<name>Gun</name>
		<pose>Unspecified</pose>
		<truncated>0</truncated>
		<difficult>0</difficult>
		<occluded>0</occluded>
		<bndbox>
			<xmin>1</xmin>
			<xmax>413</xmax>
			<ymin>96</ymin>
			<ymax>237</ymax>
		</bndbox>
	</object>
	<object>
		<name>Grenade</name>
		<pose>Unspecified</pose>
		<truncated>0</truncated>
		<difficult>0</difficult>
		<occluded>0</occluded>
		<bndbox>
			<xmin>309</xmin>
			<xmax>368</xmax>
			<ymin>210</ymin>
			<ymax>294</ymax>
		</bndbox>
	</object>
	<object>
		<name>Knife</name>
		<pose>Unspecified</pose>
		<truncated>0</truncated>
		<difficult>0</difficult>
		<occluded>0</occluded>
		<bndbox>
			<xmin>192</xmin>
			<xmax>258</xmax>
			<ymin>180</ymin>
			<ymax>371</ymax>
		</bndbox>
	</object>
</annotation>
