<annotation>
	<folder></folder>
	<filename>160613-ar15-getty-1160_jpg.rf.9a165c34f2e3e4a9bb663d66792606ab.jpg</filename>
	<path>160613-ar15-getty-1160_jpg.rf.9a165c34f2e3e4a9bb663d66792606ab.jpg</path>
	<source>
		<database>roboflow.com</database>
	</source>
	<size>
		<width>416</width>
		<height>416</height>
		<depth>3</depth>
	</size>
	<segmented>0</segmented>
	<object>
		<name>Gun</name>
		<pose>Unspecified</pose>
		<truncated>0</truncated>
		<difficult>0</difficult>
		<occluded>0</occluded>
		<bndbox>
			<xmin>4</xmin>
			<xmax>410</xmax>
			<ymin>25</ymin>
			<ymax>401</ymax>
		</bndbox>
	</object>
	<object>
		<name>Pistol</name>
		<pose>Unspecified</pose>
		<truncated>0</truncated>
		<difficult>0</difficult>
		<occluded>0</occluded>
		<bndbox>
			<xmin>196</xmin>
			<xmax>295</xmax>
			<ymin>241</ymin>
			<ymax>409</ymax>
		</bndbox>
	</object>
	<object>
		<name>Pistol</name>
		<pose>Unspecified</pose>
		<truncated>0</truncated>
		<difficult>0</difficult>
		<occluded>0</occluded>
		<bndbox>
			<xmin>310</xmin>
			<xmax>389</xmax>
			<ymin>145</ymin>
			<ymax>262</ymax>
		</bndbox>
	</object>
</annotation>
