<annotation>
	<folder></folder>
	<filename>162_jpeg_jpg.rf.2287a3975ec119d10b95fe3c2e12d164.jpg</filename>
	<path>162_jpeg_jpg.rf.2287a3975ec119d10b95fe3c2e12d164.jpg</path>
	<source>
		<database>roboflow.com</database>
	</source>
	<size>
		<width>416</width>
		<height>416</height>
		<depth>3</depth>
	</size>
	<segmented>0</segmented>
	<object>
		<name>Gun</name>
		<pose>Unspecified</pose>
		<truncated>0</truncated>
		<difficult>0</difficult>
		<occluded>0</occluded>
		<bndbox>
			<xmin>209</xmin>
			<xmax>417</xmax>
			<ymin>133</ymin>
			<ymax>231</ymax>
		</bndbox>
	</object>
	<object>
		<name>Gun</name>
		<pose>Unspecified</pose>
		<truncated>0</truncated>
		<difficult>0</difficult>
		<occluded>0</occluded>
		<bndbox>
			<xmin>101</xmin>
			<xmax>291</xmax>
			<ymin>80</ymin>
			<ymax>168</ymax>
		</bndbox>
	</object>
</annotation>
