<annotation>
	<folder></folder>
	<filename>167_jpeg_jpg.rf.647f2b3b4c62847fe44b25c135fd1c46.jpg</filename>
	<path>167_jpeg_jpg.rf.647f2b3b4c62847fe44b25c135fd1c46.jpg</path>
	<source>
		<database>roboflow.com</database>
	</source>
	<size>
		<width>416</width>
		<height>416</height>
		<depth>3</depth>
	</size>
	<segmented>0</segmented>
	<object>
		<name>Gun</name>
		<pose>Unspecified</pose>
		<truncated>0</truncated>
		<difficult>0</difficult>
		<occluded>0</occluded>
		<bndbox>
			<xmin>136</xmin>
			<xmax>401</xmax>
			<ymin>237</ymin>
			<ymax>374</ymax>
		</bndbox>
	</object>
</annotation>
