<annotation>
	<folder></folder>
	<filename>16_jpeg_jpg.rf.60ad911515553cdc5b822c9921ded912.jpg</filename>
	<path>16_jpeg_jpg.rf.60ad911515553cdc5b822c9921ded912.jpg</path>
	<source>
		<database>roboflow.com</database>
	</source>
	<size>
		<width>416</width>
		<height>416</height>
		<depth>3</depth>
	</size>
	<segmented>0</segmented>
	<object>
		<name>Gun</name>
		<pose>Unspecified</pose>
		<truncated>0</truncated>
		<difficult>0</difficult>
		<occluded>0</occluded>
		<bndbox>
			<xmin>101</xmin>
			<xmax>163</xmax>
			<ymin>82</ymin>
			<ymax>417</ymax>
		</bndbox>
	</object>
</annotation>
