<annotation>
	<folder></folder>
	<filename>170_jpeg_jpg.rf.81e7c8168eafa8506e23c4544e7175f8.jpg</filename>
	<path>170_jpeg_jpg.rf.81e7c8168eafa8506e23c4544e7175f8.jpg</path>
	<source>
		<database>roboflow.com</database>
	</source>
	<size>
		<width>275</width>
		<height>183</height>
		<depth>3</depth>
	</size>
	<segmented>0</segmented>
	<object>
		<name>Gun</name>
		<pose>Unspecified</pose>
		<truncated>0</truncated>
		<difficult>0</difficult>
		<occluded>0</occluded>
		<bndbox>
			<xmin>93</xmin>
			<xmax>267</xmax>
			<ymin>44</ymin>
			<ymax>115</ymax>
		</bndbox>
	</object>
</annotation>
