<annotation>
	<folder></folder>
	<filename>170_jpeg_jpg.rf.833f1a2777771ad84945d3b8e74f2595.jpg</filename>
	<path>170_jpeg_jpg.rf.833f1a2777771ad84945d3b8e74f2595.jpg</path>
	<source>
		<database>roboflow.com</database>
	</source>
	<size>
		<width>416</width>
		<height>416</height>
		<depth>3</depth>
	</size>
	<segmented>0</segmented>
	<object>
		<name>Gun</name>
		<pose>Unspecified</pose>
		<truncated>0</truncated>
		<difficult>0</difficult>
		<occluded>0</occluded>
		<bndbox>
			<xmin>141</xmin>
			<xmax>404</xmax>
			<ymin>99</ymin>
			<ymax>238</ymax>
		</bndbox>
	</object>
</annotation>
