<annotation>
	<folder></folder>
	<filename>171_jpeg_jpg.rf.98659d3e78b885759aac0b5b6eea6fc6.jpg</filename>
	<path>171_jpeg_jpg.rf.98659d3e78b885759aac0b5b6eea6fc6.jpg</path>
	<source>
		<database>roboflow.com</database>
	</source>
	<size>
		<width>416</width>
		<height>416</height>
		<depth>3</depth>
	</size>
	<segmented>0</segmented>
	<object>
		<name>Gun</name>
		<pose>Unspecified</pose>
		<truncated>0</truncated>
		<difficult>0</difficult>
		<occluded>0</occluded>
		<bndbox>
			<xmin>193</xmin>
			<xmax>409</xmax>
			<ymin>109</ymin>
			<ymax>212</ymax>
		</bndbox>
	</object>
</annotation>
