<annotation>
	<folder></folder>
	<filename>174611_1_800_jpg.rf.7b6e939fd02d2beb7130af967b6a8bf6.jpg</filename>
	<path>174611_1_800_jpg.rf.7b6e939fd02d2beb7130af967b6a8bf6.jpg</path>
	<source>
		<database>roboflow.com</database>
	</source>
	<size>
		<width>416</width>
		<height>416</height>
		<depth>3</depth>
	</size>
	<segmented>0</segmented>
	<object>
		<name>Grenade</name>
		<pose>Unspecified</pose>
		<truncated>0</truncated>
		<difficult>0</difficult>
		<occluded>0</occluded>
		<bndbox>
			<xmin>132</xmin>
			<xmax>209</xmax>
			<ymin>175</ymin>
			<ymax>296</ymax>
		</bndbox>
	</object>
	<object>
		<name>Knife</name>
		<pose>Unspecified</pose>
		<truncated>0</truncated>
		<difficult>0</difficult>
		<occluded>0</occluded>
		<bndbox>
			<xmin>297</xmin>
			<xmax>355</xmax>
			<ymin>25</ymin>
			<ymax>174</ymax>
		</bndbox>
	</object>
	<object>
		<name>Pistol</name>
		<pose>Unspecified</pose>
		<truncated>0</truncated>
		<difficult>0</difficult>
		<occluded>0</occluded>
		<bndbox>
			<xmin>59</xmin>
			<xmax>230</xmax>
			<ymin>44</ymin>
			<ymax>133</ymax>
		</bndbox>
	</object>
</annotation>
