<annotation>
	<folder></folder>
	<filename>177_jpeg_jpg.rf.c4c4ca0bde3a27546a711658e7b73698.jpg</filename>
	<path>177_jpeg_jpg.rf.c4c4ca0bde3a27546a711658e7b73698.jpg</path>
	<source>
		<database>roboflow.com</database>
	</source>
	<size>
		<width>327</width>
		<height>154</height>
		<depth>3</depth>
	</size>
	<segmented>0</segmented>
	<object>
		<name>Gun</name>
		<pose>Unspecified</pose>
		<truncated>0</truncated>
		<difficult>0</difficult>
		<occluded>0</occluded>
		<bndbox>
			<xmin>37</xmin>
			<xmax>214</xmax>
			<ymin>42</ymin>
			<ymax>110</ymax>
		</bndbox>
	</object>
</annotation>
