<annotation>
	<folder></folder>
	<filename>178_jpeg_jpg.rf.db999989f35a402a8c058071bb2ce8ce.jpg</filename>
	<path>178_jpeg_jpg.rf.db999989f35a402a8c058071bb2ce8ce.jpg</path>
	<source>
		<database>roboflow.com</database>
	</source>
	<size>
		<width>275</width>
		<height>183</height>
		<depth>3</depth>
	</size>
	<segmented>0</segmented>
	<object>
		<name>Gun</name>
		<pose>Unspecified</pose>
		<truncated>0</truncated>
		<difficult>0</difficult>
		<occluded>0</occluded>
		<bndbox>
			<xmin>79</xmin>
			<xmax>250</xmax>
			<ymin>42</ymin>
			<ymax>103</ymax>
		</bndbox>
	</object>
</annotation>
