<annotation>
	<folder></folder>
	<filename>17_jpg.rf.c9fbe87d4c547258dc427600145402a3.jpg</filename>
	<path>17_jpg.rf.c9fbe87d4c547258dc427600145402a3.jpg</path>
	<source>
		<database>roboflow.com</database>
	</source>
	<size>
		<width>416</width>
		<height>416</height>
		<depth>3</depth>
	</size>
	<segmented>0</segmented>
	<object>
		<name>Gun</name>
		<pose>Unspecified</pose>
		<truncated>0</truncated>
		<difficult>0</difficult>
		<occluded>0</occluded>
		<bndbox>
			<xmin>33</xmin>
			<xmax>115</xmax>
			<ymin>205</ymin>
			<ymax>417</ymax>
		</bndbox>
	</object>
</annotation>
