<annotation>
	<folder></folder>
	<filename>180_jpeg_jpg.rf.9f4ef26c935fb10e12e5de84c105dfa9.jpg</filename>
	<path>180_jpeg_jpg.rf.9f4ef26c935fb10e12e5de84c105dfa9.jpg</path>
	<source>
		<database>roboflow.com</database>
	</source>
	<size>
		<width>301</width>
		<height>167</height>
		<depth>3</depth>
	</size>
	<segmented>0</segmented>
	<object>
		<name>Gun</name>
		<pose>Unspecified</pose>
		<truncated>0</truncated>
		<difficult>0</difficult>
		<occluded>0</occluded>
		<bndbox>
			<xmin>30</xmin>
			<xmax>289</xmax>
			<ymin>106</ymin>
			<ymax>168</ymax>
		</bndbox>
	</object>
	<object>
		<name>Gun</name>
		<pose>Unspecified</pose>
		<truncated>0</truncated>
		<difficult>0</difficult>
		<occluded>0</occluded>
		<bndbox>
			<xmin>47</xmin>
			<xmax>272</xmax>
			<ymin>3</ymin>
			<ymax>47</ymax>
		</bndbox>
	</object>
	<object>
		<name>Gun</name>
		<pose>Unspecified</pose>
		<truncated>0</truncated>
		<difficult>0</difficult>
		<occluded>0</occluded>
		<bndbox>
			<xmin>34</xmin>
			<xmax>273</xmax>
			<ymin>49</ymin>
			<ymax>103</ymax>
		</bndbox>
	</object>
</annotation>
