<annotation>
	<folder></folder>
	<filename>181_jpeg_jpg.rf.88d99b3e2ccfc32870013b893ef74209.jpg</filename>
	<path>181_jpeg_jpg.rf.88d99b3e2ccfc32870013b893ef74209.jpg</path>
	<source>
		<database>roboflow.com</database>
	</source>
	<size>
		<width>416</width>
		<height>416</height>
		<depth>3</depth>
	</size>
	<segmented>0</segmented>
	<object>
		<name>Gun</name>
		<pose>Unspecified</pose>
		<truncated>0</truncated>
		<difficult>0</difficult>
		<occluded>0</occluded>
		<bndbox>
			<xmin>162</xmin>
			<xmax>363</xmax>
			<ymin>125</ymin>
			<ymax>217</ymax>
		</bndbox>
	</object>
</annotation>
