<annotation>
	<folder></folder>
	<filename>181_jpeg_jpg.rf.e6ebbc71d8c2e3756b5be2bef1b17f7d.jpg</filename>
	<path>181_jpeg_jpg.rf.e6ebbc71d8c2e3756b5be2bef1b17f7d.jpg</path>
	<source>
		<database>roboflow.com</database>
	</source>
	<size>
		<width>253</width>
		<height>199</height>
		<depth>3</depth>
	</size>
	<segmented>0</segmented>
	<object>
		<name>Gun</name>
		<pose>Unspecified</pose>
		<truncated>0</truncated>
		<difficult>0</difficult>
		<occluded>0</occluded>
		<bndbox>
			<xmin>91</xmin>
			<xmax>227</xmax>
			<ymin>60</ymin>
			<ymax>108</ymax>
		</bndbox>
	</object>
</annotation>
