<annotation>
	<folder></folder>
	<filename>185_jpeg_jpg.rf.a79889079e7eede5baa0866f034ffa6c.jpg</filename>
	<path>185_jpeg_jpg.rf.a79889079e7eede5baa0866f034ffa6c.jpg</path>
	<source>
		<database>roboflow.com</database>
	</source>
	<size>
		<width>222</width>
		<height>227</height>
		<depth>3</depth>
	</size>
	<segmented>0</segmented>
	<object>
		<name>Gun</name>
		<pose>Unspecified</pose>
		<truncated>0</truncated>
		<difficult>0</difficult>
		<occluded>0</occluded>
		<bndbox>
			<xmin>106</xmin>
			<xmax>191</xmax>
			<ymin>87</ymin>
			<ymax>205</ymax>
		</bndbox>
	</object>
	<object>
		<name>Gun</name>
		<pose>Unspecified</pose>
		<truncated>0</truncated>
		<difficult>0</difficult>
		<occluded>0</occluded>
		<bndbox>
			<xmin>44</xmin>
			<xmax>74</xmax>
			<ymin>89</ymin>
			<ymax>213</ymax>
		</bndbox>
	</object>
</annotation>
