<annotation>
	<folder></folder>
	<filename>18bb2d4edec92df0b5a33b0dda196b3e_jpg.rf.45e69654dece81a00654ec6eda0c19bb.jpg</filename>
	<path>18bb2d4edec92df0b5a33b0dda196b3e_jpg.rf.45e69654dece81a00654ec6eda0c19bb.jpg</path>
	<source>
		<database>roboflow.com</database>
	</source>
	<size>
		<width>416</width>
		<height>416</height>
		<depth>3</depth>
	</size>
	<segmented>0</segmented>
	<object>
		<name>Knife</name>
		<pose>Unspecified</pose>
		<truncated>0</truncated>
		<difficult>0</difficult>
		<occluded>0</occluded>
		<bndbox>
			<xmin>338</xmin>
			<xmax>369</xmax>
			<ymin>226</ymin>
			<ymax>313</ymax>
		</bndbox>
	</object>
	<object>
		<name>Pistol</name>
		<pose>Unspecified</pose>
		<truncated>0</truncated>
		<difficult>0</difficult>
		<occluded>0</occluded>
		<bndbox>
			<xmin>265</xmin>
			<xmax>365</xmax>
			<ymin>80</ymin>
			<ymax>154</ymax>
		</bndbox>
	</object>
	<object>
		<name>Gun</name>
		<pose>Unspecified</pose>
		<truncated>0</truncated>
		<difficult>0</difficult>
		<occluded>0</occluded>
		<bndbox>
			<xmin>69</xmin>
			<xmax>372</xmax>
			<ymin>3</ymin>
			<ymax>139</ymax>
		</bndbox>
	</object>
</annotation>
