<annotation>
	<folder></folder>
	<filename>18d6f077039960fb81e9d4e92ece909c_jpg.rf.75e9f5f31b48dccc675b033604d75221.jpg</filename>
	<path>18d6f077039960fb81e9d4e92ece909c_jpg.rf.75e9f5f31b48dccc675b033604d75221.jpg</path>
	<source>
		<database>roboflow.com</database>
	</source>
	<size>
		<width>416</width>
		<height>416</height>
		<depth>3</depth>
	</size>
	<segmented>0</segmented>
	<object>
		<name>Gun</name>
		<pose>Unspecified</pose>
		<truncated>0</truncated>
		<difficult>0</difficult>
		<occluded>0</occluded>
		<bndbox>
			<xmin>52</xmin>
			<xmax>195</xmax>
			<ymin>300</ymin>
			<ymax>334</ymax>
		</bndbox>
	</object>
	<object>
		<name>Gun</name>
		<pose>Unspecified</pose>
		<truncated>0</truncated>
		<difficult>0</difficult>
		<occluded>0</occluded>
		<bndbox>
			<xmin>267</xmin>
			<xmax>368</xmax>
			<ymin>323</ymin>
			<ymax>349</ymax>
		</bndbox>
	</object>
	<object>
		<name>Grenade</name>
		<pose>Unspecified</pose>
		<truncated>0</truncated>
		<difficult>0</difficult>
		<occluded>0</occluded>
		<bndbox>
			<xmin>237</xmin>
			<xmax>255</xmax>
			<ymin>300</ymin>
			<ymax>321</ymax>
		</bndbox>
	</object>
	<object>
		<name>Grenade</name>
		<pose>Unspecified</pose>
		<truncated>0</truncated>
		<difficult>0</difficult>
		<occluded>0</occluded>
		<bndbox>
			<xmin>301</xmin>
			<xmax>317</xmax>
			<ymin>300</ymin>
			<ymax>319</ymax>
		</bndbox>
	</object>
</annotation>
