<annotation>
	<folder></folder>
	<filename>1907736_FG_weapons_RL_004_jpg.rf.f61a8e5954faac1aee797fb63b778c50.jpg</filename>
	<path>1907736_FG_weapons_RL_004_jpg.rf.f61a8e5954faac1aee797fb63b778c50.jpg</path>
	<source>
		<database>roboflow.com</database>
	</source>
	<size>
		<width>416</width>
		<height>416</height>
		<depth>3</depth>
	</size>
	<segmented>0</segmented>
	<object>
		<name>Grenade</name>
		<pose>Unspecified</pose>
		<truncated>0</truncated>
		<difficult>0</difficult>
		<occluded>0</occluded>
		<bndbox>
			<xmin>343</xmin>
			<xmax>377</xmax>
			<ymin>256</ymin>
			<ymax>324</ymax>
		</bndbox>
	</object>
	<object>
		<name>Grenade</name>
		<pose>Unspecified</pose>
		<truncated>0</truncated>
		<difficult>0</difficult>
		<occluded>0</occluded>
		<bndbox>
			<xmin>299</xmin>
			<xmax>336</xmax>
			<ymin>248</ymin>
			<ymax>325</ymax>
		</bndbox>
	</object>
	<object>
		<name>Gun</name>
		<pose>Unspecified</pose>
		<truncated>0</truncated>
		<difficult>0</difficult>
		<occluded>0</occluded>
		<bndbox>
			<xmin>20</xmin>
			<xmax>355</xmax>
			<ymin>100</ymin>
			<ymax>283</ymax>
		</bndbox>
	</object>
</annotation>
