<annotation>
	<folder></folder>
	<filename>192c550f8d05cc9f147b45953b5467ea_jpg.rf.20cd93bbf52d6ec3abba5ef834aef076.jpg</filename>
	<path>192c550f8d05cc9f147b45953b5467ea_jpg.rf.20cd93bbf52d6ec3abba5ef834aef076.jpg</path>
	<source>
		<database>roboflow.com</database>
	</source>
	<size>
		<width>416</width>
		<height>416</height>
		<depth>3</depth>
	</size>
	<segmented>0</segmented>
	<object>
		<name>Gun</name>
		<pose>Unspecified</pose>
		<truncated>0</truncated>
		<difficult>0</difficult>
		<occluded>0</occluded>
		<bndbox>
			<xmin>19</xmin>
			<xmax>122</xmax>
			<ymin>87</ymin>
			<ymax>331</ymax>
		</bndbox>
	</object>
	<object>
		<name>Pistol</name>
		<pose>Unspecified</pose>
		<truncated>0</truncated>
		<difficult>0</difficult>
		<occluded>0</occluded>
		<bndbox>
			<xmin>248</xmin>
			<xmax>300</xmax>
			<ymin>316</ymin>
			<ymax>375</ymax>
		</bndbox>
	</object>
	<object>
		<name>Grenade</name>
		<pose>Unspecified</pose>
		<truncated>0</truncated>
		<difficult>0</difficult>
		<occluded>0</occluded>
		<bndbox>
			<xmin>160</xmin>
			<xmax>187</xmax>
			<ymin>302</ymin>
			<ymax>350</ymax>
		</bndbox>
	</object>
	<object>
		<name>Grenade</name>
		<pose>Unspecified</pose>
		<truncated>0</truncated>
		<difficult>0</difficult>
		<occluded>0</occluded>
		<bndbox>
			<xmin>186</xmin>
			<xmax>216</xmax>
			<ymin>305</ymin>
			<ymax>353</ymax>
		</bndbox>
	</object>
</annotation>
