<annotation>
	<folder></folder>
	<filename>197_jpeg_jpg.rf.edb2cddcc4cdecccab95d80176861f9d.jpg</filename>
	<path>197_jpeg_jpg.rf.edb2cddcc4cdecccab95d80176861f9d.jpg</path>
	<source>
		<database>roboflow.com</database>
	</source>
	<size>
		<width>416</width>
		<height>416</height>
		<depth>3</depth>
	</size>
	<segmented>0</segmented>
	<object>
		<name>Gun</name>
		<pose>Unspecified</pose>
		<truncated>0</truncated>
		<difficult>0</difficult>
		<occluded>0</occluded>
		<bndbox>
			<xmin>122</xmin>
			<xmax>254</xmax>
			<ymin>110</ymin>
			<ymax>203</ymax>
		</bndbox>
	</object>
</annotation>
