<annotation>
	<folder></folder>
	<filename>197_jpeg_jpg.rf.be58ccbe1fa0668880dae78793c8bd00.jpg</filename>
	<path>197_jpeg_jpg.rf.be58ccbe1fa0668880dae78793c8bd00.jpg</path>
	<source>
		<database>roboflow.com</database>
	</source>
	<size>
		<width>249</width>
		<height>202</height>
		<depth>3</depth>
	</size>
	<segmented>0</segmented>
	<object>
		<name>Gun</name>
		<pose>Unspecified</pose>
		<truncated>0</truncated>
		<difficult>0</difficult>
		<occluded>0</occluded>
		<bndbox>
			<xmin>77</xmin>
			<xmax>159</xmax>
			<ymin>58</ymin>
			<ymax>107</ymax>
		</bndbox>
	</object>
</annotation>
