<annotation>
	<folder></folder>
	<filename>198831941_297370162133927_8071823812371734252_n_jpg.rf.cebd6df1741dab5adc71569f892ae1bf.jpg</filename>
	<path>198831941_297370162133927_8071823812371734252_n_jpg.rf.cebd6df1741dab5adc71569f892ae1bf.jpg</path>
	<source>
		<database>roboflow.com</database>
	</source>
	<size>
		<width>416</width>
		<height>416</height>
		<depth>3</depth>
	</size>
	<segmented>0</segmented>
	<object>
		<name>Gun</name>
		<pose>Unspecified</pose>
		<truncated>0</truncated>
		<difficult>0</difficult>
		<occluded>0</occluded>
		<bndbox>
			<xmin>2</xmin>
			<xmax>358</xmax>
			<ymin>280</ymin>
			<ymax>394</ymax>
		</bndbox>
	</object>
	<object>
		<name>Pistol</name>
		<pose>Unspecified</pose>
		<truncated>0</truncated>
		<difficult>0</difficult>
		<occluded>0</occluded>
		<bndbox>
			<xmin>94</xmin>
			<xmax>161</xmax>
			<ymin>249</ymin>
			<ymax>294</ymax>
		</bndbox>
	</object>
	<object>
		<name>Grenade</name>
		<pose>Unspecified</pose>
		<truncated>0</truncated>
		<difficult>0</difficult>
		<occluded>0</occluded>
		<bndbox>
			<xmin>179</xmin>
			<xmax>217</xmax>
			<ymin>241</ymin>
			<ymax>282</ymax>
		</bndbox>
	</object>
</annotation>
