<annotation>
	<folder></folder>
	<filename>1bbb69c1-images_15_jpeg_jpg.rf.492a7f591866c43ddd6a2c76c504dcf2.jpg</filename>
	<path>1bbb69c1-images_15_jpeg_jpg.rf.492a7f591866c43ddd6a2c76c504dcf2.jpg</path>
	<source>
		<database>roboflow.com</database>
	</source>
	<size>
		<width>416</width>
		<height>416</height>
		<depth>3</depth>
	</size>
	<segmented>0</segmented>
	<object>
		<name>Gun</name>
		<pose>Unspecified</pose>
		<truncated>0</truncated>
		<difficult>0</difficult>
		<occluded>0</occluded>
		<bndbox>
			<xmin>40</xmin>
			<xmax>383</xmax>
			<ymin>78</ymin>
			<ymax>413</ymax>
		</bndbox>
	</object>
</annotation>
