<annotation>
	<folder></folder>
	<filename>1c753801f84f931d4da853e998cb495d_jpg.rf.b5bf39b85bd4309ed9ac2431bf568cfa.jpg</filename>
	<path>1c753801f84f931d4da853e998cb495d_jpg.rf.b5bf39b85bd4309ed9ac2431bf568cfa.jpg</path>
	<source>
		<database>roboflow.com</database>
	</source>
	<size>
		<width>416</width>
		<height>416</height>
		<depth>3</depth>
	</size>
	<segmented>0</segmented>
	<object>
		<name>Gun</name>
		<pose>Unspecified</pose>
		<truncated>0</truncated>
		<difficult>0</difficult>
		<occluded>0</occluded>
		<bndbox>
			<xmin>294</xmin>
			<xmax>400</xmax>
			<ymin>46</ymin>
			<ymax>282</ymax>
		</bndbox>
	</object>
	<object>
		<name>Gun</name>
		<pose>Unspecified</pose>
		<truncated>0</truncated>
		<difficult>0</difficult>
		<occluded>0</occluded>
		<bndbox>
			<xmin>15</xmin>
			<xmax>201</xmax>
			<ymin>196</ymin>
			<ymax>294</ymax>
		</bndbox>
	</object>
	<object>
		<name>Knife</name>
		<pose>Unspecified</pose>
		<truncated>0</truncated>
		<difficult>0</difficult>
		<occluded>0</occluded>
		<bndbox>
			<xmin>135</xmin>
			<xmax>211</xmax>
			<ymin>294</ymin>
			<ymax>336</ymax>
		</bndbox>
	</object>
	<object>
		<name>Grenade</name>
		<pose>Unspecified</pose>
		<truncated>0</truncated>
		<difficult>0</difficult>
		<occluded>0</occluded>
		<bndbox>
			<xmin>65</xmin>
			<xmax>109</xmax>
			<ymin>257</ymin>
			<ymax>281</ymax>
		</bndbox>
	</object>
	<object>
		<name>Grenade</name>
		<pose>Unspecified</pose>
		<truncated>0</truncated>
		<difficult>0</difficult>
		<occluded>0</occluded>
		<bndbox>
			<xmin>84</xmin>
			<xmax>129</xmax>
			<ymin>274</ymin>
			<ymax>293</ymax>
		</bndbox>
	</object>
</annotation>
