<annotation>
	<folder></folder>
	<filename>1d199c10-80_jpeg_jpg.rf.3b50ac21985be2afce0ae5da7cfb8d86.jpg</filename>
	<path>1d199c10-80_jpeg_jpg.rf.3b50ac21985be2afce0ae5da7cfb8d86.jpg</path>
	<source>
		<database>roboflow.com</database>
	</source>
	<size>
		<width>416</width>
		<height>416</height>
		<depth>3</depth>
	</size>
	<segmented>0</segmented>
	<object>
		<name>Pistol</name>
		<pose>Unspecified</pose>
		<truncated>0</truncated>
		<difficult>0</difficult>
		<occluded>0</occluded>
		<bndbox>
			<xmin>237</xmin>
			<xmax>330</xmax>
			<ymin>181</ymin>
			<ymax>269</ymax>
		</bndbox>
	</object>
</annotation>
