<annotation>
	<folder></folder>
	<filename>1dslrkztjosdrjglkdsrgm35465163gfgf65746gdydsrjh_jpg.rf.f706e0c111d9e8622ae683c0faca535a.jpg</filename>
	<path>1dslrkztjosdrjglkdsrgm35465163gfgf65746gdydsrjh_jpg.rf.f706e0c111d9e8622ae683c0faca535a.jpg</path>
	<source>
		<database>roboflow.com</database>
	</source>
	<size>
		<width>281</width>
		<height>179</height>
		<depth>3</depth>
	</size>
	<segmented>0</segmented>
	<object>
		<name>Gun</name>
		<pose>Unspecified</pose>
		<truncated>0</truncated>
		<difficult>0</difficult>
		<occluded>0</occluded>
		<bndbox>
			<xmin>20</xmin>
			<xmax>282</xmax>
			<ymin>26</ymin>
			<ymax>110</ymax>
		</bndbox>
	</object>
	<object>
		<name>Knife</name>
		<pose>Unspecified</pose>
		<truncated>0</truncated>
		<difficult>0</difficult>
		<occluded>0</occluded>
		<bndbox>
			<xmin>72</xmin>
			<xmax>119</xmax>
			<ymin>86</ymin>
			<ymax>126</ymax>
		</bndbox>
	</object>
</annotation>
