<annotation>
	<folder></folder>
	<filename>1dslrkztjosdrjglkdsrgm35465163gfgf65746gdydsrjh_jpg.rf.f083c84c974768767931a99a7ed47a98.jpg</filename>
	<path>1dslrkztjosdrjglkdsrgm35465163gfgf65746gdydsrjh_jpg.rf.f083c84c974768767931a99a7ed47a98.jpg</path>
	<source>
		<database>roboflow.com</database>
	</source>
	<size>
		<width>416</width>
		<height>416</height>
		<depth>3</depth>
	</size>
	<segmented>0</segmented>
	<object>
		<name>Gun</name>
		<pose>Unspecified</pose>
		<truncated>0</truncated>
		<difficult>0</difficult>
		<occluded>0</occluded>
		<bndbox>
			<xmin>29</xmin>
			<xmax>417</xmax>
			<ymin>59</ymin>
			<ymax>255</ymax>
		</bndbox>
	</object>
	<object>
		<name>Knife</name>
		<pose>Unspecified</pose>
		<truncated>0</truncated>
		<difficult>0</difficult>
		<occluded>0</occluded>
		<bndbox>
			<xmin>106</xmin>
			<xmax>176</xmax>
			<ymin>198</ymin>
			<ymax>291</ymax>
		</bndbox>
	</object>
</annotation>
