<annotation>
	<folder></folder>
	<filename>1f294e78df4a2e0e_jpg.rf.1d80bf21be7220ab225b0022646fe9da.jpg</filename>
	<path>1f294e78df4a2e0e_jpg.rf.1d80bf21be7220ab225b0022646fe9da.jpg</path>
	<source>
		<database>roboflow.com</database>
	</source>
	<size>
		<width>1024</width>
		<height>768</height>
		<depth>3</depth>
	</size>
	<segmented>0</segmented>
	<object>
		<name>Pistol</name>
		<pose>Unspecified</pose>
		<truncated>0</truncated>
		<difficult>0</difficult>
		<occluded>0</occluded>
		<bndbox>
			<xmin>51</xmin>
			<xmax>221</xmax>
			<ymin>485</ymin>
			<ymax>620</ymax>
		</bndbox>
	</object>
	<object>
		<name>Gun</name>
		<pose>Unspecified</pose>
		<truncated>0</truncated>
		<difficult>0</difficult>
		<occluded>0</occluded>
		<bndbox>
			<xmin>164</xmin>
			<xmax>948</xmax>
			<ymin>112</ymin>
			<ymax>422</ymax>
		</bndbox>
	</object>
	<object>
		<name>Pistol</name>
		<pose>Unspecified</pose>
		<truncated>0</truncated>
		<difficult>0</difficult>
		<occluded>0</occluded>
		<bndbox>
			<xmin>697</xmin>
			<xmax>860</xmax>
			<ymin>467</ymin>
			<ymax>569</ymax>
		</bndbox>
	</object>
	<object>
		<name>Pistol</name>
		<pose>Unspecified</pose>
		<truncated>0</truncated>
		<difficult>0</difficult>
		<occluded>0</occluded>
		<bndbox>
			<xmin>710</xmin>
			<xmax>914</xmax>
			<ymin>98</ymin>
			<ymax>221</ymax>
		</bndbox>
	</object>
</annotation>
