<annotation>
	<folder></folder>
	<filename>1f79931e-e1426_jpg.rf.e5df01606efdc731b7bc94c64b286853.jpg</filename>
	<path>1f79931e-e1426_jpg.rf.e5df01606efdc731b7bc94c64b286853.jpg</path>
	<source>
		<database>roboflow.com</database>
	</source>
	<size>
		<width>612</width>
		<height>408</height>
		<depth>3</depth>
	</size>
	<segmented>0</segmented>
	<object>
		<name>Grenade</name>
		<pose>Unspecified</pose>
		<truncated>0</truncated>
		<difficult>0</difficult>
		<occluded>0</occluded>
		<bndbox>
			<xmin>142</xmin>
			<xmax>317</xmax>
			<ymin>66</ymin>
			<ymax>341</ymax>
		</bndbox>
	</object>
</annotation>
