<annotation>
	<folder></folder>
	<filename>204_jpeg_jpg.rf.8131e1699bc7ef990e7c10bd13217683.jpg</filename>
	<path>204_jpeg_jpg.rf.8131e1699bc7ef990e7c10bd13217683.jpg</path>
	<source>
		<database>roboflow.com</database>
	</source>
	<size>
		<width>416</width>
		<height>416</height>
		<depth>3</depth>
	</size>
	<segmented>0</segmented>
	<object>
		<name>Gun</name>
		<pose>Unspecified</pose>
		<truncated>0</truncated>
		<difficult>0</difficult>
		<occluded>0</occluded>
		<bndbox>
			<xmin>187</xmin>
			<xmax>251</xmax>
			<ymin>122</ymin>
			<ymax>397</ymax>
		</bndbox>
	</object>
</annotation>
