<annotation>
	<folder></folder>
	<filename>20_jpg.rf.6ea908577da468d8411ac234043eb788.jpg</filename>
	<path>20_jpg.rf.6ea908577da468d8411ac234043eb788.jpg</path>
	<source>
		<database>roboflow.com</database>
	</source>
	<size>
		<width>416</width>
		<height>416</height>
		<depth>3</depth>
	</size>
	<segmented>0</segmented>
	<object>
		<name>Pistol</name>
		<pose>Unspecified</pose>
		<truncated>0</truncated>
		<difficult>0</difficult>
		<occluded>0</occluded>
		<bndbox>
			<xmin>62</xmin>
			<xmax>102</xmax>
			<ymin>283</ymin>
			<ymax>364</ymax>
		</bndbox>
	</object>
	<object>
		<name>Gun</name>
		<pose>Unspecified</pose>
		<truncated>0</truncated>
		<difficult>0</difficult>
		<occluded>0</occluded>
		<bndbox>
			<xmin>121</xmin>
			<xmax>280</xmax>
			<ymin>166</ymin>
			<ymax>391</ymax>
		</bndbox>
	</object>
</annotation>
