<annotation>
	<folder></folder>
	<filename>20b2729d-300_jpeg_jpg.rf.ca9c41c4a36270020437e2e09d0a09da.jpg</filename>
	<path>20b2729d-300_jpeg_jpg.rf.ca9c41c4a36270020437e2e09d0a09da.jpg</path>
	<source>
		<database>roboflow.com</database>
	</source>
	<size>
		<width>344</width>
		<height>146</height>
		<depth>3</depth>
	</size>
	<segmented>0</segmented>
	<object>
		<name>Pistol</name>
		<pose>Unspecified</pose>
		<truncated>0</truncated>
		<difficult>0</difficult>
		<occluded>0</occluded>
		<bndbox>
			<xmin>158</xmin>
			<xmax>225</xmax>
			<ymin>45</ymin>
			<ymax>122</ymax>
		</bndbox>
	</object>
</annotation>
