<annotation>
	<folder></folder>
	<filename>20ebc4jklhrtfhiueryhufyawryos6546546802327c2693f26606fb_jpg.rf.10a7958604e7a4fa8ca154825f079e30.jpg</filename>
	<path>20ebc4jklhrtfhiueryhufyawryos6546546802327c2693f26606fb_jpg.rf.10a7958604e7a4fa8ca154825f079e30.jpg</path>
	<source>
		<database>roboflow.com</database>
	</source>
	<size>
		<width>416</width>
		<height>416</height>
		<depth>3</depth>
	</size>
	<segmented>0</segmented>
	<object>
		<name>Gun</name>
		<pose>Unspecified</pose>
		<truncated>0</truncated>
		<difficult>0</difficult>
		<occluded>0</occluded>
		<bndbox>
			<xmin>2</xmin>
			<xmax>412</xmax>
			<ymin>3</ymin>
			<ymax>390</ymax>
		</bndbox>
	</object>
	<object>
		<name>Knife</name>
		<pose>Unspecified</pose>
		<truncated>0</truncated>
		<difficult>0</difficult>
		<occluded>0</occluded>
		<bndbox>
			<xmin>330</xmin>
			<xmax>417</xmax>
			<ymin>74</ymin>
			<ymax>410</ymax>
		</bndbox>
	</object>
</annotation>
