<annotation>
	<folder></folder>
	<filename>20fd754d-e138-4e25-a444-3c66d39b9f45_1-bba0e9e251961631e8852323c5d21382_jpg.rf.5fdfd44338b956c0a3e053db4739156d.jpg</filename>
	<path>20fd754d-e138-4e25-a444-3c66d39b9f45_1-bba0e9e251961631e8852323c5d21382_jpg.rf.5fdfd44338b956c0a3e053db4739156d.jpg</path>
	<source>
		<database>roboflow.com</database>
	</source>
	<size>
		<width>416</width>
		<height>416</height>
		<depth>3</depth>
	</size>
	<segmented>0</segmented>
	<object>
		<name>Grenade</name>
		<pose>Unspecified</pose>
		<truncated>0</truncated>
		<difficult>0</difficult>
		<occluded>0</occluded>
		<bndbox>
			<xmin>48</xmin>
			<xmax>103</xmax>
			<ymin>189</ymin>
			<ymax>264</ymax>
		</bndbox>
	</object>
	<object>
		<name>Knife</name>
		<pose>Unspecified</pose>
		<truncated>0</truncated>
		<difficult>0</difficult>
		<occluded>0</occluded>
		<bndbox>
			<xmin>2</xmin>
			<xmax>141</xmax>
			<ymin>286</ymin>
			<ymax>306</ymax>
		</bndbox>
	</object>
	<object>
		<name>Pistol</name>
		<pose>Unspecified</pose>
		<truncated>0</truncated>
		<difficult>0</difficult>
		<occluded>0</occluded>
		<bndbox>
			<xmin>130</xmin>
			<xmax>281</xmax>
			<ymin>166</ymin>
			<ymax>264</ymax>
		</bndbox>
	</object>
</annotation>
