<annotation>
	<folder></folder>
	<filename>213901048_jpg.rf.f49c5ab7b81a938f6be05d79e4b360cb.jpg</filename>
	<path>213901048_jpg.rf.f49c5ab7b81a938f6be05d79e4b360cb.jpg</path>
	<source>
		<database>roboflow.com</database>
	</source>
	<size>
		<width>416</width>
		<height>416</height>
		<depth>3</depth>
	</size>
	<segmented>0</segmented>
	<object>
		<name>Pistol</name>
		<pose>Unspecified</pose>
		<truncated>0</truncated>
		<difficult>0</difficult>
		<occluded>0</occluded>
		<bndbox>
			<xmin>67</xmin>
			<xmax>391</xmax>
			<ymin>3</ymin>
			<ymax>394</ymax>
		</bndbox>
	</object>
	<object>
		<name>Grenade</name>
		<pose>Unspecified</pose>
		<truncated>0</truncated>
		<difficult>0</difficult>
		<occluded>0</occluded>
		<bndbox>
			<xmin>59</xmin>
			<xmax>199</xmax>
			<ymin>139</ymin>
			<ymax>417</ymax>
		</bndbox>
	</object>
</annotation>
