<annotation>
	<folder></folder>
	<filename>213901048_jpg.rf.37847da80920e6b22f14c76cdbdc3e18.jpg</filename>
	<path>213901048_jpg.rf.37847da80920e6b22f14c76cdbdc3e18.jpg</path>
	<source>
		<database>roboflow.com</database>
	</source>
	<size>
		<width>1332</width>
		<height>850</height>
		<depth>3</depth>
	</size>
	<segmented>0</segmented>
	<object>
		<name>Pistol</name>
		<pose>Unspecified</pose>
		<truncated>0</truncated>
		<difficult>0</difficult>
		<occluded>0</occluded>
		<bndbox>
			<xmin>212</xmin>
			<xmax>1249</xmax>
			<ymin>5</ymin>
			<ymax>804</ymax>
		</bndbox>
	</object>
	<object>
		<name>Grenade</name>
		<pose>Unspecified</pose>
		<truncated>0</truncated>
		<difficult>0</difficult>
		<occluded>0</occluded>
		<bndbox>
			<xmin>186</xmin>
			<xmax>635</xmax>
			<ymin>283</ymin>
			<ymax>851</ymax>
		</bndbox>
	</object>
</annotation>
