<annotation>
	<folder></folder>
	<filename>21a080224d0d33979850e046f480ab4f_jpg.rf.29bd1dae5457316d884c8fecd54107b8.jpg</filename>
	<path>21a080224d0d33979850e046f480ab4f_jpg.rf.29bd1dae5457316d884c8fecd54107b8.jpg</path>
	<source>
		<database>roboflow.com</database>
	</source>
	<size>
		<width>416</width>
		<height>416</height>
		<depth>3</depth>
	</size>
	<segmented>0</segmented>
	<object>
		<name>Gun</name>
		<pose>Unspecified</pose>
		<truncated>0</truncated>
		<difficult>0</difficult>
		<occluded>0</occluded>
		<bndbox>
			<xmin>14</xmin>
			<xmax>267</xmax>
			<ymin>11</ymin>
			<ymax>390</ymax>
		</bndbox>
	</object>
	<object>
		<name>Pistol</name>
		<pose>Unspecified</pose>
		<truncated>0</truncated>
		<difficult>0</difficult>
		<occluded>0</occluded>
		<bndbox>
			<xmin>150</xmin>
			<xmax>260</xmax>
			<ymin>138</ymin>
			<ymax>246</ymax>
		</bndbox>
	</object>
	<object>
		<name>Gun</name>
		<pose>Unspecified</pose>
		<truncated>0</truncated>
		<difficult>0</difficult>
		<occluded>0</occluded>
		<bndbox>
			<xmin>218</xmin>
			<xmax>380</xmax>
			<ymin>9</ymin>
			<ymax>405</ymax>
		</bndbox>
	</object>
</annotation>
