<annotation>
	<folder></folder>
	<filename>22542629-38058_resize_300_200_false_true_null_jpg.rf.a226e36fb34c3e81c3a5281bd9a3d211.jpg</filename>
	<path>22542629-38058_resize_300_200_false_true_null_jpg.rf.a226e36fb34c3e81c3a5281bd9a3d211.jpg</path>
	<source>
		<database>roboflow.com</database>
	</source>
	<size>
		<width>416</width>
		<height>416</height>
		<depth>3</depth>
	</size>
	<segmented>0</segmented>
	<object>
		<name>Grenade</name>
		<pose>Unspecified</pose>
		<truncated>0</truncated>
		<difficult>0</difficult>
		<occluded>0</occluded>
		<bndbox>
			<xmin>171</xmin>
			<xmax>211</xmax>
			<ymin>330</ymin>
			<ymax>391</ymax>
		</bndbox>
	</object>
	<object>
		<name>Gun</name>
		<pose>Unspecified</pose>
		<truncated>0</truncated>
		<difficult>0</difficult>
		<occluded>0</occluded>
		<bndbox>
			<xmin>222</xmin>
			<xmax>415</xmax>
			<ymin>37</ymin>
			<ymax>247</ymax>
		</bndbox>
	</object>
</annotation>
