<annotation>
	<folder></folder>
	<filename>22542629-38058_resize_300_200_false_true_null_jpg.rf.214148c2a7d4869077b6853672192f81.jpg</filename>
	<path>22542629-38058_resize_300_200_false_true_null_jpg.rf.214148c2a7d4869077b6853672192f81.jpg</path>
	<source>
		<database>roboflow.com</database>
	</source>
	<size>
		<width>300</width>
		<height>200</height>
		<depth>3</depth>
	</size>
	<segmented>0</segmented>
	<object>
		<name>Grenade</name>
		<pose>Unspecified</pose>
		<truncated>0</truncated>
		<difficult>0</difficult>
		<occluded>0</occluded>
		<bndbox>
			<xmin>123</xmin>
			<xmax>152</xmax>
			<ymin>159</ymin>
			<ymax>188</ymax>
		</bndbox>
	</object>
	<object>
		<name>Gun</name>
		<pose>Unspecified</pose>
		<truncated>0</truncated>
		<difficult>0</difficult>
		<occluded>0</occluded>
		<bndbox>
			<xmin>160</xmin>
			<xmax>299</xmax>
			<ymin>18</ymin>
			<ymax>119</ymax>
		</bndbox>
	</object>
</annotation>
