<annotation>
	<folder></folder>
	<filename>229_jpeg_jpg.rf.c966f0c5c50838a138ceadbd79416e82.jpg</filename>
	<path>229_jpeg_jpg.rf.c966f0c5c50838a138ceadbd79416e82.jpg</path>
	<source>
		<database>roboflow.com</database>
	</source>
	<size>
		<width>416</width>
		<height>416</height>
		<depth>3</depth>
	</size>
	<segmented>0</segmented>
	<object>
		<name>Gun</name>
		<pose>Unspecified</pose>
		<truncated>0</truncated>
		<difficult>0</difficult>
		<occluded>0</occluded>
		<bndbox>
			<xmin>139</xmin>
			<xmax>252</xmax>
			<ymin>149</ymin>
			<ymax>387</ymax>
		</bndbox>
	</object>
</annotation>
