<annotation>
	<folder></folder>
	<filename>23_jpegdjrshtfohdighisfuysdfg654698468464651644ecd_jpg.rf.eff907dd30013acda026dc33376b535e.jpg</filename>
	<path>23_jpegdjrshtfohdighisfuysdfg654698468464651644ecd_jpg.rf.eff907dd30013acda026dc33376b535e.jpg</path>
	<source>
		<database>roboflow.com</database>
	</source>
	<size>
		<width>416</width>
		<height>416</height>
		<depth>3</depth>
	</size>
	<segmented>0</segmented>
	<object>
		<name>Gun</name>
		<pose>Unspecified</pose>
		<truncated>0</truncated>
		<difficult>0</difficult>
		<occluded>0</occluded>
		<bndbox>
			<xmin>1</xmin>
			<xmax>236</xmax>
			<ymin>1</ymin>
			<ymax>417</ymax>
		</bndbox>
	</object>
	<object>
		<name>Knife</name>
		<pose>Unspecified</pose>
		<truncated>0</truncated>
		<difficult>0</difficult>
		<occluded>0</occluded>
		<bndbox>
			<xmin>173</xmin>
			<xmax>417</xmax>
			<ymin>119</ymin>
			<ymax>417</ymax>
		</bndbox>
	</object>
</annotation>
