<annotation>
	<folder></folder>
	<filename>240_F_377265029_EsAiod3xJ4r4OtQUHIImYiq3Fgpr2vd7_jpg.rf.5d25d9ed4c42d4301bc43092970cb0ec.jpg</filename>
	<path>240_F_377265029_EsAiod3xJ4r4OtQUHIImYiq3Fgpr2vd7_jpg.rf.5d25d9ed4c42d4301bc43092970cb0ec.jpg</path>
	<source>
		<database>roboflow.com</database>
	</source>
	<size>
		<width>416</width>
		<height>416</height>
		<depth>3</depth>
	</size>
	<segmented>0</segmented>
	<object>
		<name>Pistol</name>
		<pose>Unspecified</pose>
		<truncated>0</truncated>
		<difficult>0</difficult>
		<occluded>0</occluded>
		<bndbox>
			<xmin>61</xmin>
			<xmax>275</xmax>
			<ymin>80</ymin>
			<ymax>288</ymax>
		</bndbox>
	</object>
	<object>
		<name>Grenade</name>
		<pose>Unspecified</pose>
		<truncated>0</truncated>
		<difficult>0</difficult>
		<occluded>0</occluded>
		<bndbox>
			<xmin>84</xmin>
			<xmax>185</xmax>
			<ymin>219</ymin>
			<ymax>374</ymax>
		</bndbox>
	</object>
</annotation>
