<annotation>
	<folder></folder>
	<filename>242_jpeg_jpg.rf.ae78e937587055dc166f35906a26fc62.jpg</filename>
	<path>242_jpeg_jpg.rf.ae78e937587055dc166f35906a26fc62.jpg</path>
	<source>
		<database>roboflow.com</database>
	</source>
	<size>
		<width>416</width>
		<height>416</height>
		<depth>3</depth>
	</size>
	<segmented>0</segmented>
	<object>
		<name>Gun</name>
		<pose>Unspecified</pose>
		<truncated>0</truncated>
		<difficult>0</difficult>
		<occluded>0</occluded>
		<bndbox>
			<xmin>135</xmin>
			<xmax>372</xmax>
			<ymin>177</ymin>
			<ymax>346</ymax>
		</bndbox>
	</object>
</annotation>
