<annotation>
	<folder></folder>
	<filename>2436294305_jpg.rf.010ebec1ba754a2189ba0bca09b8789c.jpg</filename>
	<path>2436294305_jpg.rf.010ebec1ba754a2189ba0bca09b8789c.jpg</path>
	<source>
		<database>roboflow.com</database>
	</source>
	<size>
		<width>416</width>
		<height>416</height>
		<depth>3</depth>
	</size>
	<segmented>0</segmented>
	<object>
		<name>Pistol</name>
		<pose>Unspecified</pose>
		<truncated>0</truncated>
		<difficult>0</difficult>
		<occluded>0</occluded>
		<bndbox>
			<xmin>105</xmin>
			<xmax>406</xmax>
			<ymin>32</ymin>
			<ymax>180</ymax>
		</bndbox>
	</object>
	<object>
		<name>Knife</name>
		<pose>Unspecified</pose>
		<truncated>0</truncated>
		<difficult>0</difficult>
		<occluded>0</occluded>
		<bndbox>
			<xmin>178</xmin>
			<xmax>392</xmax>
			<ymin>181</ymin>
			<ymax>275</ymax>
		</bndbox>
	</object>
	<object>
		<name>Grenade</name>
		<pose>Unspecified</pose>
		<truncated>0</truncated>
		<difficult>0</difficult>
		<occluded>0</occluded>
		<bndbox>
			<xmin>16</xmin>
			<xmax>106</xmax>
			<ymin>194</ymin>
			<ymax>330</ymax>
		</bndbox>
	</object>
	<object>
		<name>Grenade</name>
		<pose>Unspecified</pose>
		<truncated>0</truncated>
		<difficult>0</difficult>
		<occluded>0</occluded>
		<bndbox>
			<xmin>109</xmin>
			<xmax>182</xmax>
			<ymin>189</ymin>
			<ymax>320</ymax>
		</bndbox>
	</object>
</annotation>
