<annotation>
	<folder></folder>
	<filename>2467ca60-gettyimages-672982636-612x612_jpg.rf.24ddd8c0dab5b3ef9ee635170d503880.jpg</filename>
	<path>2467ca60-gettyimages-672982636-612x612_jpg.rf.24ddd8c0dab5b3ef9ee635170d503880.jpg</path>
	<source>
		<database>roboflow.com</database>
	</source>
	<size>
		<width>416</width>
		<height>416</height>
		<depth>3</depth>
	</size>
	<segmented>0</segmented>
	<object>
		<name>Grenade</name>
		<pose>Unspecified</pose>
		<truncated>0</truncated>
		<difficult>0</difficult>
		<occluded>0</occluded>
		<bndbox>
			<xmin>107</xmin>
			<xmax>213</xmax>
			<ymin>116</ymin>
			<ymax>299</ymax>
		</bndbox>
	</object>
	<object>
		<name>Grenade</name>
		<pose>Unspecified</pose>
		<truncated>0</truncated>
		<difficult>0</difficult>
		<occluded>0</occluded>
		<bndbox>
			<xmin>296</xmin>
			<xmax>405</xmax>
			<ymin>126</ymin>
			<ymax>302</ymax>
		</bndbox>
	</object>
</annotation>
