<annotation>
	<folder></folder>
	<filename>246a1858-140_jpeg_jpg.rf.a307ff6da0a03d9b5c90ec5a6e9ac84b.jpg</filename>
	<path>246a1858-140_jpeg_jpg.rf.a307ff6da0a03d9b5c90ec5a6e9ac84b.jpg</path>
	<source>
		<database>roboflow.com</database>
	</source>
	<size>
		<width>416</width>
		<height>416</height>
		<depth>3</depth>
	</size>
	<segmented>0</segmented>
	<object>
		<name>Pistol</name>
		<pose>Unspecified</pose>
		<truncated>0</truncated>
		<difficult>0</difficult>
		<occluded>0</occluded>
		<bndbox>
			<xmin>99</xmin>
			<xmax>166</xmax>
			<ymin>56</ymin>
			<ymax>187</ymax>
		</bndbox>
	</object>
</annotation>
