<annotation>
	<folder></folder>
	<filename>24_jpg.rf.4815640704b0307df603ad754e78de9b.jpg</filename>
	<path>24_jpg.rf.4815640704b0307df603ad754e78de9b.jpg</path>
	<source>
		<database>roboflow.com</database>
	</source>
	<size>
		<width>416</width>
		<height>416</height>
		<depth>3</depth>
	</size>
	<segmented>0</segmented>
	<object>
		<name>Grenade</name>
		<pose>Unspecified</pose>
		<truncated>0</truncated>
		<difficult>0</difficult>
		<occluded>0</occluded>
		<bndbox>
			<xmin>279</xmin>
			<xmax>297</xmax>
			<ymin>168</ymin>
			<ymax>230</ymax>
		</bndbox>
	</object>
	<object>
		<name>Gun</name>
		<pose>Unspecified</pose>
		<truncated>0</truncated>
		<difficult>0</difficult>
		<occluded>0</occluded>
		<bndbox>
			<xmin>167</xmin>
			<xmax>283</xmax>
			<ymin>107</ymin>
			<ymax>222</ymax>
		</bndbox>
	</object>
	<object>
		<name>Gun</name>
		<pose>Unspecified</pose>
		<truncated>0</truncated>
		<difficult>0</difficult>
		<occluded>0</occluded>
		<bndbox>
			<xmin>1</xmin>
			<xmax>234</xmax>
			<ymin>324</ymin>
			<ymax>417</ymax>
		</bndbox>
	</object>
</annotation>
