<annotation>
	<folder></folder>
	<filename>24ffc449e8069239_jpg.rf.e7222b53736e737afc47e6db6528617c.jpg</filename>
	<path>24ffc449e8069239_jpg.rf.e7222b53736e737afc47e6db6528617c.jpg</path>
	<source>
		<database>roboflow.com</database>
	</source>
	<size>
		<width>1024</width>
		<height>663</height>
		<depth>3</depth>
	</size>
	<segmented>0</segmented>
	<object>
		<name>Gun</name>
		<pose>Unspecified</pose>
		<truncated>0</truncated>
		<difficult>0</difficult>
		<occluded>0</occluded>
		<bndbox>
			<xmin>114</xmin>
			<xmax>509</xmax>
			<ymin>570</ymin>
			<ymax>660</ymax>
		</bndbox>
	</object>
</annotation>
