<annotation>
	<folder></folder>
	<filename>25a3a5fd-4087-44c2-b7d3-b875a09ee5fa_1-b6d238a8b895193ecab4052db39eee54_jpg.rf.007fde361b24393cd398d46742303b72.jpg</filename>
	<path>25a3a5fd-4087-44c2-b7d3-b875a09ee5fa_1-b6d238a8b895193ecab4052db39eee54_jpg.rf.007fde361b24393cd398d46742303b72.jpg</path>
	<source>
		<database>roboflow.com</database>
	</source>
	<size>
		<width>416</width>
		<height>416</height>
		<depth>3</depth>
	</size>
	<segmented>0</segmented>
	<object>
		<name>Pistol</name>
		<pose>Unspecified</pose>
		<truncated>0</truncated>
		<difficult>0</difficult>
		<occluded>0</occluded>
		<bndbox>
			<xmin>65</xmin>
			<xmax>391</xmax>
			<ymin>2</ymin>
			<ymax>195</ymax>
		</bndbox>
	</object>
	<object>
		<name>Grenade</name>
		<pose>Unspecified</pose>
		<truncated>0</truncated>
		<difficult>0</difficult>
		<occluded>0</occluded>
		<bndbox>
			<xmin>26</xmin>
			<xmax>151</xmax>
			<ymin>197</ymin>
			<ymax>359</ymax>
		</bndbox>
	</object>
	<object>
		<name>Knife</name>
		<pose>Unspecified</pose>
		<truncated>0</truncated>
		<difficult>0</difficult>
		<occluded>0</occluded>
		<bndbox>
			<xmin>221</xmin>
			<xmax>293</xmax>
			<ymin>159</ymin>
			<ymax>416</ymax>
		</bndbox>
	</object>
</annotation>
