<annotation>
	<folder></folder>
	<filename>27_jpeg_jpg.rf.fa523016c714f34a8158763deea802ae.jpg</filename>
	<path>27_jpeg_jpg.rf.fa523016c714f34a8158763deea802ae.jpg</path>
	<source>
		<database>roboflow.com</database>
	</source>
	<size>
		<width>416</width>
		<height>416</height>
		<depth>3</depth>
	</size>
	<segmented>0</segmented>
	<object>
		<name>Gun</name>
		<pose>Unspecified</pose>
		<truncated>0</truncated>
		<difficult>0</difficult>
		<occluded>0</occluded>
		<bndbox>
			<xmin>208</xmin>
			<xmax>295</xmax>
			<ymin>130</ymin>
			<ymax>234</ymax>
		</bndbox>
	</object>
</annotation>
