<annotation>
	<folder></folder>
	<filename>2852a86a-203_jpeg_jpg.rf.4c0867989b2c952a29110155bf3d0541.jpg</filename>
	<path>2852a86a-203_jpeg_jpg.rf.4c0867989b2c952a29110155bf3d0541.jpg</path>
	<source>
		<database>roboflow.com</database>
	</source>
	<size>
		<width>299</width>
		<height>168</height>
		<depth>3</depth>
	</size>
	<segmented>0</segmented>
	<object>
		<name>Pistol</name>
		<pose>Unspecified</pose>
		<truncated>0</truncated>
		<difficult>0</difficult>
		<occluded>0</occluded>
		<bndbox>
			<xmin>125</xmin>
			<xmax>155</xmax>
			<ymin>47</ymin>
			<ymax>81</ymax>
		</bndbox>
	</object>
</annotation>
