<annotation>
	<folder></folder>
	<filename>2852a86a-203_jpeg_jpg.rf.d3cc7c693e056064b6491054cfd32d02.jpg</filename>
	<path>2852a86a-203_jpeg_jpg.rf.d3cc7c693e056064b6491054cfd32d02.jpg</path>
	<source>
		<database>roboflow.com</database>
	</source>
	<size>
		<width>416</width>
		<height>416</height>
		<depth>3</depth>
	</size>
	<segmented>0</segmented>
	<object>
		<name>Pistol</name>
		<pose>Unspecified</pose>
		<truncated>0</truncated>
		<difficult>0</difficult>
		<occluded>0</occluded>
		<bndbox>
			<xmin>174</xmin>
			<xmax>216</xmax>
			<ymin>115</ymin>
			<ymax>199</ymax>
		</bndbox>
	</object>
</annotation>
