<annotation>
	<folder></folder>
	<filename>28_jpeg_jpg.rf.dc61f534924918cf9b2a5fbca54389e0.jpg</filename>
	<path>28_jpeg_jpg.rf.dc61f534924918cf9b2a5fbca54389e0.jpg</path>
	<source>
		<database>roboflow.com</database>
	</source>
	<size>
		<width>300</width>
		<height>168</height>
		<depth>3</depth>
	</size>
	<segmented>0</segmented>
	<object>
		<name>Gun</name>
		<pose>Unspecified</pose>
		<truncated>0</truncated>
		<difficult>0</difficult>
		<occluded>0</occluded>
		<bndbox>
			<xmin>53</xmin>
			<xmax>290</xmax>
			<ymin>49</ymin>
			<ymax>159</ymax>
		</bndbox>
	</object>
</annotation>
