<annotation>
	<folder></folder>
	<filename>29_jpg.rf.aea21055748b202bb7bc9a6a309c1e02.jpg</filename>
	<path>29_jpg.rf.aea21055748b202bb7bc9a6a309c1e02.jpg</path>
	<source>
		<database>roboflow.com</database>
	</source>
	<size>
		<width>416</width>
		<height>416</height>
		<depth>3</depth>
	</size>
	<segmented>0</segmented>
	<object>
		<name>Grenade</name>
		<pose>Unspecified</pose>
		<truncated>0</truncated>
		<difficult>0</difficult>
		<occluded>0</occluded>
		<bndbox>
			<xmin>95</xmin>
			<xmax>253</xmax>
			<ymin>174</ymin>
			<ymax>290</ymax>
		</bndbox>
	</object>
</annotation>
