<annotation>
	<folder></folder>
	<filename>29bf030f9b0b79996d4ee3e2afb85a09_tn_jpeg_jpg.rf.2ad44624e758f5e2513b85c9898d9b25.jpg</filename>
	<path>29bf030f9b0b79996d4ee3e2afb85a09_tn_jpeg_jpg.rf.2ad44624e758f5e2513b85c9898d9b25.jpg</path>
	<source>
		<database>roboflow.com</database>
	</source>
	<size>
		<width>416</width>
		<height>416</height>
		<depth>3</depth>
	</size>
	<segmented>0</segmented>
	<object>
		<name>Knife</name>
		<pose>Unspecified</pose>
		<truncated>0</truncated>
		<difficult>0</difficult>
		<occluded>0</occluded>
		<bndbox>
			<xmin>296</xmin>
			<xmax>328</xmax>
			<ymin>211</ymin>
			<ymax>404</ymax>
		</bndbox>
	</object>
	<object>
		<name>Grenade</name>
		<pose>Unspecified</pose>
		<truncated>0</truncated>
		<difficult>0</difficult>
		<occluded>0</occluded>
		<bndbox>
			<xmin>215</xmin>
			<xmax>259</xmax>
			<ymin>182</ymin>
			<ymax>250</ymax>
		</bndbox>
	</object>
	<object>
		<name>Grenade</name>
		<pose>Unspecified</pose>
		<truncated>0</truncated>
		<difficult>0</difficult>
		<occluded>0</occluded>
		<bndbox>
			<xmin>260</xmin>
			<xmax>307</xmax>
			<ymin>184</ymin>
			<ymax>252</ymax>
		</bndbox>
	</object>
	<object>
		<name>Pistol</name>
		<pose>Unspecified</pose>
		<truncated>0</truncated>
		<difficult>0</difficult>
		<occluded>0</occluded>
		<bndbox>
			<xmin>78</xmin>
			<xmax>167</xmax>
			<ymin>262</ymin>
			<ymax>317</ymax>
		</bndbox>
	</object>
</annotation>
