<annotation>
	<folder></folder>
	<filename>29fb47a9ae643502623c182aa63bda7d_jpg.rf.bd8a2af6f7044b794e7dff42b3690522.jpg</filename>
	<path>29fb47a9ae643502623c182aa63bda7d_jpg.rf.bd8a2af6f7044b794e7dff42b3690522.jpg</path>
	<source>
		<database>roboflow.com</database>
	</source>
	<size>
		<width>416</width>
		<height>416</height>
		<depth>3</depth>
	</size>
	<segmented>0</segmented>
	<object>
		<name>Pistol</name>
		<pose>Unspecified</pose>
		<truncated>0</truncated>
		<difficult>0</difficult>
		<occluded>0</occluded>
		<bndbox>
			<xmin>206</xmin>
			<xmax>368</xmax>
			<ymin>230</ymin>
			<ymax>348</ymax>
		</bndbox>
	</object>
	<object>
		<name>Knife</name>
		<pose>Unspecified</pose>
		<truncated>0</truncated>
		<difficult>0</difficult>
		<occluded>0</occluded>
		<bndbox>
			<xmin>255</xmin>
			<xmax>387</xmax>
			<ymin>124</ymin>
			<ymax>239</ymax>
		</bndbox>
	</object>
	<object>
		<name>Gun</name>
		<pose>Unspecified</pose>
		<truncated>0</truncated>
		<difficult>0</difficult>
		<occluded>0</occluded>
		<bndbox>
			<xmin>25</xmin>
			<xmax>364</xmax>
			<ymin>26</ymin>
			<ymax>379</ymax>
		</bndbox>
	</object>
</annotation>
