<annotation>
	<folder></folder>
	<filename>2b814b255a0dc72512ec38a59bbd474e_jpg.rf.4844b1c7712aefb7333059b8ac7399cd.jpg</filename>
	<path>2b814b255a0dc72512ec38a59bbd474e_jpg.rf.4844b1c7712aefb7333059b8ac7399cd.jpg</path>
	<source>
		<database>roboflow.com</database>
	</source>
	<size>
		<width>416</width>
		<height>416</height>
		<depth>3</depth>
	</size>
	<segmented>0</segmented>
	<object>
		<name>Grenade</name>
		<pose>Unspecified</pose>
		<truncated>0</truncated>
		<difficult>0</difficult>
		<occluded>0</occluded>
		<bndbox>
			<xmin>41</xmin>
			<xmax>100</xmax>
			<ymin>89</ymin>
			<ymax>160</ymax>
		</bndbox>
	</object>
	<object>
		<name>Grenade</name>
		<pose>Unspecified</pose>
		<truncated>0</truncated>
		<difficult>0</difficult>
		<occluded>0</occluded>
		<bndbox>
			<xmin>113</xmin>
			<xmax>178</xmax>
			<ymin>66</ymin>
			<ymax>128</ymax>
		</bndbox>
	</object>
	<object>
		<name>Knife</name>
		<pose>Unspecified</pose>
		<truncated>0</truncated>
		<difficult>0</difficult>
		<occluded>0</occluded>
		<bndbox>
			<xmin>252</xmin>
			<xmax>363</xmax>
			<ymin>167</ymin>
			<ymax>265</ymax>
		</bndbox>
	</object>
	<object>
		<name>Gun</name>
		<pose>Unspecified</pose>
		<truncated>0</truncated>
		<difficult>0</difficult>
		<occluded>0</occluded>
		<bndbox>
			<xmin>13</xmin>
			<xmax>343</xmax>
			<ymin>52</ymin>
			<ymax>296</ymax>
		</bndbox>
	</object>
</annotation>
