<annotation>
	<folder></folder>
	<filename>2b8566a2-294_jpeg_jpg.rf.e52cd69702e91752e7b3fff1a6223e8f.jpg</filename>
	<path>2b8566a2-294_jpeg_jpg.rf.e52cd69702e91752e7b3fff1a6223e8f.jpg</path>
	<source>
		<database>roboflow.com</database>
	</source>
	<size>
		<width>341</width>
		<height>148</height>
		<depth>3</depth>
	</size>
	<segmented>0</segmented>
	<object>
		<name>Pistol</name>
		<pose>Unspecified</pose>
		<truncated>0</truncated>
		<difficult>0</difficult>
		<occluded>0</occluded>
		<bndbox>
			<xmin>170</xmin>
			<xmax>215</xmax>
			<ymin>32</ymin>
			<ymax>129</ymax>
		</bndbox>
	</object>
</annotation>
