<annotation>
	<folder></folder>
	<filename>2c0603a9-95_jpeg_jpg.rf.135f8c6786905ff3827b942ad5744c1b.jpg</filename>
	<path>2c0603a9-95_jpeg_jpg.rf.135f8c6786905ff3827b942ad5744c1b.jpg</path>
	<source>
		<database>roboflow.com</database>
	</source>
	<size>
		<width>416</width>
		<height>416</height>
		<depth>3</depth>
	</size>
	<segmented>0</segmented>
	<object>
		<name>Pistol</name>
		<pose>Unspecified</pose>
		<truncated>0</truncated>
		<difficult>0</difficult>
		<occluded>0</occluded>
		<bndbox>
			<xmin>174</xmin>
			<xmax>414</xmax>
			<ymin>1</ymin>
			<ymax>242</ymax>
		</bndbox>
	</object>
</annotation>
