<annotation>
	<folder></folder>
	<filename>2c207b67-1000w_q75_jpg.rf.46ecfa50b4081c07f7629d3d5d9a629c.jpg</filename>
	<path>2c207b67-1000w_q75_jpg.rf.46ecfa50b4081c07f7629d3d5d9a629c.jpg</path>
	<source>
		<database>roboflow.com</database>
	</source>
	<size>
		<width>416</width>
		<height>416</height>
		<depth>3</depth>
	</size>
	<segmented>0</segmented>
	<object>
		<name>Gun</name>
		<pose>Unspecified</pose>
		<truncated>0</truncated>
		<difficult>0</difficult>
		<occluded>0</occluded>
		<bndbox>
			<xmin>250</xmin>
			<xmax>391</xmax>
			<ymin>200</ymin>
			<ymax>303</ymax>
		</bndbox>
	</object>
	<object>
		<name>Gun</name>
		<pose>Unspecified</pose>
		<truncated>0</truncated>
		<difficult>0</difficult>
		<occluded>0</occluded>
		<bndbox>
			<xmin>130</xmin>
			<xmax>267</xmax>
			<ymin>148</ymin>
			<ymax>226</ymax>
		</bndbox>
	</object>
</annotation>
