<annotation>
	<folder></folder>
	<filename>2c207b67-1000w_q75_jpg.rf.62ec26ff8dd0bdc6b3f43df996fb6d4e.jpg</filename>
	<path>2c207b67-1000w_q75_jpg.rf.62ec26ff8dd0bdc6b3f43df996fb6d4e.jpg</path>
	<source>
		<database>roboflow.com</database>
	</source>
	<size>
		<width>1000</width>
		<height>757</height>
		<depth>3</depth>
	</size>
	<segmented>0</segmented>
	<object>
		<name>Gun</name>
		<pose>Unspecified</pose>
		<truncated>0</truncated>
		<difficult>0</difficult>
		<occluded>0</occluded>
		<bndbox>
			<xmin>598</xmin>
			<xmax>937</xmax>
			<ymin>363</ymin>
			<ymax>550</ymax>
		</bndbox>
	</object>
	<object>
		<name>Gun</name>
		<pose>Unspecified</pose>
		<truncated>0</truncated>
		<difficult>0</difficult>
		<occluded>0</occluded>
		<bndbox>
			<xmin>312</xmin>
			<xmax>640</xmax>
			<ymin>268</ymin>
			<ymax>410</ymax>
		</bndbox>
	</object>
</annotation>
