<annotation>
	<folder></folder>
	<filename>2c417482-cedceb085c6ab7ca090683faf697ce04_jpg.rf.dd7790fa92019137071995bf65e38612.jpg</filename>
	<path>2c417482-cedceb085c6ab7ca090683faf697ce04_jpg.rf.dd7790fa92019137071995bf65e38612.jpg</path>
	<source>
		<database>roboflow.com</database>
	</source>
	<size>
		<width>416</width>
		<height>416</height>
		<depth>3</depth>
	</size>
	<segmented>0</segmented>
	<object>
		<name>Pistol</name>
		<pose>Unspecified</pose>
		<truncated>0</truncated>
		<difficult>0</difficult>
		<occluded>0</occluded>
		<bndbox>
			<xmin>54</xmin>
			<xmax>416</xmax>
			<ymin>10</ymin>
			<ymax>405</ymax>
		</bndbox>
	</object>
	<object>
		<name>Knife</name>
		<pose>Unspecified</pose>
		<truncated>0</truncated>
		<difficult>0</difficult>
		<occluded>0</occluded>
		<bndbox>
			<xmin>2</xmin>
			<xmax>110</xmax>
			<ymin>40</ymin>
			<ymax>400</ymax>
		</bndbox>
	</object>
</annotation>
