<annotation>
	<folder></folder>
	<filename>2c7836d3e2c807ab_jpg.rf.5612caed73218cdd87cb17f158438999.jpg</filename>
	<path>2c7836d3e2c807ab_jpg.rf.5612caed73218cdd87cb17f158438999.jpg</path>
	<source>
		<database>roboflow.com</database>
	</source>
	<size>
		<width>1024</width>
		<height>679</height>
		<depth>3</depth>
	</size>
	<segmented>0</segmented>
	<object>
		<name>Gun</name>
		<pose>Unspecified</pose>
		<truncated>0</truncated>
		<difficult>0</difficult>
		<occluded>0</occluded>
		<bndbox>
			<xmin>412</xmin>
			<xmax>799</xmax>
			<ymin>239</ymin>
			<ymax>680</ymax>
		</bndbox>
	</object>
</annotation>
