<annotation>
	<folder></folder>
	<filename>2d42d343-e1427_jpg.rf.97fa5e71b34650d9a81de7993687a78a.jpg</filename>
	<path>2d42d343-e1427_jpg.rf.97fa5e71b34650d9a81de7993687a78a.jpg</path>
	<source>
		<database>roboflow.com</database>
	</source>
	<size>
		<width>612</width>
		<height>406</height>
		<depth>3</depth>
	</size>
	<segmented>0</segmented>
	<object>
		<name>Grenade</name>
		<pose>Unspecified</pose>
		<truncated>0</truncated>
		<difficult>0</difficult>
		<occluded>0</occluded>
		<bndbox>
			<xmin>154</xmin>
			<xmax>469</xmax>
			<ymin>128</ymin>
			<ymax>348</ymax>
		</bndbox>
	</object>
</annotation>
