<annotation>
	<folder></folder>
	<filename>2e1dcc8b787e267a7998f0676490c80e_jpg.rf.a407db9be6dce6cf3d2a44c3b6d6094c.jpg</filename>
	<path>2e1dcc8b787e267a7998f0676490c80e_jpg.rf.a407db9be6dce6cf3d2a44c3b6d6094c.jpg</path>
	<source>
		<database>roboflow.com</database>
	</source>
	<size>
		<width>800</width>
		<height>800</height>
		<depth>3</depth>
	</size>
	<segmented>0</segmented>
	<object>
		<name>Pistol</name>
		<pose>Unspecified</pose>
		<truncated>0</truncated>
		<difficult>0</difficult>
		<occluded>0</occluded>
		<bndbox>
			<xmin>156</xmin>
			<xmax>736</xmax>
			<ymin>163</ymin>
			<ymax>511</ymax>
		</bndbox>
	</object>
	<object>
		<name>Grenade</name>
		<pose>Unspecified</pose>
		<truncated>0</truncated>
		<difficult>0</difficult>
		<occluded>0</occluded>
		<bndbox>
			<xmin>74</xmin>
			<xmax>308</xmax>
			<ymin>391</ymin>
			<ymax>681</ymax>
		</bndbox>
	</object>
	<object>
		<name>Grenade</name>
		<pose>Unspecified</pose>
		<truncated>0</truncated>
		<difficult>0</difficult>
		<occluded>0</occluded>
		<bndbox>
			<xmin>310</xmin>
			<xmax>514</xmax>
			<ymin>394</ymin>
			<ymax>688</ymax>
		</bndbox>
	</object>
</annotation>
