<annotation>
	<folder></folder>
	<filename>2f197fa7d6149e6d_jpg.rf.8b9225f2f736ede54421ffbcb23689fa.jpg</filename>
	<path>2f197fa7d6149e6d_jpg.rf.8b9225f2f736ede54421ffbcb23689fa.jpg</path>
	<source>
		<database>roboflow.com</database>
	</source>
	<size>
		<width>416</width>
		<height>416</height>
		<depth>3</depth>
	</size>
	<segmented>0</segmented>
	<object>
		<name>Gun</name>
		<pose>Unspecified</pose>
		<truncated>0</truncated>
		<difficult>0</difficult>
		<occluded>0</occluded>
		<bndbox>
			<xmin>183</xmin>
			<xmax>249</xmax>
			<ymin>94</ymin>
			<ymax>145</ymax>
		</bndbox>
	</object>
	<object>
		<name>Gun</name>
		<pose>Unspecified</pose>
		<truncated>0</truncated>
		<difficult>0</difficult>
		<occluded>0</occluded>
		<bndbox>
			<xmin>247</xmin>
			<xmax>280</xmax>
			<ymin>217</ymin>
			<ymax>280</ymax>
		</bndbox>
	</object>
	<object>
		<name>Pistol</name>
		<pose>Unspecified</pose>
		<truncated>0</truncated>
		<difficult>0</difficult>
		<occluded>0</occluded>
		<bndbox>
			<xmin>189</xmin>
			<xmax>201</xmax>
			<ymin>264</ymin>
			<ymax>321</ymax>
		</bndbox>
	</object>
	<object>
		<name>Gun</name>
		<pose>Unspecified</pose>
		<truncated>0</truncated>
		<difficult>0</difficult>
		<occluded>0</occluded>
		<bndbox>
			<xmin>154</xmin>
			<xmax>164</xmax>
			<ymin>74</ymin>
			<ymax>110</ymax>
		</bndbox>
	</object>
</annotation>
