<annotation>
	<folder></folder>
	<filename>2f8dd88a1177c8db_jpg.rf.1848f638085f892edf0874dd7a115802.jpg</filename>
	<path>2f8dd88a1177c8db_jpg.rf.1848f638085f892edf0874dd7a115802.jpg</path>
	<source>
		<database>roboflow.com</database>
	</source>
	<size>
		<width>1024</width>
		<height>683</height>
		<depth>3</depth>
	</size>
	<segmented>0</segmented>
	<object>
		<name>Gun</name>
		<pose>Unspecified</pose>
		<truncated>0</truncated>
		<difficult>0</difficult>
		<occluded>0</occluded>
		<bndbox>
			<xmin>599</xmin>
			<xmax>814</xmax>
			<ymin>237</ymin>
			<ymax>368</ymax>
		</bndbox>
	</object>
</annotation>
