<annotation>
	<folder></folder>
	<filename>2fa74e3d-e1194_jpg.rf.0089391b15bc1a23b2bfc78f5e163fbf.jpg</filename>
	<path>2fa74e3d-e1194_jpg.rf.0089391b15bc1a23b2bfc78f5e163fbf.jpg</path>
	<source>
		<database>roboflow.com</database>
	</source>
	<size>
		<width>416</width>
		<height>416</height>
		<depth>3</depth>
	</size>
	<segmented>0</segmented>
	<object>
		<name>Grenade</name>
		<pose>Unspecified</pose>
		<truncated>0</truncated>
		<difficult>0</difficult>
		<occluded>0</occluded>
		<bndbox>
			<xmin>125</xmin>
			<xmax>287</xmax>
			<ymin>143</ymin>
			<ymax>274</ymax>
		</bndbox>
	</object>
</annotation>
