<annotation>
	<folder></folder>
	<filename>30ee2d15-maxresdefault_1_jpg.rf.87d4d677d628ce632aaefd15290c8707.jpg</filename>
	<path>30ee2d15-maxresdefault_1_jpg.rf.87d4d677d628ce632aaefd15290c8707.jpg</path>
	<source>
		<database>roboflow.com</database>
	</source>
	<size>
		<width>416</width>
		<height>416</height>
		<depth>3</depth>
	</size>
	<segmented>0</segmented>
	<object>
		<name>Pistol</name>
		<pose>Unspecified</pose>
		<truncated>0</truncated>
		<difficult>0</difficult>
		<occluded>0</occluded>
		<bndbox>
			<xmin>81</xmin>
			<xmax>345</xmax>
			<ymin>74</ymin>
			<ymax>351</ymax>
		</bndbox>
	</object>
</annotation>
