<annotation>
	<folder></folder>
	<filename>3188cdfd-7d5b2dc71a21a4ad9f4038dd78f85886_jpg.rf.d767000c21eb92b2b10bf98982e0608e.jpg</filename>
	<path>3188cdfd-7d5b2dc71a21a4ad9f4038dd78f85886_jpg.rf.d767000c21eb92b2b10bf98982e0608e.jpg</path>
	<source>
		<database>roboflow.com</database>
	</source>
	<size>
		<width>416</width>
		<height>416</height>
		<depth>3</depth>
	</size>
	<segmented>0</segmented>
	<object>
		<name>Knife</name>
		<pose>Unspecified</pose>
		<truncated>0</truncated>
		<difficult>0</difficult>
		<occluded>0</occluded>
		<bndbox>
			<xmin>25</xmin>
			<xmax>247</xmax>
			<ymin>98</ymin>
			<ymax>291</ymax>
		</bndbox>
	</object>
</annotation>
