<annotation>
	<folder></folder>
	<filename>319_jpeg_jpg.rf.9a758d632d90387cf60a03e589fa650c.jpg</filename>
	<path>319_jpeg_jpg.rf.9a758d632d90387cf60a03e589fa650c.jpg</path>
	<source>
		<database>roboflow.com</database>
	</source>
	<size>
		<width>275</width>
		<height>183</height>
		<depth>3</depth>
	</size>
	<segmented>0</segmented>
	<object>
		<name>Gun</name>
		<pose>Unspecified</pose>
		<truncated>0</truncated>
		<difficult>0</difficult>
		<occluded>0</occluded>
		<bndbox>
			<xmin>145</xmin>
			<xmax>276</xmax>
			<ymin>34</ymin>
			<ymax>136</ymax>
		</bndbox>
	</object>
	<object>
		<name>Gun</name>
		<pose>Unspecified</pose>
		<truncated>0</truncated>
		<difficult>0</difficult>
		<occluded>0</occluded>
		<bndbox>
			<xmin>1</xmin>
			<xmax>112</xmax>
			<ymin>82</ymin>
			<ymax>157</ymax>
		</bndbox>
	</object>
</annotation>
