<annotation>
	<folder></folder>
	<filename>319_jpeg_jpg.rf.570e4d77d1da63870cb084cc5a57cd22.jpg</filename>
	<path>319_jpeg_jpg.rf.570e4d77d1da63870cb084cc5a57cd22.jpg</path>
	<source>
		<database>roboflow.com</database>
	</source>
	<size>
		<width>416</width>
		<height>416</height>
		<depth>3</depth>
	</size>
	<segmented>0</segmented>
	<object>
		<name>Gun</name>
		<pose>Unspecified</pose>
		<truncated>0</truncated>
		<difficult>0</difficult>
		<occluded>0</occluded>
		<bndbox>
			<xmin>216</xmin>
			<xmax>411</xmax>
			<ymin>78</ymin>
			<ymax>231</ymax>
		</bndbox>
	</object>
	<object>
		<name>Gun</name>
		<pose>Unspecified</pose>
		<truncated>0</truncated>
		<difficult>0</difficult>
		<occluded>0</occluded>
		<bndbox>
			<xmin>18</xmin>
			<xmax>160</xmax>
			<ymin>212</ymin>
			<ymax>317</ymax>
		</bndbox>
	</object>
</annotation>
