<annotation>
	<folder></folder>
	<filename>31_jpeg_jpg.rf.ad1bf5233aa91ef5887be9c950b1a2e6.jpg</filename>
	<path>31_jpeg_jpg.rf.ad1bf5233aa91ef5887be9c950b1a2e6.jpg</path>
	<source>
		<database>roboflow.com</database>
	</source>
	<size>
		<width>602</width>
		<height>385</height>
		<depth>3</depth>
	</size>
	<segmented>0</segmented>
	<object>
		<name>Gun</name>
		<pose>Unspecified</pose>
		<truncated>0</truncated>
		<difficult>0</difficult>
		<occluded>0</occluded>
		<bndbox>
			<xmin>217</xmin>
			<xmax>409</xmax>
			<ymin>152</ymin>
			<ymax>386</ymax>
		</bndbox>
	</object>
	<object>
		<name>Gun</name>
		<pose>Unspecified</pose>
		<truncated>0</truncated>
		<difficult>0</difficult>
		<occluded>0</occluded>
		<bndbox>
			<xmin>345</xmin>
			<xmax>445</xmax>
			<ymin>143</ymin>
			<ymax>372</ymax>
		</bndbox>
	</object>
	<object>
		<name>Grenade</name>
		<pose>Unspecified</pose>
		<truncated>0</truncated>
		<difficult>0</difficult>
		<occluded>0</occluded>
		<bndbox>
			<xmin>38</xmin>
			<xmax>68</xmax>
			<ymin>166</ymin>
			<ymax>194</ymax>
		</bndbox>
	</object>
</annotation>
