<annotation>
	<folder></folder>
	<filename>31bbb98ea88a81e5_jpg.rf.fbb086841840080232b95420cad8574f.jpg</filename>
	<path>31bbb98ea88a81e5_jpg.rf.fbb086841840080232b95420cad8574f.jpg</path>
	<source>
		<database>roboflow.com</database>
	</source>
	<size>
		<width>416</width>
		<height>416</height>
		<depth>3</depth>
	</size>
	<segmented>0</segmented>
	<object>
		<name>Gun</name>
		<pose>Unspecified</pose>
		<truncated>0</truncated>
		<difficult>0</difficult>
		<occluded>0</occluded>
		<bndbox>
			<xmin>124</xmin>
			<xmax>205</xmax>
			<ymin>214</ymin>
			<ymax>355</ymax>
		</bndbox>
	</object>
</annotation>
