<annotation>
	<folder></folder>
	<filename>323af0bd-217_jpeg_jpg.rf.5faba217247e8e80967cb5d766b0eec6.jpg</filename>
	<path>323af0bd-217_jpeg_jpg.rf.5faba217247e8e80967cb5d766b0eec6.jpg</path>
	<source>
		<database>roboflow.com</database>
	</source>
	<size>
		<width>416</width>
		<height>416</height>
		<depth>3</depth>
	</size>
	<segmented>0</segmented>
	<object>
		<name>Pistol</name>
		<pose>Unspecified</pose>
		<truncated>0</truncated>
		<difficult>0</difficult>
		<occluded>0</occluded>
		<bndbox>
			<xmin>144</xmin>
			<xmax>258</xmax>
			<ymin>82</ymin>
			<ymax>178</ymax>
		</bndbox>
	</object>
</annotation>
