<annotation>
	<folder></folder>
	<filename>349e8ab5-e1158_jpg.rf.310e6908370314fc24dd8b61eac8fd39.jpg</filename>
	<path>349e8ab5-e1158_jpg.rf.310e6908370314fc24dd8b61eac8fd39.jpg</path>
	<source>
		<database>roboflow.com</database>
	</source>
	<size>
		<width>416</width>
		<height>416</height>
		<depth>3</depth>
	</size>
	<segmented>0</segmented>
	<object>
		<name>Grenade</name>
		<pose>Unspecified</pose>
		<truncated>0</truncated>
		<difficult>0</difficult>
		<occluded>0</occluded>
		<bndbox>
			<xmin>263</xmin>
			<xmax>382</xmax>
			<ymin>57</ymin>
			<ymax>251</ymax>
		</bndbox>
	</object>
</annotation>
