<annotation>
	<folder></folder>
	<filename>34a24baad790c8e4f34c8216ee16c699_jpg.rf.4a8bf9db25932583030d2d1754c47d71.jpg</filename>
	<path>34a24baad790c8e4f34c8216ee16c699_jpg.rf.4a8bf9db25932583030d2d1754c47d71.jpg</path>
	<source>
		<database>roboflow.com</database>
	</source>
	<size>
		<width>416</width>
		<height>416</height>
		<depth>3</depth>
	</size>
	<segmented>0</segmented>
	<object>
		<name>Gun</name>
		<pose>Unspecified</pose>
		<truncated>0</truncated>
		<difficult>0</difficult>
		<occluded>0</occluded>
		<bndbox>
			<xmin>148</xmin>
			<xmax>298</xmax>
			<ymin>307</ymin>
			<ymax>340</ymax>
		</bndbox>
	</object>
	<object>
		<name>Pistol</name>
		<pose>Unspecified</pose>
		<truncated>0</truncated>
		<difficult>0</difficult>
		<occluded>0</occluded>
		<bndbox>
			<xmin>259</xmin>
			<xmax>297</xmax>
			<ymin>326</ymin>
			<ymax>343</ymax>
		</bndbox>
	</object>
	<object>
		<name>Grenade</name>
		<pose>Unspecified</pose>
		<truncated>0</truncated>
		<difficult>0</difficult>
		<occluded>0</occluded>
		<bndbox>
			<xmin>348</xmin>
			<xmax>364</xmax>
			<ymin>313</ymin>
			<ymax>334</ymax>
		</bndbox>
	</object>
</annotation>
