<annotation>
	<folder></folder>
	<filename>34f716c9-202_jpeg_jpg.rf.30ac3eee77b3c911d227b93f40617b44.jpg</filename>
	<path>34f716c9-202_jpeg_jpg.rf.30ac3eee77b3c911d227b93f40617b44.jpg</path>
	<source>
		<database>roboflow.com</database>
	</source>
	<size>
		<width>259</width>
		<height>194</height>
		<depth>3</depth>
	</size>
	<segmented>0</segmented>
	<object>
		<name>Pistol</name>
		<pose>Unspecified</pose>
		<truncated>0</truncated>
		<difficult>0</difficult>
		<occluded>0</occluded>
		<bndbox>
			<xmin>29</xmin>
			<xmax>86</xmax>
			<ymin>110</ymin>
			<ymax>178</ymax>
		</bndbox>
	</object>
</annotation>
