<annotation>
	<folder></folder>
	<filename>35_jpg.rf.e4869a8f4aca914c43ea9c04269c9cf8.jpg</filename>
	<path>35_jpg.rf.e4869a8f4aca914c43ea9c04269c9cf8.jpg</path>
	<source>
		<database>roboflow.com</database>
	</source>
	<size>
		<width>416</width>
		<height>416</height>
		<depth>3</depth>
	</size>
	<segmented>0</segmented>
	<object>
		<name>Grenade</name>
		<pose>Unspecified</pose>
		<truncated>0</truncated>
		<difficult>0</difficult>
		<occluded>0</occluded>
		<bndbox>
			<xmin>252</xmin>
			<xmax>266</xmax>
			<ymin>2</ymin>
			<ymax>23</ymax>
		</bndbox>
	</object>
	<object>
		<name>Grenade</name>
		<pose>Unspecified</pose>
		<truncated>0</truncated>
		<difficult>0</difficult>
		<occluded>0</occluded>
		<bndbox>
			<xmin>361</xmin>
			<xmax>372</xmax>
			<ymin>167</ymin>
			<ymax>184</ymax>
		</bndbox>
	</object>
</annotation>
