<annotation>
	<folder></folder>
	<filename>360_F_108632705_WcHUgiQ9G6bSWmQJat0S3RdqnE1sz1ZL_jpg.rf.53edb08e26a450c51ffbb52e89a0fcf0.jpg</filename>
	<path>360_F_108632705_WcHUgiQ9G6bSWmQJat0S3RdqnE1sz1ZL_jpg.rf.53edb08e26a450c51ffbb52e89a0fcf0.jpg</path>
	<source>
		<database>roboflow.com</database>
	</source>
	<size>
		<width>540</width>
		<height>360</height>
		<depth>3</depth>
	</size>
	<segmented>0</segmented>
	<object>
		<name>Gun</name>
		<pose>Unspecified</pose>
		<truncated>0</truncated>
		<difficult>0</difficult>
		<occluded>0</occluded>
		<bndbox>
			<xmin>34</xmin>
			<xmax>500</xmax>
			<ymin>25</ymin>
			<ymax>347</ymax>
		</bndbox>
	</object>
	<object>
		<name>Pistol</name>
		<pose>Unspecified</pose>
		<truncated>0</truncated>
		<difficult>0</difficult>
		<occluded>0</occluded>
		<bndbox>
			<xmin>324</xmin>
			<xmax>434</xmax>
			<ymin>122</ymin>
			<ymax>257</ymax>
		</bndbox>
	</object>
</annotation>
