<annotation>
	<folder></folder>
	<filename>36b3c4ff820e1df6fb6870b214814cf1_jpg.rf.78af1b0f4607395794f71713e138ae6b.jpg</filename>
	<path>36b3c4ff820e1df6fb6870b214814cf1_jpg.rf.78af1b0f4607395794f71713e138ae6b.jpg</path>
	<source>
		<database>roboflow.com</database>
	</source>
	<size>
		<width>416</width>
		<height>416</height>
		<depth>3</depth>
	</size>
	<segmented>0</segmented>
	<object>
		<name>Knife</name>
		<pose>Unspecified</pose>
		<truncated>0</truncated>
		<difficult>0</difficult>
		<occluded>0</occluded>
		<bndbox>
			<xmin>315</xmin>
			<xmax>353</xmax>
			<ymin>173</ymin>
			<ymax>255</ymax>
		</bndbox>
	</object>
	<object>
		<name>Pistol</name>
		<pose>Unspecified</pose>
		<truncated>0</truncated>
		<difficult>0</difficult>
		<occluded>0</occluded>
		<bndbox>
			<xmin>202</xmin>
			<xmax>315</xmax>
			<ymin>146</ymin>
			<ymax>253</ymax>
		</bndbox>
	</object>
	<object>
		<name>Pistol</name>
		<pose>Unspecified</pose>
		<truncated>0</truncated>
		<difficult>0</difficult>
		<occluded>0</occluded>
		<bndbox>
			<xmin>45</xmin>
			<xmax>317</xmax>
			<ymin>50</ymin>
			<ymax>331</ymax>
		</bndbox>
	</object>
	<object>
		<name>Pistol</name>
		<pose>Unspecified</pose>
		<truncated>0</truncated>
		<difficult>0</difficult>
		<occluded>0</occluded>
		<bndbox>
			<xmin>317</xmin>
			<xmax>319</xmax>
			<ymin>330</ymin>
			<ymax>331</ymax>
		</bndbox>
	</object>
</annotation>
