<annotation>
	<folder></folder>
	<filename>3899347_jpg.rf.27203dcce4c9b549edcce48949816e72.jpg</filename>
	<path>3899347_jpg.rf.27203dcce4c9b549edcce48949816e72.jpg</path>
	<source>
		<database>roboflow.com</database>
	</source>
	<size>
		<width>416</width>
		<height>416</height>
		<depth>3</depth>
	</size>
	<segmented>0</segmented>
	<object>
		<name>Grenade</name>
		<pose>Unspecified</pose>
		<truncated>0</truncated>
		<difficult>0</difficult>
		<occluded>0</occluded>
		<bndbox>
			<xmin>291</xmin>
			<xmax>392</xmax>
			<ymin>85</ymin>
			<ymax>203</ymax>
		</bndbox>
	</object>
	<object>
		<name>Knife</name>
		<pose>Unspecified</pose>
		<truncated>0</truncated>
		<difficult>0</difficult>
		<occluded>0</occluded>
		<bndbox>
			<xmin>111</xmin>
			<xmax>380</xmax>
			<ymin>207</ymin>
			<ymax>301</ymax>
		</bndbox>
	</object>
	<object>
		<name>Pistol</name>
		<pose>Unspecified</pose>
		<truncated>0</truncated>
		<difficult>0</difficult>
		<occluded>0</occluded>
		<bndbox>
			<xmin>20</xmin>
			<xmax>362</xmax>
			<ymin>35</ymin>
			<ymax>337</ymax>
		</bndbox>
	</object>
</annotation>
