<annotation>
	<folder></folder>
	<filename>38_jpeg_jpg.rf.bdf1295c25f8dc2d7f24527028645b3f.jpg</filename>
	<path>38_jpeg_jpg.rf.bdf1295c25f8dc2d7f24527028645b3f.jpg</path>
	<source>
		<database>roboflow.com</database>
	</source>
	<size>
		<width>416</width>
		<height>416</height>
		<depth>3</depth>
	</size>
	<segmented>0</segmented>
	<object>
		<name>Gun</name>
		<pose>Unspecified</pose>
		<truncated>0</truncated>
		<difficult>0</difficult>
		<occluded>0</occluded>
		<bndbox>
			<xmin>188</xmin>
			<xmax>287</xmax>
			<ymin>46</ymin>
			<ymax>324</ymax>
		</bndbox>
	</object>
</annotation>
