<annotation>
	<folder></folder>
	<filename>38ae1cba-e1200_jpg.rf.0500dbdf7f0a0f68aacaaa0418c9fe62.jpg</filename>
	<path>38ae1cba-e1200_jpg.rf.0500dbdf7f0a0f68aacaaa0418c9fe62.jpg</path>
	<source>
		<database>roboflow.com</database>
	</source>
	<size>
		<width>416</width>
		<height>416</height>
		<depth>3</depth>
	</size>
	<segmented>0</segmented>
	<object>
		<name>Grenade</name>
		<pose>Unspecified</pose>
		<truncated>0</truncated>
		<difficult>0</difficult>
		<occluded>0</occluded>
		<bndbox>
			<xmin>1</xmin>
			<xmax>117</xmax>
			<ymin>33</ymin>
			<ymax>390</ymax>
		</bndbox>
	</object>
	<object>
		<name>Grenade</name>
		<pose>Unspecified</pose>
		<truncated>0</truncated>
		<difficult>0</difficult>
		<occluded>0</occluded>
		<bndbox>
			<xmin>147</xmin>
			<xmax>280</xmax>
			<ymin>13</ymin>
			<ymax>388</ymax>
		</bndbox>
	</object>
	<object>
		<name>Grenade</name>
		<pose>Unspecified</pose>
		<truncated>0</truncated>
		<difficult>0</difficult>
		<occluded>0</occluded>
		<bndbox>
			<xmin>311</xmin>
			<xmax>414</xmax>
			<ymin>113</ymin>
			<ymax>386</ymax>
		</bndbox>
	</object>
</annotation>
