<annotation>
	<folder></folder>
	<filename>39_jpg.rf.f29c1563e20b1b7d90535bfaaaadd106.jpg</filename>
	<path>39_jpg.rf.f29c1563e20b1b7d90535bfaaaadd106.jpg</path>
	<source>
		<database>roboflow.com</database>
	</source>
	<size>
		<width>416</width>
		<height>416</height>
		<depth>3</depth>
	</size>
	<segmented>0</segmented>
	<object>
		<name>Grenade</name>
		<pose>Unspecified</pose>
		<truncated>0</truncated>
		<difficult>0</difficult>
		<occluded>0</occluded>
		<bndbox>
			<xmin>202</xmin>
			<xmax>221</xmax>
			<ymin>159</ymin>
			<ymax>182</ymax>
		</bndbox>
	</object>
	<object>
		<name>Gun</name>
		<pose>Unspecified</pose>
		<truncated>0</truncated>
		<difficult>0</difficult>
		<occluded>0</occluded>
		<bndbox>
			<xmin>302</xmin>
			<xmax>340</xmax>
			<ymin>137</ymin>
			<ymax>272</ymax>
		</bndbox>
	</object>
</annotation>
