<annotation>
	<folder></folder>
	<filename>3_jpg.rf.2d0475055ce5c5a69ae0d224b2f7c7e0.jpg</filename>
	<path>3_jpg.rf.2d0475055ce5c5a69ae0d224b2f7c7e0.jpg</path>
	<source>
		<database>roboflow.com</database>
	</source>
	<size>
		<width>416</width>
		<height>416</height>
		<depth>3</depth>
	</size>
	<segmented>0</segmented>
	<object>
		<name>Pistol</name>
		<pose>Unspecified</pose>
		<truncated>0</truncated>
		<difficult>0</difficult>
		<occluded>0</occluded>
		<bndbox>
			<xmin>25</xmin>
			<xmax>318</xmax>
			<ymin>20</ymin>
			<ymax>310</ymax>
		</bndbox>
	</object>
	<object>
		<name>Knife</name>
		<pose>Unspecified</pose>
		<truncated>0</truncated>
		<difficult>0</difficult>
		<occluded>0</occluded>
		<bndbox>
			<xmin>147</xmin>
			<xmax>407</xmax>
			<ymin>34</ymin>
			<ymax>402</ymax>
		</bndbox>
	</object>
</annotation>
