<annotation>
	<folder></folder>
	<filename>3ab5984a-e1199_jpg.rf.ac2b5d851310a613feb4331acf6b01aa.jpg</filename>
	<path>3ab5984a-e1199_jpg.rf.ac2b5d851310a613feb4331acf6b01aa.jpg</path>
	<source>
		<database>roboflow.com</database>
	</source>
	<size>
		<width>217</width>
		<height>232</height>
		<depth>3</depth>
	</size>
	<segmented>0</segmented>
	<object>
		<name>Grenade</name>
		<pose>Unspecified</pose>
		<truncated>0</truncated>
		<difficult>0</difficult>
		<occluded>0</occluded>
		<bndbox>
			<xmin>43</xmin>
			<xmax>139</xmax>
			<ymin>21</ymin>
			<ymax>203</ymax>
		</bndbox>
	</object>
</annotation>
