<annotation>
	<folder></folder>
	<filename>3ad21776-images_8_jpeg_jpg.rf.75fb08ab0aedab7a2544fe9e4908e9a4.jpg</filename>
	<path>3ad21776-images_8_jpeg_jpg.rf.75fb08ab0aedab7a2544fe9e4908e9a4.jpg</path>
	<source>
		<database>roboflow.com</database>
	</source>
	<size>
		<width>416</width>
		<height>416</height>
		<depth>3</depth>
	</size>
	<segmented>0</segmented>
	<object>
		<name>Pistol</name>
		<pose>Unspecified</pose>
		<truncated>0</truncated>
		<difficult>0</difficult>
		<occluded>0</occluded>
		<bndbox>
			<xmin>1</xmin>
			<xmax>416</xmax>
			<ymin>1</ymin>
			<ymax>415</ymax>
		</bndbox>
	</object>
</annotation>
