<annotation>
	<folder></folder>
	<filename>3b9697e4-270_jpeg_jpg.rf.a83d206e2595729585f317b170d9c238.jpg</filename>
	<path>3b9697e4-270_jpeg_jpg.rf.a83d206e2595729585f317b170d9c238.jpg</path>
	<source>
		<database>roboflow.com</database>
	</source>
	<size>
		<width>416</width>
		<height>416</height>
		<depth>3</depth>
	</size>
	<segmented>0</segmented>
	<object>
		<name>Pistol</name>
		<pose>Unspecified</pose>
		<truncated>0</truncated>
		<difficult>0</difficult>
		<occluded>0</occluded>
		<bndbox>
			<xmin>68</xmin>
			<xmax>145</xmax>
			<ymin>88</ymin>
			<ymax>244</ymax>
		</bndbox>
	</object>
</annotation>
