<annotation>
	<folder></folder>
	<filename>3bb00486-276_jpeg_jpg.rf.d6f23ce527af9b72579ff4ed5f0aec0f.jpg</filename>
	<path>3bb00486-276_jpeg_jpg.rf.d6f23ce527af9b72579ff4ed5f0aec0f.jpg</path>
	<source>
		<database>roboflow.com</database>
	</source>
	<size>
		<width>416</width>
		<height>416</height>
		<depth>3</depth>
	</size>
	<segmented>0</segmented>
	<object>
		<name>Pistol</name>
		<pose>Unspecified</pose>
		<truncated>0</truncated>
		<difficult>0</difficult>
		<occluded>0</occluded>
		<bndbox>
			<xmin>96</xmin>
			<xmax>148</xmax>
			<ymin>59</ymin>
			<ymax>365</ymax>
		</bndbox>
	</object>
</annotation>
