<annotation>
	<folder></folder>
	<filename>3c417a4cee5bb066c077f00dadfe69bf_jpg.rf.b4ecf1dca9fb4f43ae2dbe919d5035ef.jpg</filename>
	<path>3c417a4cee5bb066c077f00dadfe69bf_jpg.rf.b4ecf1dca9fb4f43ae2dbe919d5035ef.jpg</path>
	<source>
		<database>roboflow.com</database>
	</source>
	<size>
		<width>564</width>
		<height>497</height>
		<depth>3</depth>
	</size>
	<segmented>0</segmented>
	<object>
		<name>Pistol</name>
		<pose>Unspecified</pose>
		<truncated>0</truncated>
		<difficult>0</difficult>
		<occluded>0</occluded>
		<bndbox>
			<xmin>161</xmin>
			<xmax>502</xmax>
			<ymin>13</ymin>
			<ymax>489</ymax>
		</bndbox>
	</object>
	<object>
		<name>Knife</name>
		<pose>Unspecified</pose>
		<truncated>0</truncated>
		<difficult>0</difficult>
		<occluded>0</occluded>
		<bndbox>
			<xmin>56</xmin>
			<xmax>157</xmax>
			<ymin>3</ymin>
			<ymax>477</ymax>
		</bndbox>
	</object>
	<object>
		<name>Grenade</name>
		<pose>Unspecified</pose>
		<truncated>0</truncated>
		<difficult>0</difficult>
		<occluded>0</occluded>
		<bndbox>
			<xmin>393</xmin>
			<xmax>548</xmax>
			<ymin>76</ymin>
			<ymax>287</ymax>
		</bndbox>
	</object>
</annotation>
