<annotation>
	<folder></folder>
	<filename>3cd4701b-e1141_jpg.rf.4f3a27005e8e1db34634d3d9fb2ae1de.jpg</filename>
	<path>3cd4701b-e1141_jpg.rf.4f3a27005e8e1db34634d3d9fb2ae1de.jpg</path>
	<source>
		<database>roboflow.com</database>
	</source>
	<size>
		<width>416</width>
		<height>416</height>
		<depth>3</depth>
	</size>
	<segmented>0</segmented>
	<object>
		<name>Grenade</name>
		<pose>Unspecified</pose>
		<truncated>0</truncated>
		<difficult>0</difficult>
		<occluded>0</occluded>
		<bndbox>
			<xmin>211</xmin>
			<xmax>387</xmax>
			<ymin>164</ymin>
			<ymax>403</ymax>
		</bndbox>
	</object>
</annotation>
