<annotation>
	<folder></folder>
	<filename>3d40a923f83094ec3e35dd7129ad5851_tn_jpg.rf.1df1c204eb57c828e100cc0e228421ee.jpg</filename>
	<path>3d40a923f83094ec3e35dd7129ad5851_tn_jpg.rf.1df1c204eb57c828e100cc0e228421ee.jpg</path>
	<source>
		<database>roboflow.com</database>
	</source>
	<size>
		<width>416</width>
		<height>416</height>
		<depth>3</depth>
	</size>
	<segmented>0</segmented>
	<object>
		<name>Grenade</name>
		<pose>Unspecified</pose>
		<truncated>0</truncated>
		<difficult>0</difficult>
		<occluded>0</occluded>
		<bndbox>
			<xmin>110</xmin>
			<xmax>195</xmax>
			<ymin>266</ymin>
			<ymax>380</ymax>
		</bndbox>
	</object>
	<object>
		<name>Knife</name>
		<pose>Unspecified</pose>
		<truncated>0</truncated>
		<difficult>0</difficult>
		<occluded>0</occluded>
		<bndbox>
			<xmin>353</xmin>
			<xmax>395</xmax>
			<ymin>119</ymin>
			<ymax>339</ymax>
		</bndbox>
	</object>
	<object>
		<name>Pistol</name>
		<pose>Unspecified</pose>
		<truncated>0</truncated>
		<difficult>0</difficult>
		<occluded>0</occluded>
		<bndbox>
			<xmin>210</xmin>
			<xmax>342</xmax>
			<ymin>45</ymin>
			<ymax>265</ymax>
		</bndbox>
	</object>
</annotation>
