<annotation>
	<folder></folder>
	<filename>3d8eefd9-274_jpeg_jpg.rf.014781659fc6a80234d35e8e3ce137c6.jpg</filename>
	<path>3d8eefd9-274_jpeg_jpg.rf.014781659fc6a80234d35e8e3ce137c6.jpg</path>
	<source>
		<database>roboflow.com</database>
	</source>
	<size>
		<width>416</width>
		<height>416</height>
		<depth>3</depth>
	</size>
	<segmented>0</segmented>
	<object>
		<name>Pistol</name>
		<pose>Unspecified</pose>
		<truncated>0</truncated>
		<difficult>0</difficult>
		<occluded>0</occluded>
		<bndbox>
			<xmin>158</xmin>
			<xmax>403</xmax>
			<ymin>54</ymin>
			<ymax>343</ymax>
		</bndbox>
	</object>
</annotation>
