<annotation>
	<folder></folder>
	<filename>3d_military_stuff_pilot_helmet_grenade_usmc_knife_by_cytherina_d8na6a2-pre_jpg.rf.b646d2fba304915d406af6b68c8d26df.jpg</filename>
	<path>3d_military_stuff_pilot_helmet_grenade_usmc_knife_by_cytherina_d8na6a2-pre_jpg.rf.b646d2fba304915d406af6b68c8d26df.jpg</path>
	<source>
		<database>roboflow.com</database>
	</source>
	<size>
		<width>416</width>
		<height>416</height>
		<depth>3</depth>
	</size>
	<segmented>0</segmented>
	<object>
		<name>Knife</name>
		<pose>Unspecified</pose>
		<truncated>0</truncated>
		<difficult>0</difficult>
		<occluded>0</occluded>
		<bndbox>
			<xmin>288</xmin>
			<xmax>386</xmax>
			<ymin>44</ymin>
			<ymax>377</ymax>
		</bndbox>
	</object>
	<object>
		<name>Grenade</name>
		<pose>Unspecified</pose>
		<truncated>0</truncated>
		<difficult>0</difficult>
		<occluded>0</occluded>
		<bndbox>
			<xmin>36</xmin>
			<xmax>105</xmax>
			<ymin>197</ymin>
			<ymax>367</ymax>
		</bndbox>
	</object>
</annotation>
