<annotation>
	<folder></folder>
	<filename>3dcc99e9-us_soldier_afghanistan_127839138_fullwidth_jpg.rf.ffa24b9d455f86dfcd420bbebff265db.jpg</filename>
	<path>3dcc99e9-us_soldier_afghanistan_127839138_fullwidth_jpg.rf.ffa24b9d455f86dfcd420bbebff265db.jpg</path>
	<source>
		<database>roboflow.com</database>
	</source>
	<size>
		<width>416</width>
		<height>416</height>
		<depth>3</depth>
	</size>
	<segmented>0</segmented>
	<object>
		<name>Gun</name>
		<pose>Unspecified</pose>
		<truncated>0</truncated>
		<difficult>0</difficult>
		<occluded>0</occluded>
		<bndbox>
			<xmin>54</xmin>
			<xmax>148</xmax>
			<ymin>116</ymin>
			<ymax>390</ymax>
		</bndbox>
	</object>
</annotation>
