<annotation>
	<folder></folder>
	<filename>3e490b61-320_jpeg_jpg.rf.79bd8d617101e74a1ca8cf9aaa6ac823.jpg</filename>
	<path>3e490b61-320_jpeg_jpg.rf.79bd8d617101e74a1ca8cf9aaa6ac823.jpg</path>
	<source>
		<database>roboflow.com</database>
	</source>
	<size>
		<width>276</width>
		<height>183</height>
		<depth>3</depth>
	</size>
	<segmented>0</segmented>
	<object>
		<name>Pistol</name>
		<pose>Unspecified</pose>
		<truncated>0</truncated>
		<difficult>0</difficult>
		<occluded>0</occluded>
		<bndbox>
			<xmin>60</xmin>
			<xmax>80</xmax>
			<ymin>81</ymin>
			<ymax>164</ymax>
		</bndbox>
	</object>
</annotation>
