<annotation>
	<folder></folder>
	<filename>3e490b61-320_jpeg_jpg.rf.db611f7fa7a213d413cb7125106fe633.jpg</filename>
	<path>3e490b61-320_jpeg_jpg.rf.db611f7fa7a213d413cb7125106fe633.jpg</path>
	<source>
		<database>roboflow.com</database>
	</source>
	<size>
		<width>416</width>
		<height>416</height>
		<depth>3</depth>
	</size>
	<segmented>0</segmented>
	<object>
		<name>Pistol</name>
		<pose>Unspecified</pose>
		<truncated>0</truncated>
		<difficult>0</difficult>
		<occluded>0</occluded>
		<bndbox>
			<xmin>90</xmin>
			<xmax>120</xmax>
			<ymin>183</ymin>
			<ymax>372</ymax>
		</bndbox>
	</object>
</annotation>
