<annotation>
	<folder></folder>
	<filename>3eea3e58-296_jpeg_jpg.rf.60bc4353643b9f5afd9d0b7a1f128818.jpg</filename>
	<path>3eea3e58-296_jpeg_jpg.rf.60bc4353643b9f5afd9d0b7a1f128818.jpg</path>
	<source>
		<database>roboflow.com</database>
	</source>
	<size>
		<width>416</width>
		<height>416</height>
		<depth>3</depth>
	</size>
	<segmented>0</segmented>
	<object>
		<name>Pistol</name>
		<pose>Unspecified</pose>
		<truncated>0</truncated>
		<difficult>0</difficult>
		<occluded>0</occluded>
		<bndbox>
			<xmin>209</xmin>
			<xmax>296</xmax>
			<ymin>174</ymin>
			<ymax>354</ymax>
		</bndbox>
	</object>
</annotation>
