<annotation>
	<folder></folder>
	<filename>3f0ff133-ep236_jpg.rf.38eb62bfe939d721f69b183ca2c1bd92.jpg</filename>
	<path>3f0ff133-ep236_jpg.rf.38eb62bfe939d721f69b183ca2c1bd92.jpg</path>
	<source>
		<database>roboflow.com</database>
	</source>
	<size>
		<width>416</width>
		<height>416</height>
		<depth>3</depth>
	</size>
	<segmented>0</segmented>
	<object>
		<name>Grenade</name>
		<pose>Unspecified</pose>
		<truncated>0</truncated>
		<difficult>0</difficult>
		<occluded>0</occluded>
		<bndbox>
			<xmin>177</xmin>
			<xmax>250</xmax>
			<ymin>142</ymin>
			<ymax>260</ymax>
		</bndbox>
	</object>
</annotation>
