<annotation>
	<folder></folder>
	<filename>3fa29c5344299c1a_jpg.rf.e14977ae7293c3cc3a04d9e0308452c4.jpg</filename>
	<path>3fa29c5344299c1a_jpg.rf.e14977ae7293c3cc3a04d9e0308452c4.jpg</path>
	<source>
		<database>roboflow.com</database>
	</source>
	<size>
		<width>416</width>
		<height>416</height>
		<depth>3</depth>
	</size>
	<segmented>0</segmented>
	<object>
		<name>Gun</name>
		<pose>Unspecified</pose>
		<truncated>0</truncated>
		<difficult>0</difficult>
		<occluded>0</occluded>
		<bndbox>
			<xmin>17</xmin>
			<xmax>387</xmax>
			<ymin>70</ymin>
			<ymax>276</ymax>
		</bndbox>
	</object>
</annotation>
