<annotation>
	<folder></folder>
	<filename>3fd4715c4f09f130af5a230a6a706764_jpg.rf.b9d75e85e94583bd504c6c724c44eb9e.jpg</filename>
	<path>3fd4715c4f09f130af5a230a6a706764_jpg.rf.b9d75e85e94583bd504c6c724c44eb9e.jpg</path>
	<source>
		<database>roboflow.com</database>
	</source>
	<size>
		<width>416</width>
		<height>416</height>
		<depth>3</depth>
	</size>
	<segmented>0</segmented>
	<object>
		<name>Gun</name>
		<pose>Unspecified</pose>
		<truncated>0</truncated>
		<difficult>0</difficult>
		<occluded>0</occluded>
		<bndbox>
			<xmin>259</xmin>
			<xmax>370</xmax>
			<ymin>213</ymin>
			<ymax>235</ymax>
		</bndbox>
	</object>
	<object>
		<name>Pistol</name>
		<pose>Unspecified</pose>
		<truncated>0</truncated>
		<difficult>0</difficult>
		<occluded>0</occluded>
		<bndbox>
			<xmin>203</xmin>
			<xmax>243</xmax>
			<ymin>294</ymin>
			<ymax>311</ymax>
		</bndbox>
	</object>
	<object>
		<name>Grenade</name>
		<pose>Unspecified</pose>
		<truncated>0</truncated>
		<difficult>0</difficult>
		<occluded>0</occluded>
		<bndbox>
			<xmin>352</xmin>
			<xmax>367</xmax>
			<ymin>361</ymin>
			<ymax>375</ymax>
		</bndbox>
	</object>
</annotation>
