<annotation>
	<folder></folder>
	<filename>403145-sepik_jpg.rf.c0e190e388d68bea859697a4ec1d3b42.jpg</filename>
	<path>403145-sepik_jpg.rf.c0e190e388d68bea859697a4ec1d3b42.jpg</path>
	<source>
		<database>roboflow.com</database>
	</source>
	<size>
		<width>416</width>
		<height>416</height>
		<depth>3</depth>
	</size>
	<segmented>0</segmented>
	<object>
		<name>Pistol</name>
		<pose>Unspecified</pose>
		<truncated>0</truncated>
		<difficult>0</difficult>
		<occluded>0</occluded>
		<bndbox>
			<xmin>103</xmin>
			<xmax>176</xmax>
			<ymin>224</ymin>
			<ymax>367</ymax>
		</bndbox>
	</object>
	<object>
		<name>Knife</name>
		<pose>Unspecified</pose>
		<truncated>0</truncated>
		<difficult>0</difficult>
		<occluded>0</occluded>
		<bndbox>
			<xmin>266</xmin>
			<xmax>361</xmax>
			<ymin>191</ymin>
			<ymax>341</ymax>
		</bndbox>
	</object>
	<object>
		<name>Gun</name>
		<pose>Unspecified</pose>
		<truncated>0</truncated>
		<difficult>0</difficult>
		<occluded>0</occluded>
		<bndbox>
			<xmin>6</xmin>
			<xmax>399</xmax>
			<ymin>15</ymin>
			<ymax>260</ymax>
		</bndbox>
	</object>
</annotation>
