<annotation>
	<folder></folder>
	<filename>4272035582_c01fc60147_b_jpg.rf.c4ac86c4d6deef35d7a1a229ac79d5ee.jpg</filename>
	<path>4272035582_c01fc60147_b_jpg.rf.c4ac86c4d6deef35d7a1a229ac79d5ee.jpg</path>
	<source>
		<database>roboflow.com</database>
	</source>
	<size>
		<width>416</width>
		<height>416</height>
		<depth>3</depth>
	</size>
	<segmented>0</segmented>
	<object>
		<name>Pistol</name>
		<pose>Unspecified</pose>
		<truncated>0</truncated>
		<difficult>0</difficult>
		<occluded>0</occluded>
		<bndbox>
			<xmin>245</xmin>
			<xmax>413</xmax>
			<ymin>172</ymin>
			<ymax>335</ymax>
		</bndbox>
	</object>
	<object>
		<name>Grenade</name>
		<pose>Unspecified</pose>
		<truncated>0</truncated>
		<difficult>0</difficult>
		<occluded>0</occluded>
		<bndbox>
			<xmin>81</xmin>
			<xmax>115</xmax>
			<ymin>179</ymin>
			<ymax>252</ymax>
		</bndbox>
	</object>
	<object>
		<name>Grenade</name>
		<pose>Unspecified</pose>
		<truncated>0</truncated>
		<difficult>0</difficult>
		<occluded>0</occluded>
		<bndbox>
			<xmin>144</xmin>
			<xmax>180</xmax>
			<ymin>209</ymin>
			<ymax>290</ymax>
		</bndbox>
	</object>
	<object>
		<name>Grenade</name>
		<pose>Unspecified</pose>
		<truncated>0</truncated>
		<difficult>0</difficult>
		<occluded>0</occluded>
		<bndbox>
			<xmin>208</xmin>
			<xmax>264</xmax>
			<ymin>226</ymin>
			<ymax>308</ymax>
		</bndbox>
	</object>
</annotation>
