<annotation>
	<folder></folder>
	<filename>429d373779f5ddba310d037c2554ad2a_jpg.rf.42ac5dc1908fc0d21babb49d1ab90f3e.jpg</filename>
	<path>429d373779f5ddba310d037c2554ad2a_jpg.rf.42ac5dc1908fc0d21babb49d1ab90f3e.jpg</path>
	<source>
		<database>roboflow.com</database>
	</source>
	<size>
		<width>416</width>
		<height>416</height>
		<depth>3</depth>
	</size>
	<segmented>0</segmented>
	<object>
		<name>Gun</name>
		<pose>Unspecified</pose>
		<truncated>0</truncated>
		<difficult>0</difficult>
		<occluded>0</occluded>
		<bndbox>
			<xmin>6</xmin>
			<xmax>390</xmax>
			<ymin>5</ymin>
			<ymax>202</ymax>
		</bndbox>
	</object>
	<object>
		<name>Grenade</name>
		<pose>Unspecified</pose>
		<truncated>0</truncated>
		<difficult>0</difficult>
		<occluded>0</occluded>
		<bndbox>
			<xmin>36</xmin>
			<xmax>69</xmax>
			<ymin>119</ymin>
			<ymax>233</ymax>
		</bndbox>
	</object>
	<object>
		<name>Pistol</name>
		<pose>Unspecified</pose>
		<truncated>0</truncated>
		<difficult>0</difficult>
		<occluded>0</occluded>
		<bndbox>
			<xmin>116</xmin>
			<xmax>226</xmax>
			<ymin>280</ymin>
			<ymax>381</ymax>
		</bndbox>
	</object>
</annotation>
