<annotation>
	<folder></folder>
	<filename>43378ca2-istockphoto-1297840324-612x612_jpg.rf.8b237b4fe27469ce1872313ffba15d6b.jpg</filename>
	<path>43378ca2-istockphoto-1297840324-612x612_jpg.rf.8b237b4fe27469ce1872313ffba15d6b.jpg</path>
	<source>
		<database>roboflow.com</database>
	</source>
	<size>
		<width>416</width>
		<height>416</height>
		<depth>3</depth>
	</size>
	<segmented>0</segmented>
	<object>
		<name>Knife</name>
		<pose>Unspecified</pose>
		<truncated>0</truncated>
		<difficult>0</difficult>
		<occluded>0</occluded>
		<bndbox>
			<xmin>137</xmin>
			<xmax>267</xmax>
			<ymin>36</ymin>
			<ymax>397</ymax>
		</bndbox>
	</object>
</annotation>
