<annotation>
	<folder></folder>
	<filename>43be3740-298_jpeg_jpg.rf.4a84185a5bfd942d17f2b8aa3f099669.jpg</filename>
	<path>43be3740-298_jpeg_jpg.rf.4a84185a5bfd942d17f2b8aa3f099669.jpg</path>
	<source>
		<database>roboflow.com</database>
	</source>
	<size>
		<width>344</width>
		<height>147</height>
		<depth>3</depth>
	</size>
	<segmented>0</segmented>
	<object>
		<name>Pistol</name>
		<pose>Unspecified</pose>
		<truncated>0</truncated>
		<difficult>0</difficult>
		<occluded>0</occluded>
		<bndbox>
			<xmin>107</xmin>
			<xmax>340</xmax>
			<ymin>8</ymin>
			<ymax>146</ymax>
		</bndbox>
	</object>
</annotation>
