<annotation>
	<folder></folder>
	<filename>43be3740-298_jpeg_jpg.rf.e0675d94bc8bdc61c0a5b47a1ae816e0.jpg</filename>
	<path>43be3740-298_jpeg_jpg.rf.e0675d94bc8bdc61c0a5b47a1ae816e0.jpg</path>
	<source>
		<database>roboflow.com</database>
	</source>
	<size>
		<width>416</width>
		<height>416</height>
		<depth>3</depth>
	</size>
	<segmented>0</segmented>
	<object>
		<name>Pistol</name>
		<pose>Unspecified</pose>
		<truncated>0</truncated>
		<difficult>0</difficult>
		<occluded>0</occluded>
		<bndbox>
			<xmin>129</xmin>
			<xmax>411</xmax>
			<ymin>21</ymin>
			<ymax>412</ymax>
		</bndbox>
	</object>
</annotation>
