<annotation>
	<folder></folder>
	<filename>44d8a0340a8fe66a87378458d3f3e63d_jpg.rf.dda6f9c69c001b67866323bee83060b1.jpg</filename>
	<path>44d8a0340a8fe66a87378458d3f3e63d_jpg.rf.dda6f9c69c001b67866323bee83060b1.jpg</path>
	<source>
		<database>roboflow.com</database>
	</source>
	<size>
		<width>416</width>
		<height>416</height>
		<depth>3</depth>
	</size>
	<segmented>0</segmented>
	<object>
		<name>Gun</name>
		<pose>Unspecified</pose>
		<truncated>0</truncated>
		<difficult>0</difficult>
		<occluded>0</occluded>
		<bndbox>
			<xmin>316</xmin>
			<xmax>417</xmax>
			<ymin>34</ymin>
			<ymax>337</ymax>
		</bndbox>
	</object>
	<object>
		<name>Grenade</name>
		<pose>Unspecified</pose>
		<truncated>0</truncated>
		<difficult>0</difficult>
		<occluded>0</occluded>
		<bndbox>
			<xmin>9</xmin>
			<xmax>43</xmax>
			<ymin>278</ymin>
			<ymax>335</ymax>
		</bndbox>
	</object>
	<object>
		<name>Grenade</name>
		<pose>Unspecified</pose>
		<truncated>0</truncated>
		<difficult>0</difficult>
		<occluded>0</occluded>
		<bndbox>
			<xmin>39</xmin>
			<xmax>78</xmax>
			<ymin>271</ymin>
			<ymax>341</ymax>
		</bndbox>
	</object>
	<object>
		<name>Knife</name>
		<pose>Unspecified</pose>
		<truncated>0</truncated>
		<difficult>0</difficult>
		<occluded>0</occluded>
		<bndbox>
			<xmin>215</xmin>
			<xmax>305</xmax>
			<ymin>259</ymin>
			<ymax>284</ymax>
		</bndbox>
	</object>
	<object>
		<name>Pistol</name>
		<pose>Unspecified</pose>
		<truncated>0</truncated>
		<difficult>0</difficult>
		<occluded>0</occluded>
		<bndbox>
			<xmin>227</xmin>
			<xmax>333</xmax>
			<ymin>279</ymin>
			<ymax>338</ymax>
		</bndbox>
	</object>
</annotation>
