<annotation>
	<folder></folder>
	<filename>46_jpg.rf.c193f58e5bbef93e5a960e56ccfe3606.jpg</filename>
	<path>46_jpg.rf.c193f58e5bbef93e5a960e56ccfe3606.jpg</path>
	<source>
		<database>roboflow.com</database>
	</source>
	<size>
		<width>1300</width>
		<height>956</height>
		<depth>3</depth>
	</size>
	<segmented>0</segmented>
	<object>
		<name>Knife</name>
		<pose>Unspecified</pose>
		<truncated>0</truncated>
		<difficult>0</difficult>
		<occluded>0</occluded>
		<bndbox>
			<xmin>28</xmin>
			<xmax>243</xmax>
			<ymin>49</ymin>
			<ymax>136</ymax>
		</bndbox>
	</object>
</annotation>
