<annotation>
	<folder></folder>
	<filename>46e63bf3-e1148_jpg.rf.f288d34337e2042b7749225860bc6d5e.jpg</filename>
	<path>46e63bf3-e1148_jpg.rf.f288d34337e2042b7749225860bc6d5e.jpg</path>
	<source>
		<database>roboflow.com</database>
	</source>
	<size>
		<width>612</width>
		<height>406</height>
		<depth>3</depth>
	</size>
	<segmented>0</segmented>
	<object>
		<name>Grenade</name>
		<pose>Unspecified</pose>
		<truncated>0</truncated>
		<difficult>0</difficult>
		<occluded>0</occluded>
		<bndbox>
			<xmin>338</xmin>
			<xmax>557</xmax>
			<ymin>15</ymin>
			<ymax>384</ymax>
		</bndbox>
	</object>
</annotation>
