<annotation>
	<folder></folder>
	<filename>48_jpg.rf.8574a6040cec4ff2a638d07f14062c12.jpg</filename>
	<path>48_jpg.rf.8574a6040cec4ff2a638d07f14062c12.jpg</path>
	<source>
		<database>roboflow.com</database>
	</source>
	<size>
		<width>416</width>
		<height>416</height>
		<depth>3</depth>
	</size>
	<segmented>0</segmented>
	<object>
		<name>Knife</name>
		<pose>Unspecified</pose>
		<truncated>0</truncated>
		<difficult>0</difficult>
		<occluded>0</occluded>
		<bndbox>
			<xmin>105</xmin>
			<xmax>189</xmax>
			<ymin>182</ymin>
			<ymax>387</ymax>
		</bndbox>
	</object>
	<object>
		<name>Pistol</name>
		<pose>Unspecified</pose>
		<truncated>0</truncated>
		<difficult>0</difficult>
		<occluded>0</occluded>
		<bndbox>
			<xmin>220</xmin>
			<xmax>406</xmax>
			<ymin>72</ymin>
			<ymax>216</ymax>
		</bndbox>
	</object>
</annotation>
