<annotation>
	<folder></folder>
	<filename>48fb2679b339e714bde5a80e82057612_jpg.rf.81aec5714a575e1008230b92237d9c93.jpg</filename>
	<path>48fb2679b339e714bde5a80e82057612_jpg.rf.81aec5714a575e1008230b92237d9c93.jpg</path>
	<source>
		<database>roboflow.com</database>
	</source>
	<size>
		<width>416</width>
		<height>416</height>
		<depth>3</depth>
	</size>
	<segmented>0</segmented>
	<object>
		<name>Gun</name>
		<pose>Unspecified</pose>
		<truncated>0</truncated>
		<difficult>0</difficult>
		<occluded>0</occluded>
		<bndbox>
			<xmin>53</xmin>
			<xmax>368</xmax>
			<ymin>268</ymin>
			<ymax>383</ymax>
		</bndbox>
	</object>
	<object>
		<name>Pistol</name>
		<pose>Unspecified</pose>
		<truncated>0</truncated>
		<difficult>0</difficult>
		<occluded>0</occluded>
		<bndbox>
			<xmin>299</xmin>
			<xmax>348</xmax>
			<ymin>114</ymin>
			<ymax>182</ymax>
		</bndbox>
	</object>
	<object>
		<name>Grenade</name>
		<pose>Unspecified</pose>
		<truncated>0</truncated>
		<difficult>0</difficult>
		<occluded>0</occluded>
		<bndbox>
			<xmin>263</xmin>
			<xmax>293</xmax>
			<ymin>195</ymin>
			<ymax>235</ymax>
		</bndbox>
	</object>
</annotation>
