<annotation>
	<folder></folder>
	<filename>494dcd3628b9e5936b1e51bbef4aad35_jpg.rf.b1a52ef705b89e802a14c121667b928c.jpg</filename>
	<path>494dcd3628b9e5936b1e51bbef4aad35_jpg.rf.b1a52ef705b89e802a14c121667b928c.jpg</path>
	<source>
		<database>roboflow.com</database>
	</source>
	<size>
		<width>416</width>
		<height>416</height>
		<depth>3</depth>
	</size>
	<segmented>0</segmented>
	<object>
		<name>Gun</name>
		<pose>Unspecified</pose>
		<truncated>0</truncated>
		<difficult>0</difficult>
		<occluded>0</occluded>
		<bndbox>
			<xmin>10</xmin>
			<xmax>242</xmax>
			<ymin>2</ymin>
			<ymax>347</ymax>
		</bndbox>
	</object>
	<object>
		<name>Pistol</name>
		<pose>Unspecified</pose>
		<truncated>0</truncated>
		<difficult>0</difficult>
		<occluded>0</occluded>
		<bndbox>
			<xmin>166</xmin>
			<xmax>332</xmax>
			<ymin>157</ymin>
			<ymax>274</ymax>
		</bndbox>
	</object>
	<object>
		<name>Gun</name>
		<pose>Unspecified</pose>
		<truncated>0</truncated>
		<difficult>0</difficult>
		<occluded>0</occluded>
		<bndbox>
			<xmin>213</xmin>
			<xmax>417</xmax>
			<ymin>1</ymin>
			<ymax>209</ymax>
		</bndbox>
	</object>
	<object>
		<name>Knife</name>
		<pose>Unspecified</pose>
		<truncated>0</truncated>
		<difficult>0</difficult>
		<occluded>0</occluded>
		<bndbox>
			<xmin>201</xmin>
			<xmax>382</xmax>
			<ymin>239</ymin>
			<ymax>408</ymax>
		</bndbox>
	</object>
</annotation>
