<annotation>
	<folder></folder>
	<filename>49_jpg.rf.34f09e7ae837c14a52fa3988d049365a.jpg</filename>
	<path>49_jpg.rf.34f09e7ae837c14a52fa3988d049365a.jpg</path>
	<source>
		<database>roboflow.com</database>
	</source>
	<size>
		<width>923</width>
		<height>1390</height>
		<depth>3</depth>
	</size>
	<segmented>0</segmented>
	<object>
		<name>Pistol</name>
		<pose>Unspecified</pose>
		<truncated>0</truncated>
		<difficult>0</difficult>
		<occluded>0</occluded>
		<bndbox>
			<xmin>402</xmin>
			<xmax>581</xmax>
			<ymin>257</ymin>
			<ymax>509</ymax>
		</bndbox>
	</object>
	<object>
		<name>Gun</name>
		<pose>Unspecified</pose>
		<truncated>0</truncated>
		<difficult>0</difficult>
		<occluded>0</occluded>
		<bndbox>
			<xmin>107</xmin>
			<xmax>352</xmax>
			<ymin>634</ymin>
			<ymax>1319</ymax>
		</bndbox>
	</object>
</annotation>
