<annotation>
	<folder></folder>
	<filename>49d5a6f3-222_jpeg_jpg.rf.4ac4a01a7049783695629006af8b3965.jpg</filename>
	<path>49d5a6f3-222_jpeg_jpg.rf.4ac4a01a7049783695629006af8b3965.jpg</path>
	<source>
		<database>roboflow.com</database>
	</source>
	<size>
		<width>416</width>
		<height>416</height>
		<depth>3</depth>
	</size>
	<segmented>0</segmented>
	<object>
		<name>Pistol</name>
		<pose>Unspecified</pose>
		<truncated>0</truncated>
		<difficult>0</difficult>
		<occluded>0</occluded>
		<bndbox>
			<xmin>10</xmin>
			<xmax>222</xmax>
			<ymin>26</ymin>
			<ymax>261</ymax>
		</bndbox>
	</object>
</annotation>
