<annotation>
	<folder></folder>
	<filename>49e721b3-237_jpeg_jpg.rf.4a2f00122dc742f051c3cc740ace2d36.jpg</filename>
	<path>49e721b3-237_jpeg_jpg.rf.4a2f00122dc742f051c3cc740ace2d36.jpg</path>
	<source>
		<database>roboflow.com</database>
	</source>
	<size>
		<width>416</width>
		<height>416</height>
		<depth>3</depth>
	</size>
	<segmented>0</segmented>
	<object>
		<name>Pistol</name>
		<pose>Unspecified</pose>
		<truncated>0</truncated>
		<difficult>0</difficult>
		<occluded>0</occluded>
		<bndbox>
			<xmin>270</xmin>
			<xmax>378</xmax>
			<ymin>10</ymin>
			<ymax>158</ymax>
		</bndbox>
	</object>
</annotation>
