<annotation>
	<folder></folder>
	<filename>4_jpeg_jpg.rf.b8c699f45e2346ef1592ec9b60a17028.jpg</filename>
	<path>4_jpeg_jpg.rf.b8c699f45e2346ef1592ec9b60a17028.jpg</path>
	<source>
		<database>roboflow.com</database>
	</source>
	<size>
		<width>416</width>
		<height>416</height>
		<depth>3</depth>
	</size>
	<segmented>0</segmented>
	<object>
		<name>Gun</name>
		<pose>Unspecified</pose>
		<truncated>0</truncated>
		<difficult>0</difficult>
		<occluded>0</occluded>
		<bndbox>
			<xmin>176</xmin>
			<xmax>417</xmax>
			<ymin>106</ymin>
			<ymax>220</ymax>
		</bndbox>
	</object>
</annotation>
