<annotation>
	<folder></folder>
	<filename>4ab3f8d9f38d704fb0231fe9e055725b_jpg.rf.14ffa9971e3b5c3b0398d9cc27389f8f.jpg</filename>
	<path>4ab3f8d9f38d704fb0231fe9e055725b_jpg.rf.14ffa9971e3b5c3b0398d9cc27389f8f.jpg</path>
	<source>
		<database>roboflow.com</database>
	</source>
	<size>
		<width>736</width>
		<height>736</height>
		<depth>3</depth>
	</size>
	<segmented>0</segmented>
	<object>
		<name>Pistol</name>
		<pose>Unspecified</pose>
		<truncated>0</truncated>
		<difficult>0</difficult>
		<occluded>0</occluded>
		<bndbox>
			<xmin>98</xmin>
			<xmax>686</xmax>
			<ymin>3</ymin>
			<ymax>721</ymax>
		</bndbox>
	</object>
	<object>
		<name>Grenade</name>
		<pose>Unspecified</pose>
		<truncated>0</truncated>
		<difficult>0</difficult>
		<occluded>0</occluded>
		<bndbox>
			<xmin>360</xmin>
			<xmax>666</xmax>
			<ymin>117</ymin>
			<ymax>461</ymax>
		</bndbox>
	</object>
</annotation>
