<annotation>
	<folder></folder>
	<filename>4ab3f8d9f38d704fb0231fe9e055725b_jpg.rf.1cb1ecff9d293aec68b2025385e0bf80.jpg</filename>
	<path>4ab3f8d9f38d704fb0231fe9e055725b_jpg.rf.1cb1ecff9d293aec68b2025385e0bf80.jpg</path>
	<source>
		<database>roboflow.com</database>
	</source>
	<size>
		<width>416</width>
		<height>416</height>
		<depth>3</depth>
	</size>
	<segmented>0</segmented>
	<object>
		<name>Pistol</name>
		<pose>Unspecified</pose>
		<truncated>0</truncated>
		<difficult>0</difficult>
		<occluded>0</occluded>
		<bndbox>
			<xmin>56</xmin>
			<xmax>388</xmax>
			<ymin>2</ymin>
			<ymax>408</ymax>
		</bndbox>
	</object>
	<object>
		<name>Grenade</name>
		<pose>Unspecified</pose>
		<truncated>0</truncated>
		<difficult>0</difficult>
		<occluded>0</occluded>
		<bndbox>
			<xmin>204</xmin>
			<xmax>377</xmax>
			<ymin>67</ymin>
			<ymax>262</ymax>
		</bndbox>
	</object>
</annotation>
