<annotation>
	<folder></folder>
	<filename>4bb034e147f43cd2fc1ab1ba4395586a_jpg.rf.2ad1a050c6116cd661091613aec4c775.jpg</filename>
	<path>4bb034e147f43cd2fc1ab1ba4395586a_jpg.rf.2ad1a050c6116cd661091613aec4c775.jpg</path>
	<source>
		<database>roboflow.com</database>
	</source>
	<size>
		<width>416</width>
		<height>416</height>
		<depth>3</depth>
	</size>
	<segmented>0</segmented>
	<object>
		<name>Gun</name>
		<pose>Unspecified</pose>
		<truncated>0</truncated>
		<difficult>0</difficult>
		<occluded>0</occluded>
		<bndbox>
			<xmin>8</xmin>
			<xmax>417</xmax>
			<ymin>26</ymin>
			<ymax>147</ymax>
		</bndbox>
	</object>
	<object>
		<name>Gun</name>
		<pose>Unspecified</pose>
		<truncated>0</truncated>
		<difficult>0</difficult>
		<occluded>0</occluded>
		<bndbox>
			<xmin>24</xmin>
			<xmax>363</xmax>
			<ymin>132</ymin>
			<ymax>253</ymax>
		</bndbox>
	</object>
	<object>
		<name>Gun</name>
		<pose>Unspecified</pose>
		<truncated>0</truncated>
		<difficult>0</difficult>
		<occluded>0</occluded>
		<bndbox>
			<xmin>1</xmin>
			<xmax>335</xmax>
			<ymin>283</ymin>
			<ymax>417</ymax>
		</bndbox>
	</object>
	<object>
		<name>Pistol</name>
		<pose>Unspecified</pose>
		<truncated>0</truncated>
		<difficult>0</difficult>
		<occluded>0</occluded>
		<bndbox>
			<xmin>258</xmin>
			<xmax>354</xmax>
			<ymin>226</ymin>
			<ymax>294</ymax>
		</bndbox>
	</object>
</annotation>
