<annotation>
	<folder></folder>
	<filename>4bded1c3-315_jpeg_jpg.rf.dacbea14a644714e20f7e958519f7d6a.jpg</filename>
	<path>4bded1c3-315_jpeg_jpg.rf.dacbea14a644714e20f7e958519f7d6a.jpg</path>
	<source>
		<database>roboflow.com</database>
	</source>
	<size>
		<width>416</width>
		<height>416</height>
		<depth>3</depth>
	</size>
	<segmented>0</segmented>
	<object>
		<name>Pistol</name>
		<pose>Unspecified</pose>
		<truncated>0</truncated>
		<difficult>0</difficult>
		<occluded>0</occluded>
		<bndbox>
			<xmin>45</xmin>
			<xmax>119</xmax>
			<ymin>52</ymin>
			<ymax>247</ymax>
		</bndbox>
	</object>
	<object>
		<name>Pistol</name>
		<pose>Unspecified</pose>
		<truncated>0</truncated>
		<difficult>0</difficult>
		<occluded>0</occluded>
		<bndbox>
			<xmin>159</xmin>
			<xmax>209</xmax>
			<ymin>176</ymin>
			<ymax>327</ymax>
		</bndbox>
	</object>
	<object>
		<name>Pistol</name>
		<pose>Unspecified</pose>
		<truncated>0</truncated>
		<difficult>0</difficult>
		<occluded>0</occluded>
		<bndbox>
			<xmin>337</xmin>
			<xmax>389</xmax>
			<ymin>48</ymin>
			<ymax>184</ymax>
		</bndbox>
	</object>
</annotation>
