<annotation>
	<folder></folder>
	<filename>4c120324-ep255_jpg.rf.6d93c4b3bf75e5c2f39775bbed2f2bf7.jpg</filename>
	<path>4c120324-ep255_jpg.rf.6d93c4b3bf75e5c2f39775bbed2f2bf7.jpg</path>
	<source>
		<database>roboflow.com</database>
	</source>
	<size>
		<width>416</width>
		<height>416</height>
		<depth>3</depth>
	</size>
	<segmented>0</segmented>
	<object>
		<name>Grenade</name>
		<pose>Unspecified</pose>
		<truncated>0</truncated>
		<difficult>0</difficult>
		<occluded>0</occluded>
		<bndbox>
			<xmin>185</xmin>
			<xmax>226</xmax>
			<ymin>163</ymin>
			<ymax>254</ymax>
		</bndbox>
	</object>
</annotation>
