<annotation>
	<folder></folder>
	<filename>4c41eeb7-e1396_jpg.rf.1189dc4c11c6d91724d05655da320c89.jpg</filename>
	<path>4c41eeb7-e1396_jpg.rf.1189dc4c11c6d91724d05655da320c89.jpg</path>
	<source>
		<database>roboflow.com</database>
	</source>
	<size>
		<width>612</width>
		<height>408</height>
		<depth>3</depth>
	</size>
	<segmented>0</segmented>
	<object>
		<name>Grenade</name>
		<pose>Unspecified</pose>
		<truncated>0</truncated>
		<difficult>0</difficult>
		<occluded>0</occluded>
		<bndbox>
			<xmin>314</xmin>
			<xmax>458</xmax>
			<ymin>167</ymin>
			<ymax>244</ymax>
		</bndbox>
	</object>
</annotation>
