<annotation>
	<folder></folder>
	<filename>4cb211ac0429dc46_jpg.rf.58b217e511bbc5f568e645deb5499bba.jpg</filename>
	<path>4cb211ac0429dc46_jpg.rf.58b217e511bbc5f568e645deb5499bba.jpg</path>
	<source>
		<database>roboflow.com</database>
	</source>
	<size>
		<width>416</width>
		<height>416</height>
		<depth>3</depth>
	</size>
	<segmented>0</segmented>
	<object>
		<name>Gun</name>
		<pose>Unspecified</pose>
		<truncated>0</truncated>
		<difficult>0</difficult>
		<occluded>0</occluded>
		<bndbox>
			<xmin>169</xmin>
			<xmax>286</xmax>
			<ymin>217</ymin>
			<ymax>359</ymax>
		</bndbox>
	</object>
	<object>
		<name>Gun</name>
		<pose>Unspecified</pose>
		<truncated>0</truncated>
		<difficult>0</difficult>
		<occluded>0</occluded>
		<bndbox>
			<xmin>35</xmin>
			<xmax>124</xmax>
			<ymin>108</ymin>
			<ymax>255</ymax>
		</bndbox>
	</object>
	<object>
		<name>Gun</name>
		<pose>Unspecified</pose>
		<truncated>0</truncated>
		<difficult>0</difficult>
		<occluded>0</occluded>
		<bndbox>
			<xmin>134</xmin>
			<xmax>225</xmax>
			<ymin>71</ymin>
			<ymax>197</ymax>
		</bndbox>
	</object>
	<object>
		<name>Gun</name>
		<pose>Unspecified</pose>
		<truncated>0</truncated>
		<difficult>0</difficult>
		<occluded>0</occluded>
		<bndbox>
			<xmin>270</xmin>
			<xmax>363</xmax>
			<ymin>97</ymin>
			<ymax>229</ymax>
		</bndbox>
	</object>
</annotation>
