<annotation>
	<folder></folder>
	<filename>4cfed037-26_jpeg_jpg.rf.e010c8ba0d9849b95bdb8391b7f95f21.jpg</filename>
	<path>4cfed037-26_jpeg_jpg.rf.e010c8ba0d9849b95bdb8391b7f95f21.jpg</path>
	<source>
		<database>roboflow.com</database>
	</source>
	<size>
		<width>416</width>
		<height>416</height>
		<depth>3</depth>
	</size>
	<segmented>0</segmented>
	<object>
		<name>Pistol</name>
		<pose>Unspecified</pose>
		<truncated>0</truncated>
		<difficult>0</difficult>
		<occluded>0</occluded>
		<bndbox>
			<xmin>48</xmin>
			<xmax>196</xmax>
			<ymin>16</ymin>
			<ymax>368</ymax>
		</bndbox>
	</object>
	<object>
		<name>Pistol</name>
		<pose>Unspecified</pose>
		<truncated>0</truncated>
		<difficult>0</difficult>
		<occluded>0</occluded>
		<bndbox>
			<xmin>210</xmin>
			<xmax>380</xmax>
			<ymin>1</ymin>
			<ymax>368</ymax>
		</bndbox>
	</object>
</annotation>
