<annotation>
	<folder></folder>
	<filename>4d378873-e1279_jpg.rf.f4e4e7e02feca7b0fc076b0f27f230a3.jpg</filename>
	<path>4d378873-e1279_jpg.rf.f4e4e7e02feca7b0fc076b0f27f230a3.jpg</path>
	<source>
		<database>roboflow.com</database>
	</source>
	<size>
		<width>416</width>
		<height>416</height>
		<depth>3</depth>
	</size>
	<segmented>0</segmented>
	<object>
		<name>Grenade</name>
		<pose>Unspecified</pose>
		<truncated>0</truncated>
		<difficult>0</difficult>
		<occluded>0</occluded>
		<bndbox>
			<xmin>222</xmin>
			<xmax>353</xmax>
			<ymin>109</ymin>
			<ymax>247</ymax>
		</bndbox>
	</object>
</annotation>
