<annotation>
	<folder></folder>
	<filename>4d8f4901-132_jpeg_jpg.rf.6e887bd520511ed0483fd8465ade81d4.jpg</filename>
	<path>4d8f4901-132_jpeg_jpg.rf.6e887bd520511ed0483fd8465ade81d4.jpg</path>
	<source>
		<database>roboflow.com</database>
	</source>
	<size>
		<width>416</width>
		<height>416</height>
		<depth>3</depth>
	</size>
	<segmented>0</segmented>
	<object>
		<name>Pistol</name>
		<pose>Unspecified</pose>
		<truncated>0</truncated>
		<difficult>0</difficult>
		<occluded>0</occluded>
		<bndbox>
			<xmin>86</xmin>
			<xmax>201</xmax>
			<ymin>125</ymin>
			<ymax>304</ymax>
		</bndbox>
	</object>
</annotation>
