<annotation>
	<folder></folder>
	<filename>4e6e10f2-ep271_jpg.rf.a4c01436b814f63819ad0f36e1273bcd.jpg</filename>
	<path>4e6e10f2-ep271_jpg.rf.a4c01436b814f63819ad0f36e1273bcd.jpg</path>
	<source>
		<database>roboflow.com</database>
	</source>
	<size>
		<width>612</width>
		<height>408</height>
		<depth>3</depth>
	</size>
	<segmented>0</segmented>
	<object>
		<name>Grenade</name>
		<pose>Unspecified</pose>
		<truncated>0</truncated>
		<difficult>0</difficult>
		<occluded>0</occluded>
		<bndbox>
			<xmin>264</xmin>
			<xmax>361</xmax>
			<ymin>144</ymin>
			<ymax>236</ymax>
		</bndbox>
	</object>
</annotation>
