<annotation>
	<folder></folder>
	<filename>4eae33dfe1ed2baafb4fc193169f2c0f_jpg.rf.235134c53b9d75dc1089f1d9bfe4b011.jpg</filename>
	<path>4eae33dfe1ed2baafb4fc193169f2c0f_jpg.rf.235134c53b9d75dc1089f1d9bfe4b011.jpg</path>
	<source>
		<database>roboflow.com</database>
	</source>
	<size>
		<width>416</width>
		<height>416</height>
		<depth>3</depth>
	</size>
	<segmented>0</segmented>
	<object>
		<name>Gun</name>
		<pose>Unspecified</pose>
		<truncated>0</truncated>
		<difficult>0</difficult>
		<occluded>0</occluded>
		<bndbox>
			<xmin>197</xmin>
			<xmax>260</xmax>
			<ymin>19</ymin>
			<ymax>199</ymax>
		</bndbox>
	</object>
	<object>
		<name>Pistol</name>
		<pose>Unspecified</pose>
		<truncated>0</truncated>
		<difficult>0</difficult>
		<occluded>0</occluded>
		<bndbox>
			<xmin>58</xmin>
			<xmax>116</xmax>
			<ymin>265</ymin>
			<ymax>299</ymax>
		</bndbox>
	</object>
	<object>
		<name>Grenade</name>
		<pose>Unspecified</pose>
		<truncated>0</truncated>
		<difficult>0</difficult>
		<occluded>0</occluded>
		<bndbox>
			<xmin>174</xmin>
			<xmax>192</xmax>
			<ymin>192</ymin>
			<ymax>232</ymax>
		</bndbox>
	</object>
</annotation>
