<annotation>
	<folder></folder>
	<filename>50_jpeg_jpg.rf.9ee19f51c533a07a1c448f9356332153.jpg</filename>
	<path>50_jpeg_jpg.rf.9ee19f51c533a07a1c448f9356332153.jpg</path>
	<source>
		<database>roboflow.com</database>
	</source>
	<size>
		<width>416</width>
		<height>416</height>
		<depth>3</depth>
	</size>
	<segmented>0</segmented>
	<object>
		<name>Gun</name>
		<pose>Unspecified</pose>
		<truncated>0</truncated>
		<difficult>0</difficult>
		<occluded>0</occluded>
		<bndbox>
			<xmin>133</xmin>
			<xmax>235</xmax>
			<ymin>69</ymin>
			<ymax>158</ymax>
		</bndbox>
	</object>
</annotation>
