<annotation>
	<folder></folder>
	<filename>50_jpeg_jpg.rf.b5b9eeaa4c89d62b379e5df6b9419db5.jpg</filename>
	<path>50_jpeg_jpg.rf.b5b9eeaa4c89d62b379e5df6b9419db5.jpg</path>
	<source>
		<database>roboflow.com</database>
	</source>
	<size>
		<width>318</width>
		<height>159</height>
		<depth>3</depth>
	</size>
	<segmented>0</segmented>
	<object>
		<name>Gun</name>
		<pose>Unspecified</pose>
		<truncated>0</truncated>
		<difficult>0</difficult>
		<occluded>0</occluded>
		<bndbox>
			<xmin>102</xmin>
			<xmax>186</xmax>
			<ymin>27</ymin>
			<ymax>56</ymax>
		</bndbox>
	</object>
</annotation>
