<annotation>
	<folder></folder>
	<filename>50b1a949-113_jpeg_jpg.rf.76ef5632684682b6709218e0d2445bf0.jpg</filename>
	<path>50b1a949-113_jpeg_jpg.rf.76ef5632684682b6709218e0d2445bf0.jpg</path>
	<source>
		<database>roboflow.com</database>
	</source>
	<size>
		<width>416</width>
		<height>416</height>
		<depth>3</depth>
	</size>
	<segmented>0</segmented>
	<object>
		<name>Pistol</name>
		<pose>Unspecified</pose>
		<truncated>0</truncated>
		<difficult>0</difficult>
		<occluded>0</occluded>
		<bndbox>
			<xmin>80</xmin>
			<xmax>152</xmax>
			<ymin>135</ymin>
			<ymax>261</ymax>
		</bndbox>
	</object>
</annotation>
