<annotation>
	<folder></folder>
	<filename>50fbebc6-ep42_jpg.rf.e0786a179e68e4f5874edbca71e6eadd.jpg</filename>
	<path>50fbebc6-ep42_jpg.rf.e0786a179e68e4f5874edbca71e6eadd.jpg</path>
	<source>
		<database>roboflow.com</database>
	</source>
	<size>
		<width>416</width>
		<height>416</height>
		<depth>3</depth>
	</size>
	<segmented>0</segmented>
	<object>
		<name>Grenade</name>
		<pose>Unspecified</pose>
		<truncated>0</truncated>
		<difficult>0</difficult>
		<occluded>0</occluded>
		<bndbox>
			<xmin>225</xmin>
			<xmax>249</xmax>
			<ymin>125</ymin>
			<ymax>174</ymax>
		</bndbox>
	</object>
</annotation>
