<annotation>
	<folder></folder>
	<filename>50fbebc6-ep42_jpg.rf.c91045777850ddd72280856ccf248858.jpg</filename>
	<path>50fbebc6-ep42_jpg.rf.c91045777850ddd72280856ccf248858.jpg</path>
	<source>
		<database>roboflow.com</database>
	</source>
	<size>
		<width>612</width>
		<height>408</height>
		<depth>3</depth>
	</size>
	<segmented>0</segmented>
	<object>
		<name>Grenade</name>
		<pose>Unspecified</pose>
		<truncated>0</truncated>
		<difficult>0</difficult>
		<occluded>0</occluded>
		<bndbox>
			<xmin>331</xmin>
			<xmax>366</xmax>
			<ymin>122</ymin>
			<ymax>170</ymax>
		</bndbox>
	</object>
</annotation>
