<annotation>
	<folder></folder>
	<filename>51271457cbf768f8c4e2bb1416f85f3a_jpg.rf.9f5aa4925c698b65390b2cdbdf9940ce.jpg</filename>
	<path>51271457cbf768f8c4e2bb1416f85f3a_jpg.rf.9f5aa4925c698b65390b2cdbdf9940ce.jpg</path>
	<source>
		<database>roboflow.com</database>
	</source>
	<size>
		<width>416</width>
		<height>416</height>
		<depth>3</depth>
	</size>
	<segmented>0</segmented>
	<object>
		<name>Gun</name>
		<pose>Unspecified</pose>
		<truncated>0</truncated>
		<difficult>0</difficult>
		<occluded>0</occluded>
		<bndbox>
			<xmin>12</xmin>
			<xmax>182</xmax>
			<ymin>46</ymin>
			<ymax>312</ymax>
		</bndbox>
	</object>
	<object>
		<name>Pistol</name>
		<pose>Unspecified</pose>
		<truncated>0</truncated>
		<difficult>0</difficult>
		<occluded>0</occluded>
		<bndbox>
			<xmin>187</xmin>
			<xmax>307</xmax>
			<ymin>108</ymin>
			<ymax>188</ymax>
		</bndbox>
	</object>
	<object>
		<name>Gun</name>
		<pose>Unspecified</pose>
		<truncated>0</truncated>
		<difficult>0</difficult>
		<occluded>0</occluded>
		<bndbox>
			<xmin>317</xmin>
			<xmax>408</xmax>
			<ymin>62</ymin>
			<ymax>352</ymax>
		</bndbox>
	</object>
	<object>
		<name>Knife</name>
		<pose>Unspecified</pose>
		<truncated>0</truncated>
		<difficult>0</difficult>
		<occluded>0</occluded>
		<bndbox>
			<xmin>143</xmin>
			<xmax>192</xmax>
			<ymin>238</ymin>
			<ymax>356</ymax>
		</bndbox>
	</object>
</annotation>
