<annotation>
	<folder></folder>
	<filename>51_jpeg_jpg.rf.a8c2a41f8ef6a1b65e35dd22f9f3b812.jpg</filename>
	<path>51_jpeg_jpg.rf.a8c2a41f8ef6a1b65e35dd22f9f3b812.jpg</path>
	<source>
		<database>roboflow.com</database>
	</source>
	<size>
		<width>416</width>
		<height>416</height>
		<depth>3</depth>
	</size>
	<segmented>0</segmented>
	<object>
		<name>Gun</name>
		<pose>Unspecified</pose>
		<truncated>0</truncated>
		<difficult>0</difficult>
		<occluded>0</occluded>
		<bndbox>
			<xmin>89</xmin>
			<xmax>336</xmax>
			<ymin>60</ymin>
			<ymax>209</ymax>
		</bndbox>
	</object>
</annotation>
