<annotation>
	<folder></folder>
	<filename>51b73667-e1352_jpg.rf.b2b12295845265b06ee73334e15f93d6.jpg</filename>
	<path>51b73667-e1352_jpg.rf.b2b12295845265b06ee73334e15f93d6.jpg</path>
	<source>
		<database>roboflow.com</database>
	</source>
	<size>
		<width>416</width>
		<height>416</height>
		<depth>3</depth>
	</size>
	<segmented>0</segmented>
	<object>
		<name>Grenade</name>
		<pose>Unspecified</pose>
		<truncated>0</truncated>
		<difficult>0</difficult>
		<occluded>0</occluded>
		<bndbox>
			<xmin>160</xmin>
			<xmax>263</xmax>
			<ymin>53</ymin>
			<ymax>337</ymax>
		</bndbox>
	</object>
</annotation>
