<annotation>
	<folder></folder>
	<filename>523f24ff-IMG_20211028_141832395_HDR_jpg.rf.dd2c80d0440c57ea7a68a074a3d804e9.jpg</filename>
	<path>523f24ff-IMG_20211028_141832395_HDR_jpg.rf.dd2c80d0440c57ea7a68a074a3d804e9.jpg</path>
	<source>
		<database>roboflow.com</database>
	</source>
	<size>
		<width>416</width>
		<height>416</height>
		<depth>3</depth>
	</size>
	<segmented>0</segmented>
	<object>
		<name>Knife</name>
		<pose>Unspecified</pose>
		<truncated>0</truncated>
		<difficult>0</difficult>
		<occluded>0</occluded>
		<bndbox>
			<xmin>37</xmin>
			<xmax>212</xmax>
			<ymin>343</ymin>
			<ymax>401</ymax>
		</bndbox>
	</object>
	<object>
		<name>Knife</name>
		<pose>Unspecified</pose>
		<truncated>0</truncated>
		<difficult>0</difficult>
		<occluded>0</occluded>
		<bndbox>
			<xmin>142</xmin>
			<xmax>299</xmax>
			<ymin>255</ymin>
			<ymax>303</ymax>
		</bndbox>
	</object>
	<object>
		<name>Gun</name>
		<pose>Unspecified</pose>
		<truncated>0</truncated>
		<difficult>0</difficult>
		<occluded>0</occluded>
		<bndbox>
			<xmin>52</xmin>
			<xmax>325</xmax>
			<ymin>105</ymin>
			<ymax>200</ymax>
		</bndbox>
	</object>
</annotation>
