<annotation>
	<folder></folder>
	<filename>52c48cd8-ep200_jpg.rf.619202430afe45d6c6603f9aa85e4814.jpg</filename>
	<path>52c48cd8-ep200_jpg.rf.619202430afe45d6c6603f9aa85e4814.jpg</path>
	<source>
		<database>roboflow.com</database>
	</source>
	<size>
		<width>417</width>
		<height>612</height>
		<depth>3</depth>
	</size>
	<segmented>0</segmented>
	<object>
		<name>Grenade</name>
		<pose>Unspecified</pose>
		<truncated>0</truncated>
		<difficult>0</difficult>
		<occluded>0</occluded>
		<bndbox>
			<xmin>143</xmin>
			<xmax>213</xmax>
			<ymin>170</ymin>
			<ymax>296</ymax>
		</bndbox>
	</object>
</annotation>
