<annotation>
	<folder></folder>
	<filename>52d68a10-ep7_jpg.rf.be873a8034c948063975f12bce22b2f5.jpg</filename>
	<path>52d68a10-ep7_jpg.rf.be873a8034c948063975f12bce22b2f5.jpg</path>
	<source>
		<database>roboflow.com</database>
	</source>
	<size>
		<width>416</width>
		<height>416</height>
		<depth>3</depth>
	</size>
	<segmented>0</segmented>
	<object>
		<name>Grenade</name>
		<pose>Unspecified</pose>
		<truncated>0</truncated>
		<difficult>0</difficult>
		<occluded>0</occluded>
		<bndbox>
			<xmin>177</xmin>
			<xmax>258</xmax>
			<ymin>187</ymin>
			<ymax>244</ymax>
		</bndbox>
	</object>
</annotation>
