<annotation>
	<folder></folder>
	<filename>53e82950eab87032a8cdf62a4935aea5_jpg.rf.a0ef5315c7698492a15a0c43d910ddb5.jpg</filename>
	<path>53e82950eab87032a8cdf62a4935aea5_jpg.rf.a0ef5315c7698492a15a0c43d910ddb5.jpg</path>
	<source>
		<database>roboflow.com</database>
	</source>
	<size>
		<width>416</width>
		<height>416</height>
		<depth>3</depth>
	</size>
	<segmented>0</segmented>
	<object>
		<name>Gun</name>
		<pose>Unspecified</pose>
		<truncated>0</truncated>
		<difficult>0</difficult>
		<occluded>0</occluded>
		<bndbox>
			<xmin>2</xmin>
			<xmax>363</xmax>
			<ymin>180</ymin>
			<ymax>398</ymax>
		</bndbox>
	</object>
	<object>
		<name>Pistol</name>
		<pose>Unspecified</pose>
		<truncated>0</truncated>
		<difficult>0</difficult>
		<occluded>0</occluded>
		<bndbox>
			<xmin>240</xmin>
			<xmax>353</xmax>
			<ymin>268</ymin>
			<ymax>376</ymax>
		</bndbox>
	</object>
	<object>
		<name>Grenade</name>
		<pose>Unspecified</pose>
		<truncated>0</truncated>
		<difficult>0</difficult>
		<occluded>0</occluded>
		<bndbox>
			<xmin>268</xmin>
			<xmax>295</xmax>
			<ymin>97</ymin>
			<ymax>157</ymax>
		</bndbox>
	</object>
	<object>
		<name>Grenade</name>
		<pose>Unspecified</pose>
		<truncated>0</truncated>
		<difficult>0</difficult>
		<occluded>0</occluded>
		<bndbox>
			<xmin>293</xmin>
			<xmax>311</xmax>
			<ymin>81</ymin>
			<ymax>140</ymax>
		</bndbox>
	</object>
</annotation>
