<annotation>
	<folder></folder>
	<filename>53ff7b7eb833a044_jpg.rf.52c4fef3d4d6a119ec388b4f8e5cb2b5.jpg</filename>
	<path>53ff7b7eb833a044_jpg.rf.52c4fef3d4d6a119ec388b4f8e5cb2b5.jpg</path>
	<source>
		<database>roboflow.com</database>
	</source>
	<size>
		<width>1024</width>
		<height>849</height>
		<depth>3</depth>
	</size>
	<segmented>0</segmented>
	<object>
		<name>Gun</name>
		<pose>Unspecified</pose>
		<truncated>0</truncated>
		<difficult>0</difficult>
		<occluded>0</occluded>
		<bndbox>
			<xmin>135</xmin>
			<xmax>507</xmax>
			<ymin>197</ymin>
			<ymax>250</ymax>
		</bndbox>
	</object>
</annotation>
