<annotation>
	<folder></folder>
	<filename>53ff7b7eb833a044_jpg.rf.1fcfb84b8dd933839290028ddc36f5f5.jpg</filename>
	<path>53ff7b7eb833a044_jpg.rf.1fcfb84b8dd933839290028ddc36f5f5.jpg</path>
	<source>
		<database>roboflow.com</database>
	</source>
	<size>
		<width>416</width>
		<height>416</height>
		<depth>3</depth>
	</size>
	<segmented>0</segmented>
	<object>
		<name>Gun</name>
		<pose>Unspecified</pose>
		<truncated>0</truncated>
		<difficult>0</difficult>
		<occluded>0</occluded>
		<bndbox>
			<xmin>56</xmin>
			<xmax>207</xmax>
			<ymin>97</ymin>
			<ymax>123</ymax>
		</bndbox>
	</object>
</annotation>
