<annotation>
	<folder></folder>
	<filename>545646541drzt1s56e1t51sdrgf51sergf1dszrfgsd6_jpg.rf.507ebf38135b5deba872a1bb8217eb8e.jpg</filename>
	<path>545646541drzt1s56e1t51sdrgf51sergf1dszrfgsd6_jpg.rf.507ebf38135b5deba872a1bb8217eb8e.jpg</path>
	<source>
		<database>roboflow.com</database>
	</source>
	<size>
		<width>416</width>
		<height>416</height>
		<depth>3</depth>
	</size>
	<segmented>0</segmented>
	<object>
		<name>Knife</name>
		<pose>Unspecified</pose>
		<truncated>0</truncated>
		<difficult>0</difficult>
		<occluded>0</occluded>
		<bndbox>
			<xmin>198</xmin>
			<xmax>239</xmax>
			<ymin>163</ymin>
			<ymax>414</ymax>
		</bndbox>
	</object>
	<object>
		<name>Gun</name>
		<pose>Unspecified</pose>
		<truncated>0</truncated>
		<difficult>0</difficult>
		<occluded>0</occluded>
		<bndbox>
			<xmin>2</xmin>
			<xmax>415</xmax>
			<ymin>3</ymin>
			<ymax>220</ymax>
		</bndbox>
	</object>
</annotation>
