<annotation>
	<folder></folder>
	<filename>546e0da6f0b87cc30e169776d43f3428_jpg.rf.83ada4b90797941fc9db4812e4e350db.jpg</filename>
	<path>546e0da6f0b87cc30e169776d43f3428_jpg.rf.83ada4b90797941fc9db4812e4e350db.jpg</path>
	<source>
		<database>roboflow.com</database>
	</source>
	<size>
		<width>416</width>
		<height>416</height>
		<depth>3</depth>
	</size>
	<segmented>0</segmented>
	<object>
		<name>Gun</name>
		<pose>Unspecified</pose>
		<truncated>0</truncated>
		<difficult>0</difficult>
		<occluded>0</occluded>
		<bndbox>
			<xmin>24</xmin>
			<xmax>378</xmax>
			<ymin>8</ymin>
			<ymax>227</ymax>
		</bndbox>
	</object>
	<object>
		<name>Pistol</name>
		<pose>Unspecified</pose>
		<truncated>0</truncated>
		<difficult>0</difficult>
		<occluded>0</occluded>
		<bndbox>
			<xmin>112</xmin>
			<xmax>362</xmax>
			<ymin>252</ymin>
			<ymax>410</ymax>
		</bndbox>
	</object>
	<object>
		<name>Knife</name>
		<pose>Unspecified</pose>
		<truncated>0</truncated>
		<difficult>0</difficult>
		<occluded>0</occluded>
		<bndbox>
			<xmin>78</xmin>
			<xmax>199</xmax>
			<ymin>134</ymin>
			<ymax>209</ymax>
		</bndbox>
	</object>
</annotation>
