<annotation>
	<folder></folder>
	<filename>555da097-92_jpeg_jpg.rf.bb47e896967e4af71c3b79a35d8104b4.jpg</filename>
	<path>555da097-92_jpeg_jpg.rf.bb47e896967e4af71c3b79a35d8104b4.jpg</path>
	<source>
		<database>roboflow.com</database>
	</source>
	<size>
		<width>416</width>
		<height>416</height>
		<depth>3</depth>
	</size>
	<segmented>0</segmented>
	<object>
		<name>Pistol</name>
		<pose>Unspecified</pose>
		<truncated>0</truncated>
		<difficult>0</difficult>
		<occluded>0</occluded>
		<bndbox>
			<xmin>195</xmin>
			<xmax>300</xmax>
			<ymin>149</ymin>
			<ymax>295</ymax>
		</bndbox>
	</object>
</annotation>
