<annotation>
	<folder></folder>
	<filename>56a8bc18682925e4_jpg.rf.6cfe35ea184ae2aeb128b46913c6f055.jpg</filename>
	<path>56a8bc18682925e4_jpg.rf.6cfe35ea184ae2aeb128b46913c6f055.jpg</path>
	<source>
		<database>roboflow.com</database>
	</source>
	<size>
		<width>416</width>
		<height>416</height>
		<depth>3</depth>
	</size>
	<segmented>0</segmented>
	<object>
		<name>Gun</name>
		<pose>Unspecified</pose>
		<truncated>0</truncated>
		<difficult>0</difficult>
		<occluded>0</occluded>
		<bndbox>
			<xmin>141</xmin>
			<xmax>326</xmax>
			<ymin>17</ymin>
			<ymax>390</ymax>
		</bndbox>
	</object>
</annotation>
