<annotation>
	<folder></folder>
	<filename>56b29a4e-e1151_jpg.rf.3faabb8a1a0d90c7083ed1c40a269fa1.jpg</filename>
	<path>56b29a4e-e1151_jpg.rf.3faabb8a1a0d90c7083ed1c40a269fa1.jpg</path>
	<source>
		<database>roboflow.com</database>
	</source>
	<size>
		<width>416</width>
		<height>416</height>
		<depth>3</depth>
	</size>
	<segmented>0</segmented>
	<object>
		<name>Grenade</name>
		<pose>Unspecified</pose>
		<truncated>0</truncated>
		<difficult>0</difficult>
		<occluded>0</occluded>
		<bndbox>
			<xmin>41</xmin>
			<xmax>364</xmax>
			<ymin>36</ymin>
			<ymax>394</ymax>
		</bndbox>
	</object>
</annotation>
