<annotation>
	<folder></folder>
	<filename>57b65615-183_jpeg_jpg.rf.24a7e96f9fd2304128ddb80d1ab2fbff.jpg</filename>
	<path>57b65615-183_jpeg_jpg.rf.24a7e96f9fd2304128ddb80d1ab2fbff.jpg</path>
	<source>
		<database>roboflow.com</database>
	</source>
	<size>
		<width>416</width>
		<height>416</height>
		<depth>3</depth>
	</size>
	<segmented>0</segmented>
	<object>
		<name>Pistol</name>
		<pose>Unspecified</pose>
		<truncated>0</truncated>
		<difficult>0</difficult>
		<occluded>0</occluded>
		<bndbox>
			<xmin>133</xmin>
			<xmax>228</xmax>
			<ymin>73</ymin>
			<ymax>266</ymax>
		</bndbox>
	</object>
</annotation>
