<annotation>
	<folder></folder>
	<filename>58_jpeg_jpg.rf.b1cdbee722e2c62029baa3ec4f2bb78b.jpg</filename>
	<path>58_jpeg_jpg.rf.b1cdbee722e2c62029baa3ec4f2bb78b.jpg</path>
	<source>
		<database>roboflow.com</database>
	</source>
	<size>
		<width>275</width>
		<height>183</height>
		<depth>3</depth>
	</size>
	<segmented>0</segmented>
	<object>
		<name>Gun</name>
		<pose>Unspecified</pose>
		<truncated>0</truncated>
		<difficult>0</difficult>
		<occluded>0</occluded>
		<bndbox>
			<xmin>89</xmin>
			<xmax>191</xmax>
			<ymin>60</ymin>
			<ymax>110</ymax>
		</bndbox>
	</object>
</annotation>
