<annotation>
	<folder></folder>
	<filename>58a6b621-bolt-action-rifle-grfoighoyiodhrfsehiortfserdtdxikwhcjb44686844143_jpg.rf.1345885903ecbaa35a1cd2f235d02d82.jpg</filename>
	<path>58a6b621-bolt-action-rifle-grfoighoyiodhrfsehiortfserdtdxikwhcjb44686844143_jpg.rf.1345885903ecbaa35a1cd2f235d02d82.jpg</path>
	<source>
		<database>roboflow.com</database>
	</source>
	<size>
		<width>416</width>
		<height>416</height>
		<depth>3</depth>
	</size>
	<segmented>0</segmented>
	<object>
		<name>Gun</name>
		<pose>Unspecified</pose>
		<truncated>0</truncated>
		<difficult>0</difficult>
		<occluded>0</occluded>
		<bndbox>
			<xmin>3</xmin>
			<xmax>407</xmax>
			<ymin>3</ymin>
			<ymax>382</ymax>
		</bndbox>
	</object>
	<object>
		<name>Knife</name>
		<pose>Unspecified</pose>
		<truncated>0</truncated>
		<difficult>0</difficult>
		<occluded>0</occluded>
		<bndbox>
			<xmin>273</xmin>
			<xmax>412</xmax>
			<ymin>67</ymin>
			<ymax>417</ymax>
		</bndbox>
	</object>
</annotation>
