<annotation>
	<folder></folder>
	<filename>58b3da034761d38a494d3ca2646e89ae_jpg.rf.828ab4cb00cda423f10f402c1c090ff3.jpg</filename>
	<path>58b3da034761d38a494d3ca2646e89ae_jpg.rf.828ab4cb00cda423f10f402c1c090ff3.jpg</path>
	<source>
		<database>roboflow.com</database>
	</source>
	<size>
		<width>639</width>
		<height>478</height>
		<depth>3</depth>
	</size>
	<segmented>0</segmented>
	<object>
		<name>Pistol</name>
		<pose>Unspecified</pose>
		<truncated>0</truncated>
		<difficult>0</difficult>
		<occluded>0</occluded>
		<bndbox>
			<xmin>286</xmin>
			<xmax>462</xmax>
			<ymin>126</ymin>
			<ymax>331</ymax>
		</bndbox>
	</object>
	<object>
		<name>Gun</name>
		<pose>Unspecified</pose>
		<truncated>0</truncated>
		<difficult>0</difficult>
		<occluded>0</occluded>
		<bndbox>
			<xmin>1</xmin>
			<xmax>640</xmax>
			<ymin>59</ymin>
			<ymax>196</ymax>
		</bndbox>
	</object>
</annotation>
