<annotation>
	<folder></folder>
	<filename>598cc1a7-233_jpeg_jpg.rf.e30d648effcc7e767e882a1d61f83311.jpg</filename>
	<path>598cc1a7-233_jpeg_jpg.rf.e30d648effcc7e767e882a1d61f83311.jpg</path>
	<source>
		<database>roboflow.com</database>
	</source>
	<size>
		<width>300</width>
		<height>168</height>
		<depth>3</depth>
	</size>
	<segmented>0</segmented>
	<object>
		<name>Pistol</name>
		<pose>Unspecified</pose>
		<truncated>0</truncated>
		<difficult>0</difficult>
		<occluded>0</occluded>
		<bndbox>
			<xmin>164</xmin>
			<xmax>254</xmax>
			<ymin>2</ymin>
			<ymax>54</ymax>
		</bndbox>
	</object>
</annotation>
