<annotation>
	<folder></folder>
	<filename>5b30fb3b-original_1_jpg.rf.e7d2add6a84b08e147f307b4c850fa23.jpg</filename>
	<path>5b30fb3b-original_1_jpg.rf.e7d2add6a84b08e147f307b4c850fa23.jpg</path>
	<source>
		<database>roboflow.com</database>
	</source>
	<size>
		<width>416</width>
		<height>416</height>
		<depth>3</depth>
	</size>
	<segmented>0</segmented>
	<object>
		<name>Grenade</name>
		<pose>Unspecified</pose>
		<truncated>0</truncated>
		<difficult>0</difficult>
		<occluded>0</occluded>
		<bndbox>
			<xmin>193</xmin>
			<xmax>229</xmax>
			<ymin>268</ymin>
			<ymax>327</ymax>
		</bndbox>
	</object>
	<object>
		<name>Grenade</name>
		<pose>Unspecified</pose>
		<truncated>0</truncated>
		<difficult>0</difficult>
		<occluded>0</occluded>
		<bndbox>
			<xmin>148</xmin>
			<xmax>190</xmax>
			<ymin>295</ymin>
			<ymax>351</ymax>
		</bndbox>
	</object>
</annotation>
