<annotation>
	<folder></folder>
	<filename>5ba678492720959a_jpg.rf.fdc17422ca9b48f34c016425c8cb571e.jpg</filename>
	<path>5ba678492720959a_jpg.rf.fdc17422ca9b48f34c016425c8cb571e.jpg</path>
	<source>
		<database>roboflow.com</database>
	</source>
	<size>
		<width>1024</width>
		<height>687</height>
		<depth>3</depth>
	</size>
	<segmented>0</segmented>
	<object>
		<name>Pistol</name>
		<pose>Unspecified</pose>
		<truncated>0</truncated>
		<difficult>0</difficult>
		<occluded>0</occluded>
		<bndbox>
			<xmin>350</xmin>
			<xmax>450</xmax>
			<ymin>376</ymin>
			<ymax>446</ymax>
		</bndbox>
	</object>
	<object>
		<name>Gun</name>
		<pose>Unspecified</pose>
		<truncated>0</truncated>
		<difficult>0</difficult>
		<occluded>0</occluded>
		<bndbox>
			<xmin>821</xmin>
			<xmax>1024</xmax>
			<ymin>428</ymin>
			<ymax>563</ymax>
		</bndbox>
	</object>
</annotation>
