<annotation>
	<folder></folder>
	<filename>5bb1542f-332_jpeg_jpg.rf.ee8322f23defb3e9e9fb0433120c99a8.jpg</filename>
	<path>5bb1542f-332_jpeg_jpg.rf.ee8322f23defb3e9e9fb0433120c99a8.jpg</path>
	<source>
		<database>roboflow.com</database>
	</source>
	<size>
		<width>206</width>
		<height>245</height>
		<depth>3</depth>
	</size>
	<segmented>0</segmented>
	<object>
		<name>Pistol</name>
		<pose>Unspecified</pose>
		<truncated>0</truncated>
		<difficult>0</difficult>
		<occluded>0</occluded>
		<bndbox>
			<xmin>30</xmin>
			<xmax>110</xmax>
			<ymin>60</ymin>
			<ymax>204</ymax>
		</bndbox>
	</object>
</annotation>
