<annotation>
	<folder></folder>
	<filename>5bf5bdb767e648f2f154d80762d51676_jpg.rf.9118182b6be1afe8bb73a8ea30100157.jpg</filename>
	<path>5bf5bdb767e648f2f154d80762d51676_jpg.rf.9118182b6be1afe8bb73a8ea30100157.jpg</path>
	<source>
		<database>roboflow.com</database>
	</source>
	<size>
		<width>416</width>
		<height>416</height>
		<depth>3</depth>
	</size>
	<segmented>0</segmented>
	<object>
		<name>Gun</name>
		<pose>Unspecified</pose>
		<truncated>0</truncated>
		<difficult>0</difficult>
		<occluded>0</occluded>
		<bndbox>
			<xmin>198</xmin>
			<xmax>316</xmax>
			<ymin>4</ymin>
			<ymax>406</ymax>
		</bndbox>
	</object>
	<object>
		<name>Gun</name>
		<pose>Unspecified</pose>
		<truncated>0</truncated>
		<difficult>0</difficult>
		<occluded>0</occluded>
		<bndbox>
			<xmin>43</xmin>
			<xmax>198</xmax>
			<ymin>26</ymin>
			<ymax>158</ymax>
		</bndbox>
	</object>
	<object>
		<name>Pistol</name>
		<pose>Unspecified</pose>
		<truncated>0</truncated>
		<difficult>0</difficult>
		<occluded>0</occluded>
		<bndbox>
			<xmin>34</xmin>
			<xmax>191</xmax>
			<ymin>166</ymin>
			<ymax>307</ymax>
		</bndbox>
	</object>
	<object>
		<name>Knife</name>
		<pose>Unspecified</pose>
		<truncated>0</truncated>
		<difficult>0</difficult>
		<occluded>0</occluded>
		<bndbox>
			<xmin>57</xmin>
			<xmax>106</xmax>
			<ymin>269</ymin>
			<ymax>352</ymax>
		</bndbox>
	</object>
	<object>
		<name>Knife</name>
		<pose>Unspecified</pose>
		<truncated>0</truncated>
		<difficult>0</difficult>
		<occluded>0</occluded>
		<bndbox>
			<xmin>112</xmin>
			<xmax>167</xmax>
			<ymin>229</ymin>
			<ymax>346</ymax>
		</bndbox>
	</object>
</annotation>
