<annotation>
	<folder></folder>
	<filename>5d85226b9f9da34e31af052489ed0fea_jpg.rf.d69a9475be9d63ae6499b9ab4731277b.jpg</filename>
	<path>5d85226b9f9da34e31af052489ed0fea_jpg.rf.d69a9475be9d63ae6499b9ab4731277b.jpg</path>
	<source>
		<database>roboflow.com</database>
	</source>
	<size>
		<width>416</width>
		<height>416</height>
		<depth>3</depth>
	</size>
	<segmented>0</segmented>
	<object>
		<name>Gun</name>
		<pose>Unspecified</pose>
		<truncated>0</truncated>
		<difficult>0</difficult>
		<occluded>0</occluded>
		<bndbox>
			<xmin>57</xmin>
			<xmax>204</xmax>
			<ymin>317</ymin>
			<ymax>354</ymax>
		</bndbox>
	</object>
	<object>
		<name>Knife</name>
		<pose>Unspecified</pose>
		<truncated>0</truncated>
		<difficult>0</difficult>
		<occluded>0</occluded>
		<bndbox>
			<xmin>297</xmin>
			<xmax>333</xmax>
			<ymin>281</ymin>
			<ymax>289</ymax>
		</bndbox>
	</object>
	<object>
		<name>Grenade</name>
		<pose>Unspecified</pose>
		<truncated>0</truncated>
		<difficult>0</difficult>
		<occluded>0</occluded>
		<bndbox>
			<xmin>297</xmin>
			<xmax>324</xmax>
			<ymin>322</ymin>
			<ymax>336</ymax>
		</bndbox>
	</object>
</annotation>
