<annotation>
	<folder></folder>
	<filename>5d88ff11-ep266_jpg.rf.71f40c4e01e5be828caf713cb13316aa.jpg</filename>
	<path>5d88ff11-ep266_jpg.rf.71f40c4e01e5be828caf713cb13316aa.jpg</path>
	<source>
		<database>roboflow.com</database>
	</source>
	<size>
		<width>416</width>
		<height>416</height>
		<depth>3</depth>
	</size>
	<segmented>0</segmented>
	<object>
		<name>Grenade</name>
		<pose>Unspecified</pose>
		<truncated>0</truncated>
		<difficult>0</difficult>
		<occluded>0</occluded>
		<bndbox>
			<xmin>160</xmin>
			<xmax>206</xmax>
			<ymin>242</ymin>
			<ymax>339</ymax>
		</bndbox>
	</object>
</annotation>
