<annotation>
	<folder></folder>
	<filename>5daf50a75f340f0a_jpg.rf.312f31bf37238279ecaec782313fd35f.jpg</filename>
	<path>5daf50a75f340f0a_jpg.rf.312f31bf37238279ecaec782313fd35f.jpg</path>
	<source>
		<database>roboflow.com</database>
	</source>
	<size>
		<width>1024</width>
		<height>731</height>
		<depth>3</depth>
	</size>
	<segmented>0</segmented>
	<object>
		<name>Gun</name>
		<pose>Unspecified</pose>
		<truncated>0</truncated>
		<difficult>0</difficult>
		<occluded>0</occluded>
		<bndbox>
			<xmin>21</xmin>
			<xmax>540</xmax>
			<ymin>476</ymin>
			<ymax>651</ymax>
		</bndbox>
	</object>
</annotation>
