<annotation>
	<folder></folder>
	<filename>5e49be08f989a31d253b8a130fdba5f5_jpeg_jpg.rf.417f43ec43c21759fd13438d4f5e2b1c.jpg</filename>
	<path>5e49be08f989a31d253b8a130fdba5f5_jpeg_jpg.rf.417f43ec43c21759fd13438d4f5e2b1c.jpg</path>
	<source>
		<database>roboflow.com</database>
	</source>
	<size>
		<width>416</width>
		<height>416</height>
		<depth>3</depth>
	</size>
	<segmented>0</segmented>
	<object>
		<name>Pistol</name>
		<pose>Unspecified</pose>
		<truncated>0</truncated>
		<difficult>0</difficult>
		<occluded>0</occluded>
		<bndbox>
			<xmin>30</xmin>
			<xmax>212</xmax>
			<ymin>169</ymin>
			<ymax>289</ymax>
		</bndbox>
	</object>
	<object>
		<name>Knife</name>
		<pose>Unspecified</pose>
		<truncated>0</truncated>
		<difficult>0</difficult>
		<occluded>0</occluded>
		<bndbox>
			<xmin>81</xmin>
			<xmax>227</xmax>
			<ymin>136</ymin>
			<ymax>253</ymax>
		</bndbox>
	</object>
	<object>
		<name>Grenade</name>
		<pose>Unspecified</pose>
		<truncated>0</truncated>
		<difficult>0</difficult>
		<occluded>0</occluded>
		<bndbox>
			<xmin>262</xmin>
			<xmax>346</xmax>
			<ymin>223</ymin>
			<ymax>297</ymax>
		</bndbox>
	</object>
	<object>
		<name>Grenade</name>
		<pose>Unspecified</pose>
		<truncated>0</truncated>
		<difficult>0</difficult>
		<occluded>0</occluded>
		<bndbox>
			<xmin>264</xmin>
			<xmax>334</xmax>
			<ymin>159</ymin>
			<ymax>218</ymax>
		</bndbox>
	</object>
</annotation>
