<annotation>
	<folder></folder>
	<filename>5f25329c-e1259_jpg.rf.7b2e611bb4bab0585ef7eaf870b77ddf.jpg</filename>
	<path>5f25329c-e1259_jpg.rf.7b2e611bb4bab0585ef7eaf870b77ddf.jpg</path>
	<source>
		<database>roboflow.com</database>
	</source>
	<size>
		<width>416</width>
		<height>416</height>
		<depth>3</depth>
	</size>
	<segmented>0</segmented>
	<object>
		<name>Grenade</name>
		<pose>Unspecified</pose>
		<truncated>0</truncated>
		<difficult>0</difficult>
		<occluded>0</occluded>
		<bndbox>
			<xmin>42</xmin>
			<xmax>186</xmax>
			<ymin>103</ymin>
			<ymax>387</ymax>
		</bndbox>
	</object>
	<object>
		<name>Grenade</name>
		<pose>Unspecified</pose>
		<truncated>0</truncated>
		<difficult>0</difficult>
		<occluded>0</occluded>
		<bndbox>
			<xmin>260</xmin>
			<xmax>406</xmax>
			<ymin>101</ymin>
			<ymax>387</ymax>
		</bndbox>
	</object>
</annotation>
