<annotation>
	<folder></folder>
	<filename>5f8cc49c9280120ca127f03aa4a46a17_jpg.rf.7ea0f3f9a59ccdbb39ec092ffabe7178.jpg</filename>
	<path>5f8cc49c9280120ca127f03aa4a46a17_jpg.rf.7ea0f3f9a59ccdbb39ec092ffabe7178.jpg</path>
	<source>
		<database>roboflow.com</database>
	</source>
	<size>
		<width>416</width>
		<height>416</height>
		<depth>3</depth>
	</size>
	<segmented>0</segmented>
	<object>
		<name>Pistol</name>
		<pose>Unspecified</pose>
		<truncated>0</truncated>
		<difficult>0</difficult>
		<occluded>0</occluded>
		<bndbox>
			<xmin>41</xmin>
			<xmax>135</xmax>
			<ymin>218</ymin>
			<ymax>339</ymax>
		</bndbox>
	</object>
	<object>
		<name>Knife</name>
		<pose>Unspecified</pose>
		<truncated>0</truncated>
		<difficult>0</difficult>
		<occluded>0</occluded>
		<bndbox>
			<xmin>349</xmin>
			<xmax>389</xmax>
			<ymin>32</ymin>
			<ymax>215</ymax>
		</bndbox>
	</object>
	<object>
		<name>Gun</name>
		<pose>Unspecified</pose>
		<truncated>0</truncated>
		<difficult>0</difficult>
		<occluded>0</occluded>
		<bndbox>
			<xmin>35</xmin>
			<xmax>398</xmax>
			<ymin>31</ymin>
			<ymax>386</ymax>
		</bndbox>
	</object>
</annotation>
