<annotation>
	<folder></folder>
	<filename>5fb3c493-318_jpeg_jpg.rf.10155532570a3ba5382295c6f6fcacb9.jpg</filename>
	<path>5fb3c493-318_jpeg_jpg.rf.10155532570a3ba5382295c6f6fcacb9.jpg</path>
	<source>
		<database>roboflow.com</database>
	</source>
	<size>
		<width>416</width>
		<height>416</height>
		<depth>3</depth>
	</size>
	<segmented>0</segmented>
	<object>
		<name>Pistol</name>
		<pose>Unspecified</pose>
		<truncated>0</truncated>
		<difficult>0</difficult>
		<occluded>0</occluded>
		<bndbox>
			<xmin>21</xmin>
			<xmax>86</xmax>
			<ymin>131</ymin>
			<ymax>290</ymax>
		</bndbox>
	</object>
	<object>
		<name>Pistol</name>
		<pose>Unspecified</pose>
		<truncated>0</truncated>
		<difficult>0</difficult>
		<occluded>0</occluded>
		<bndbox>
			<xmin>113</xmin>
			<xmax>190</xmax>
			<ymin>160</ymin>
			<ymax>308</ymax>
		</bndbox>
	</object>
</annotation>
