<annotation>
	<folder></folder>
	<filename>5fed5a1ae554f9afa8aaa77feea9a9df_jpg.rf.ef9759fe3da8741e891938e6ee5e4079.jpg</filename>
	<path>5fed5a1ae554f9afa8aaa77feea9a9df_jpg.rf.ef9759fe3da8741e891938e6ee5e4079.jpg</path>
	<source>
		<database>roboflow.com</database>
	</source>
	<size>
		<width>416</width>
		<height>416</height>
		<depth>3</depth>
	</size>
	<segmented>0</segmented>
	<object>
		<name>Gun</name>
		<pose>Unspecified</pose>
		<truncated>0</truncated>
		<difficult>0</difficult>
		<occluded>0</occluded>
		<bndbox>
			<xmin>92</xmin>
			<xmax>298</xmax>
			<ymin>23</ymin>
			<ymax>151</ymax>
		</bndbox>
	</object>
	<object>
		<name>Pistol</name>
		<pose>Unspecified</pose>
		<truncated>0</truncated>
		<difficult>0</difficult>
		<occluded>0</occluded>
		<bndbox>
			<xmin>163</xmin>
			<xmax>218</xmax>
			<ymin>157</ymin>
			<ymax>218</ymax>
		</bndbox>
	</object>
	<object>
		<name>Grenade</name>
		<pose>Unspecified</pose>
		<truncated>0</truncated>
		<difficult>0</difficult>
		<occluded>0</occluded>
		<bndbox>
			<xmin>131</xmin>
			<xmax>158</xmax>
			<ymin>156</ymin>
			<ymax>193</ymax>
		</bndbox>
	</object>
</annotation>
