<annotation>
	<folder></folder>
	<filename>62_jpeg_jpg.rf.cea20e282e4ed0ba0d3587a193dfd79d.jpg</filename>
	<path>62_jpeg_jpg.rf.cea20e282e4ed0ba0d3587a193dfd79d.jpg</path>
	<source>
		<database>roboflow.com</database>
	</source>
	<size>
		<width>416</width>
		<height>416</height>
		<depth>3</depth>
	</size>
	<segmented>0</segmented>
	<object>
		<name>Gun</name>
		<pose>Unspecified</pose>
		<truncated>0</truncated>
		<difficult>0</difficult>
		<occluded>0</occluded>
		<bndbox>
			<xmin>62</xmin>
			<xmax>356</xmax>
			<ymin>241</ymin>
			<ymax>402</ymax>
		</bndbox>
	</object>
	<object>
		<name>Gun</name>
		<pose>Unspecified</pose>
		<truncated>0</truncated>
		<difficult>0</difficult>
		<occluded>0</occluded>
		<bndbox>
			<xmin>61</xmin>
			<xmax>357</xmax>
			<ymin>26</ymin>
			<ymax>207</ymax>
		</bndbox>
	</object>
</annotation>
