<annotation>
	<folder></folder>
	<filename>641f684764d5a7e8_jpg.rf.7cccf0213a09a421830e95a5f17dfcdc.jpg</filename>
	<path>641f684764d5a7e8_jpg.rf.7cccf0213a09a421830e95a5f17dfcdc.jpg</path>
	<source>
		<database>roboflow.com</database>
	</source>
	<size>
		<width>416</width>
		<height>416</height>
		<depth>3</depth>
	</size>
	<segmented>0</segmented>
	<object>
		<name>Pistol</name>
		<pose>Unspecified</pose>
		<truncated>0</truncated>
		<difficult>0</difficult>
		<occluded>0</occluded>
		<bndbox>
			<xmin>12</xmin>
			<xmax>39</xmax>
			<ymin>226</ymin>
			<ymax>312</ymax>
		</bndbox>
	</object>
	<object>
		<name>Pistol</name>
		<pose>Unspecified</pose>
		<truncated>0</truncated>
		<difficult>0</difficult>
		<occluded>0</occluded>
		<bndbox>
			<xmin>172</xmin>
			<xmax>190</xmax>
			<ymin>263</ymin>
			<ymax>336</ymax>
		</bndbox>
	</object>
	<object>
		<name>Gun</name>
		<pose>Unspecified</pose>
		<truncated>0</truncated>
		<difficult>0</difficult>
		<occluded>0</occluded>
		<bndbox>
			<xmin>182</xmin>
			<xmax>298</xmax>
			<ymin>114</ymin>
			<ymax>292</ymax>
		</bndbox>
	</object>
</annotation>
