<annotation>
	<folder></folder>
	<filename>641f684764d5a7e8_jpg.rf.392cdddbffb17a847b5ca11e86332093.jpg</filename>
	<path>641f684764d5a7e8_jpg.rf.392cdddbffb17a847b5ca11e86332093.jpg</path>
	<source>
		<database>roboflow.com</database>
	</source>
	<size>
		<width>1024</width>
		<height>624</height>
		<depth>3</depth>
	</size>
	<segmented>0</segmented>
	<object>
		<name>Pistol</name>
		<pose>Unspecified</pose>
		<truncated>0</truncated>
		<difficult>0</difficult>
		<occluded>0</occluded>
		<bndbox>
			<xmin>31</xmin>
			<xmax>95</xmax>
			<ymin>345</ymin>
			<ymax>459</ymax>
		</bndbox>
	</object>
	<object>
		<name>Pistol</name>
		<pose>Unspecified</pose>
		<truncated>0</truncated>
		<difficult>0</difficult>
		<occluded>0</occluded>
		<bndbox>
			<xmin>423</xmin>
			<xmax>466</xmax>
			<ymin>394</ymin>
			<ymax>503</ymax>
		</bndbox>
	</object>
	<object>
		<name>Gun</name>
		<pose>Unspecified</pose>
		<truncated>0</truncated>
		<difficult>0</difficult>
		<occluded>0</occluded>
		<bndbox>
			<xmin>445</xmin>
			<xmax>731</xmax>
			<ymin>171</ymin>
			<ymax>437</ymax>
		</bndbox>
	</object>
</annotation>
