<annotation>
	<folder></folder>
	<filename>645b84ce-223_jpeg_jpg.rf.346aab4181ab8f4fb84940a144f6a567.jpg</filename>
	<path>645b84ce-223_jpeg_jpg.rf.346aab4181ab8f4fb84940a144f6a567.jpg</path>
	<source>
		<database>roboflow.com</database>
	</source>
	<size>
		<width>416</width>
		<height>416</height>
		<depth>3</depth>
	</size>
	<segmented>0</segmented>
	<object>
		<name>Pistol</name>
		<pose>Unspecified</pose>
		<truncated>0</truncated>
		<difficult>0</difficult>
		<occluded>0</occluded>
		<bndbox>
			<xmin>48</xmin>
			<xmax>93</xmax>
			<ymin>183</ymin>
			<ymax>229</ymax>
		</bndbox>
	</object>
	<object>
		<name>Pistol</name>
		<pose>Unspecified</pose>
		<truncated>0</truncated>
		<difficult>0</difficult>
		<occluded>0</occluded>
		<bndbox>
			<xmin>306</xmin>
			<xmax>359</xmax>
			<ymin>84</ymin>
			<ymax>132</ymax>
		</bndbox>
	</object>
</annotation>
