<annotation>
	<folder></folder>
	<filename>654c0cb6-e1344_jpg.rf.85eeda9a514f229d6c3ab430a3874c62.jpg</filename>
	<path>654c0cb6-e1344_jpg.rf.85eeda9a514f229d6c3ab430a3874c62.jpg</path>
	<source>
		<database>roboflow.com</database>
	</source>
	<size>
		<width>416</width>
		<height>416</height>
		<depth>3</depth>
	</size>
	<segmented>0</segmented>
	<object>
		<name>Grenade</name>
		<pose>Unspecified</pose>
		<truncated>0</truncated>
		<difficult>0</difficult>
		<occluded>0</occluded>
		<bndbox>
			<xmin>28</xmin>
			<xmax>148</xmax>
			<ymin>101</ymin>
			<ymax>318</ymax>
		</bndbox>
	</object>
</annotation>
