<annotation>
	<folder></folder>
	<filename>65687f52be95be4dc1a68b38769e761a_jpg.rf.cf229a1ccb9aa787fd42f32e457a8b2a.jpg</filename>
	<path>65687f52be95be4dc1a68b38769e761a_jpg.rf.cf229a1ccb9aa787fd42f32e457a8b2a.jpg</path>
	<source>
		<database>roboflow.com</database>
	</source>
	<size>
		<width>416</width>
		<height>416</height>
		<depth>3</depth>
	</size>
	<segmented>0</segmented>
	<object>
		<name>Gun</name>
		<pose>Unspecified</pose>
		<truncated>0</truncated>
		<difficult>0</difficult>
		<occluded>0</occluded>
		<bndbox>
			<xmin>326</xmin>
			<xmax>407</xmax>
			<ymin>134</ymin>
			<ymax>372</ymax>
		</bndbox>
	</object>
	<object>
		<name>Pistol</name>
		<pose>Unspecified</pose>
		<truncated>0</truncated>
		<difficult>0</difficult>
		<occluded>0</occluded>
		<bndbox>
			<xmin>20</xmin>
			<xmax>79</xmax>
			<ymin>212</ymin>
			<ymax>288</ymax>
		</bndbox>
	</object>
	<object>
		<name>Knife</name>
		<pose>Unspecified</pose>
		<truncated>0</truncated>
		<difficult>0</difficult>
		<occluded>0</occluded>
		<bndbox>
			<xmin>48</xmin>
			<xmax>78</xmax>
			<ymin>77</ymin>
			<ymax>207</ymax>
		</bndbox>
	</object>
</annotation>
