<annotation>
	<folder></folder>
	<filename>65f313ab-e1153_jpg.rf.7fa16eb80c94ccb1db2273b3ddddbfd2.jpg</filename>
	<path>65f313ab-e1153_jpg.rf.7fa16eb80c94ccb1db2273b3ddddbfd2.jpg</path>
	<source>
		<database>roboflow.com</database>
	</source>
	<size>
		<width>612</width>
		<height>408</height>
		<depth>3</depth>
	</size>
	<segmented>0</segmented>
	<object>
		<name>Grenade</name>
		<pose>Unspecified</pose>
		<truncated>0</truncated>
		<difficult>0</difficult>
		<occluded>0</occluded>
		<bndbox>
			<xmin>196</xmin>
			<xmax>406</xmax>
			<ymin>61</ymin>
			<ymax>365</ymax>
		</bndbox>
	</object>
</annotation>
