<annotation>
	<folder></folder>
	<filename>675c68d8-ep159_jpg.rf.f9e6d7283ce3fc9a9bef774e3e0fa26c.jpg</filename>
	<path>675c68d8-ep159_jpg.rf.f9e6d7283ce3fc9a9bef774e3e0fa26c.jpg</path>
	<source>
		<database>roboflow.com</database>
	</source>
	<size>
		<width>612</width>
		<height>407</height>
		<depth>3</depth>
	</size>
	<segmented>0</segmented>
	<object>
		<name>Grenade</name>
		<pose>Unspecified</pose>
		<truncated>0</truncated>
		<difficult>0</difficult>
		<occluded>0</occluded>
		<bndbox>
			<xmin>213</xmin>
			<xmax>360</xmax>
			<ymin>172</ymin>
			<ymax>239</ymax>
		</bndbox>
	</object>
</annotation>
