<annotation>
	<folder></folder>
	<filename>67fcce43-312_jpeg_jpg.rf.e2de87e016affbbd86bd54db3a83403a.jpg</filename>
	<path>67fcce43-312_jpeg_jpg.rf.e2de87e016affbbd86bd54db3a83403a.jpg</path>
	<source>
		<database>roboflow.com</database>
	</source>
	<size>
		<width>307</width>
		<height>164</height>
		<depth>3</depth>
	</size>
	<segmented>0</segmented>
	<object>
		<name>Pistol</name>
		<pose>Unspecified</pose>
		<truncated>0</truncated>
		<difficult>0</difficult>
		<occluded>0</occluded>
		<bndbox>
			<xmin>41</xmin>
			<xmax>65</xmax>
			<ymin>8</ymin>
			<ymax>59</ymax>
		</bndbox>
	</object>
	<object>
		<name>Pistol</name>
		<pose>Unspecified</pose>
		<truncated>0</truncated>
		<difficult>0</difficult>
		<occluded>0</occluded>
		<bndbox>
			<xmin>223</xmin>
			<xmax>252</xmax>
			<ymin>3</ymin>
			<ymax>56</ymax>
		</bndbox>
	</object>
</annotation>
