<annotation>
	<folder></folder>
	<filename>69bcf283-e1439_jpg.rf.4f51430e03b7c278bb36c580803417e8.jpg</filename>
	<path>69bcf283-e1439_jpg.rf.4f51430e03b7c278bb36c580803417e8.jpg</path>
	<source>
		<database>roboflow.com</database>
	</source>
	<size>
		<width>482</width>
		<height>612</height>
		<depth>3</depth>
	</size>
	<segmented>0</segmented>
	<object>
		<name>Grenade</name>
		<pose>Unspecified</pose>
		<truncated>0</truncated>
		<difficult>0</difficult>
		<occluded>0</occluded>
		<bndbox>
			<xmin>12</xmin>
			<xmax>241</xmax>
			<ymin>18</ymin>
			<ymax>547</ymax>
		</bndbox>
	</object>
	<object>
		<name>Grenade</name>
		<pose>Unspecified</pose>
		<truncated>0</truncated>
		<difficult>0</difficult>
		<occluded>0</occluded>
		<bndbox>
			<xmin>116</xmin>
			<xmax>465</xmax>
			<ymin>292</ymin>
			<ymax>604</ymax>
		</bndbox>
	</object>
</annotation>
