<annotation>
	<folder></folder>
	<filename>6_jpeg_jpg.rf.906365a4fb3b925e88278336613c96b8.jpg</filename>
	<path>6_jpeg_jpg.rf.906365a4fb3b925e88278336613c96b8.jpg</path>
	<source>
		<database>roboflow.com</database>
	</source>
	<size>
		<width>416</width>
		<height>416</height>
		<depth>3</depth>
	</size>
	<segmented>0</segmented>
	<object>
		<name>Pistol</name>
		<pose>Unspecified</pose>
		<truncated>0</truncated>
		<difficult>0</difficult>
		<occluded>0</occluded>
		<bndbox>
			<xmin>113</xmin>
			<xmax>371</xmax>
			<ymin>47</ymin>
			<ymax>258</ymax>
		</bndbox>
	</object>
	<object>
		<name>Knife</name>
		<pose>Unspecified</pose>
		<truncated>0</truncated>
		<difficult>0</difficult>
		<occluded>0</occluded>
		<bndbox>
			<xmin>36</xmin>
			<xmax>282</xmax>
			<ymin>94</ymin>
			<ymax>380</ymax>
		</bndbox>
	</object>
</annotation>
