<annotation>
	<folder></folder>
	<filename>6b1acef3-8C9EC31D-47DA-4064-B3BA-2AF943DECAF8-jpeg-fd29fef712bd537017d3d98685586144_jpeg_jpg.rf.da683731c34a229b7a8bc2cacba9c374.jpg</filename>
	<path>6b1acef3-8C9EC31D-47DA-4064-B3BA-2AF943DECAF8-jpeg-fd29fef712bd537017d3d98685586144_jpeg_jpg.rf.da683731c34a229b7a8bc2cacba9c374.jpg</path>
	<source>
		<database>roboflow.com</database>
	</source>
	<size>
		<width>1125</width>
		<height>1500</height>
		<depth>3</depth>
	</size>
	<segmented>0</segmented>
	<object>
		<name>Gun</name>
		<pose>Unspecified</pose>
		<truncated>0</truncated>
		<difficult>0</difficult>
		<occluded>0</occluded>
		<bndbox>
			<xmin>354</xmin>
			<xmax>596</xmax>
			<ymin>555</ymin>
			<ymax>1094</ymax>
		</bndbox>
	</object>
</annotation>
