<annotation>
	<folder></folder>
	<filename>6b7140dc0f0e6b944126a4825c817783_jpg.rf.cf353b37afa4df525fe50afdd005e18a.jpg</filename>
	<path>6b7140dc0f0e6b944126a4825c817783_jpg.rf.cf353b37afa4df525fe50afdd005e18a.jpg</path>
	<source>
		<database>roboflow.com</database>
	</source>
	<size>
		<width>416</width>
		<height>416</height>
		<depth>3</depth>
	</size>
	<segmented>0</segmented>
	<object>
		<name>Gun</name>
		<pose>Unspecified</pose>
		<truncated>0</truncated>
		<difficult>0</difficult>
		<occluded>0</occluded>
		<bndbox>
			<xmin>48</xmin>
			<xmax>377</xmax>
			<ymin>229</ymin>
			<ymax>375</ymax>
		</bndbox>
	</object>
	<object>
		<name>Grenade</name>
		<pose>Unspecified</pose>
		<truncated>0</truncated>
		<difficult>0</difficult>
		<occluded>0</occluded>
		<bndbox>
			<xmin>246</xmin>
			<xmax>305</xmax>
			<ymin>299</ymin>
			<ymax>341</ymax>
		</bndbox>
	</object>
	<object>
		<name>Grenade</name>
		<pose>Unspecified</pose>
		<truncated>0</truncated>
		<difficult>0</difficult>
		<occluded>0</occluded>
		<bndbox>
			<xmin>305</xmin>
			<xmax>363</xmax>
			<ymin>299</ymin>
			<ymax>339</ymax>
		</bndbox>
	</object>
	<object>
		<name>Pistol</name>
		<pose>Unspecified</pose>
		<truncated>0</truncated>
		<difficult>0</difficult>
		<occluded>0</occluded>
		<bndbox>
			<xmin>321</xmin>
			<xmax>380</xmax>
			<ymin>78</ymin>
			<ymax>205</ymax>
		</bndbox>
	</object>
</annotation>
