<annotation>
	<folder></folder>
	<filename>6b836b18be3fc988_jpg.rf.abdd672156dd8268ca6755b53c17e379.jpg</filename>
	<path>6b836b18be3fc988_jpg.rf.abdd672156dd8268ca6755b53c17e379.jpg</path>
	<source>
		<database>roboflow.com</database>
	</source>
	<size>
		<width>416</width>
		<height>416</height>
		<depth>3</depth>
	</size>
	<segmented>0</segmented>
	<object>
		<name>Gun</name>
		<pose>Unspecified</pose>
		<truncated>0</truncated>
		<difficult>0</difficult>
		<occluded>0</occluded>
		<bndbox>
			<xmin>73</xmin>
			<xmax>322</xmax>
			<ymin>160</ymin>
			<ymax>295</ymax>
		</bndbox>
	</object>
</annotation>
