<annotation>
	<folder></folder>
	<filename>6bd0d404f4b998d8265c4fc95916807b_jpg.rf.86c41443d09f528208c9d13f07bc8b2c.jpg</filename>
	<path>6bd0d404f4b998d8265c4fc95916807b_jpg.rf.86c41443d09f528208c9d13f07bc8b2c.jpg</path>
	<source>
		<database>roboflow.com</database>
	</source>
	<size>
		<width>416</width>
		<height>416</height>
		<depth>3</depth>
	</size>
	<segmented>0</segmented>
	<object>
		<name>Gun</name>
		<pose>Unspecified</pose>
		<truncated>0</truncated>
		<difficult>0</difficult>
		<occluded>0</occluded>
		<bndbox>
			<xmin>12</xmin>
			<xmax>415</xmax>
			<ymin>296</ymin>
			<ymax>401</ymax>
		</bndbox>
	</object>
	<object>
		<name>Pistol</name>
		<pose>Unspecified</pose>
		<truncated>0</truncated>
		<difficult>0</difficult>
		<occluded>0</occluded>
		<bndbox>
			<xmin>313</xmin>
			<xmax>402</xmax>
			<ymin>347</ymin>
			<ymax>394</ymax>
		</bndbox>
	</object>
	<object>
		<name>Grenade</name>
		<pose>Unspecified</pose>
		<truncated>0</truncated>
		<difficult>0</difficult>
		<occluded>0</occluded>
		<bndbox>
			<xmin>176</xmin>
			<xmax>242</xmax>
			<ymin>186</ymin>
			<ymax>215</ymax>
		</bndbox>
	</object>
	<object>
		<name>Grenade</name>
		<pose>Unspecified</pose>
		<truncated>0</truncated>
		<difficult>0</difficult>
		<occluded>0</occluded>
		<bndbox>
			<xmin>342</xmin>
			<xmax>370</xmax>
			<ymin>204</ymin>
			<ymax>228</ymax>
		</bndbox>
	</object>
</annotation>
