<annotation>
	<folder></folder>
	<filename>6c40bbe2620bcc2f_jpg.rf.c47d9b7e9491bf207fedc19dd0a652b5.jpg</filename>
	<path>6c40bbe2620bcc2f_jpg.rf.c47d9b7e9491bf207fedc19dd0a652b5.jpg</path>
	<source>
		<database>roboflow.com</database>
	</source>
	<size>
		<width>416</width>
		<height>416</height>
		<depth>3</depth>
	</size>
	<segmented>0</segmented>
	<object>
		<name>Gun</name>
		<pose>Unspecified</pose>
		<truncated>0</truncated>
		<difficult>0</difficult>
		<occluded>0</occluded>
		<bndbox>
			<xmin>133</xmin>
			<xmax>249</xmax>
			<ymin>213</ymin>
			<ymax>409</ymax>
		</bndbox>
	</object>
</annotation>
