<annotation>
	<folder></folder>
	<filename>6c6efa8519047184eba9127a0e16fca5_jpg.rf.4e736a7c98998eafa9a9c01394968c51.jpg</filename>
	<path>6c6efa8519047184eba9127a0e16fca5_jpg.rf.4e736a7c98998eafa9a9c01394968c51.jpg</path>
	<source>
		<database>roboflow.com</database>
	</source>
	<size>
		<width>416</width>
		<height>416</height>
		<depth>3</depth>
	</size>
	<segmented>0</segmented>
	<object>
		<name>Gun</name>
		<pose>Unspecified</pose>
		<truncated>0</truncated>
		<difficult>0</difficult>
		<occluded>0</occluded>
		<bndbox>
			<xmin>116</xmin>
			<xmax>366</xmax>
			<ymin>50</ymin>
			<ymax>176</ymax>
		</bndbox>
	</object>
	<object>
		<name>Pistol</name>
		<pose>Unspecified</pose>
		<truncated>0</truncated>
		<difficult>0</difficult>
		<occluded>0</occluded>
		<bndbox>
			<xmin>344</xmin>
			<xmax>407</xmax>
			<ymin>149</ymin>
			<ymax>336</ymax>
		</bndbox>
	</object>
	<object>
		<name>Knife</name>
		<pose>Unspecified</pose>
		<truncated>0</truncated>
		<difficult>0</difficult>
		<occluded>0</occluded>
		<bndbox>
			<xmin>186</xmin>
			<xmax>255</xmax>
			<ymin>336</ymin>
			<ymax>362</ymax>
		</bndbox>
	</object>
	<object>
		<name>Knife</name>
		<pose>Unspecified</pose>
		<truncated>0</truncated>
		<difficult>0</difficult>
		<occluded>0</occluded>
		<bndbox>
			<xmin>318</xmin>
			<xmax>374</xmax>
			<ymin>345</ymin>
			<ymax>364</ymax>
		</bndbox>
	</object>
</annotation>
