<annotation>
	<folder></folder>
	<filename>6c78af92-ep160_jpg.rf.f9329c74614084413c5ce80f7aa4b9fc.jpg</filename>
	<path>6c78af92-ep160_jpg.rf.f9329c74614084413c5ce80f7aa4b9fc.jpg</path>
	<source>
		<database>roboflow.com</database>
	</source>
	<size>
		<width>416</width>
		<height>416</height>
		<depth>3</depth>
	</size>
	<segmented>0</segmented>
	<object>
		<name>Grenade</name>
		<pose>Unspecified</pose>
		<truncated>0</truncated>
		<difficult>0</difficult>
		<occluded>0</occluded>
		<bndbox>
			<xmin>160</xmin>
			<xmax>247</xmax>
			<ymin>133</ymin>
			<ymax>251</ymax>
		</bndbox>
	</object>
</annotation>
