<annotation>
	<folder></folder>
	<filename>6d4b7611-187_jpeg_jpg.rf.64dbe27544215823ea9103289125cbed.jpg</filename>
	<path>6d4b7611-187_jpeg_jpg.rf.64dbe27544215823ea9103289125cbed.jpg</path>
	<source>
		<database>roboflow.com</database>
	</source>
	<size>
		<width>416</width>
		<height>416</height>
		<depth>3</depth>
	</size>
	<segmented>0</segmented>
	<object>
		<name>Pistol</name>
		<pose>Unspecified</pose>
		<truncated>0</truncated>
		<difficult>0</difficult>
		<occluded>0</occluded>
		<bndbox>
			<xmin>148</xmin>
			<xmax>225</xmax>
			<ymin>145</ymin>
			<ymax>227</ymax>
		</bndbox>
	</object>
</annotation>
