<annotation>
	<folder></folder>
	<filename>6ebb0ed6d4732490_jpg.rf.6965cfa22a5d12234533984abc743ba4.jpg</filename>
	<path>6ebb0ed6d4732490_jpg.rf.6965cfa22a5d12234533984abc743ba4.jpg</path>
	<source>
		<database>roboflow.com</database>
	</source>
	<size>
		<width>1024</width>
		<height>681</height>
		<depth>3</depth>
	</size>
	<segmented>0</segmented>
	<object>
		<name>Gun</name>
		<pose>Unspecified</pose>
		<truncated>0</truncated>
		<difficult>0</difficult>
		<occluded>0</occluded>
		<bndbox>
			<xmin>466</xmin>
			<xmax>552</xmax>
			<ymin>243</ymin>
			<ymax>527</ymax>
		</bndbox>
	</object>
</annotation>
