<annotation>
	<folder></folder>
	<filename>6f0444b6-Marine_Throws_Smoke_Grenade_for_CIED_Team_Cover_MOD_45151907_jpg.rf.fc1e136d62e7cd5c2e4d760c27926664.jpg</filename>
	<path>6f0444b6-Marine_Throws_Smoke_Grenade_for_CIED_Team_Cover_MOD_45151907_jpg.rf.fc1e136d62e7cd5c2e4d760c27926664.jpg</path>
	<source>
		<database>roboflow.com</database>
	</source>
	<size>
		<width>3000</width>
		<height>2000</height>
		<depth>3</depth>
	</size>
	<segmented>0</segmented>
	<object>
		<name>Grenade</name>
		<pose>Unspecified</pose>
		<truncated>0</truncated>
		<difficult>0</difficult>
		<occluded>0</occluded>
		<bndbox>
			<xmin>132</xmin>
			<xmax>387</xmax>
			<ymin>864</ymin>
			<ymax>1280</ymax>
		</bndbox>
	</object>
</annotation>
