<annotation>
	<folder></folder>
	<filename>6fa41f35-23_jpeg_jpg.rf.ebcd2209c3e6ff661afba333350ba753.jpg</filename>
	<path>6fa41f35-23_jpeg_jpg.rf.ebcd2209c3e6ff661afba333350ba753.jpg</path>
	<source>
		<database>roboflow.com</database>
	</source>
	<size>
		<width>416</width>
		<height>416</height>
		<depth>3</depth>
	</size>
	<segmented>0</segmented>
	<object>
		<name>Pistol</name>
		<pose>Unspecified</pose>
		<truncated>0</truncated>
		<difficult>0</difficult>
		<occluded>0</occluded>
		<bndbox>
			<xmin>52</xmin>
			<xmax>125</xmax>
			<ymin>49</ymin>
			<ymax>196</ymax>
		</bndbox>
	</object>
</annotation>
