<annotation>
	<folder></folder>
	<filename>6fa41f35-23_jpeg_jpg.rf.3694024c8e8f5b25f1cc3dfa479af916.jpg</filename>
	<path>6fa41f35-23_jpeg_jpg.rf.3694024c8e8f5b25f1cc3dfa479af916.jpg</path>
	<source>
		<database>roboflow.com</database>
	</source>
	<size>
		<width>302</width>
		<height>167</height>
		<depth>3</depth>
	</size>
	<segmented>0</segmented>
	<object>
		<name>Pistol</name>
		<pose>Unspecified</pose>
		<truncated>0</truncated>
		<difficult>0</difficult>
		<occluded>0</occluded>
		<bndbox>
			<xmin>38</xmin>
			<xmax>91</xmax>
			<ymin>20</ymin>
			<ymax>79</ymax>
		</bndbox>
	</object>
</annotation>
