<annotation>
	<folder></folder>
	<filename>719b32812febfc7c203125573890d4e0-bath-soap-grenades_jpg.rf.31b35e06844e6559b3ba76ea7623daef.jpg</filename>
	<path>719b32812febfc7c203125573890d4e0-bath-soap-grenades_jpg.rf.31b35e06844e6559b3ba76ea7623daef.jpg</path>
	<source>
		<database>roboflow.com</database>
	</source>
	<size>
		<width>416</width>
		<height>416</height>
		<depth>3</depth>
	</size>
	<segmented>0</segmented>
	<object>
		<name>Grenade</name>
		<pose>Unspecified</pose>
		<truncated>0</truncated>
		<difficult>0</difficult>
		<occluded>0</occluded>
		<bndbox>
			<xmin>99</xmin>
			<xmax>229</xmax>
			<ymin>243</ymin>
			<ymax>327</ymax>
		</bndbox>
	</object>
	<object>
		<name>Pistol</name>
		<pose>Unspecified</pose>
		<truncated>0</truncated>
		<difficult>0</difficult>
		<occluded>0</occluded>
		<bndbox>
			<xmin>98</xmin>
			<xmax>318</xmax>
			<ymin>137</ymin>
			<ymax>320</ymax>
		</bndbox>
	</object>
</annotation>
