<annotation>
	<folder></folder>
	<filename>71c3d8ff431a03b6c1dd65dbd7d921d3_jpg.rf.5fa682699cd1f1c5038601eff2334201.jpg</filename>
	<path>71c3d8ff431a03b6c1dd65dbd7d921d3_jpg.rf.5fa682699cd1f1c5038601eff2334201.jpg</path>
	<source>
		<database>roboflow.com</database>
	</source>
	<size>
		<width>416</width>
		<height>416</height>
		<depth>3</depth>
	</size>
	<segmented>0</segmented>
	<object>
		<name>Gun</name>
		<pose>Unspecified</pose>
		<truncated>0</truncated>
		<difficult>0</difficult>
		<occluded>0</occluded>
		<bndbox>
			<xmin>27</xmin>
			<xmax>186</xmax>
			<ymin>250</ymin>
			<ymax>277</ymax>
		</bndbox>
	</object>
	<object>
		<name>Grenade</name>
		<pose>Unspecified</pose>
		<truncated>0</truncated>
		<difficult>0</difficult>
		<occluded>0</occluded>
		<bndbox>
			<xmin>204</xmin>
			<xmax>230</xmax>
			<ymin>313</ymin>
			<ymax>330</ymax>
		</bndbox>
	</object>
	<object>
		<name>Pistol</name>
		<pose>Unspecified</pose>
		<truncated>0</truncated>
		<difficult>0</difficult>
		<occluded>0</occluded>
		<bndbox>
			<xmin>173</xmin>
			<xmax>217</xmax>
			<ymin>276</ymin>
			<ymax>297</ymax>
		</bndbox>
	</object>
	<object>
		<name>Grenade</name>
		<pose>Unspecified</pose>
		<truncated>0</truncated>
		<difficult>0</difficult>
		<occluded>0</occluded>
		<bndbox>
			<xmin>207</xmin>
			<xmax>232</xmax>
			<ymin>302</ymin>
			<ymax>316</ymax>
		</bndbox>
	</object>
</annotation>
