<annotation>
	<folder></folder>
	<filename>725dd3e9-114_jpeg_jpg.rf.a911bda39803033b6724a3fcb99b4722.jpg</filename>
	<path>725dd3e9-114_jpeg_jpg.rf.a911bda39803033b6724a3fcb99b4722.jpg</path>
	<source>
		<database>roboflow.com</database>
	</source>
	<size>
		<width>300</width>
		<height>168</height>
		<depth>3</depth>
	</size>
	<segmented>0</segmented>
	<object>
		<name>Pistol</name>
		<pose>Unspecified</pose>
		<truncated>0</truncated>
		<difficult>0</difficult>
		<occluded>0</occluded>
		<bndbox>
			<xmin>103</xmin>
			<xmax>173</xmax>
			<ymin>133</ymin>
			<ymax>153</ymax>
		</bndbox>
	</object>
</annotation>
