<annotation>
	<folder></folder>
	<filename>72b173bf-245_jpeg_jpg.rf.8d3005debc0ac10adfef48fae4b0ab65.jpg</filename>
	<path>72b173bf-245_jpeg_jpg.rf.8d3005debc0ac10adfef48fae4b0ab65.jpg</path>
	<source>
		<database>roboflow.com</database>
	</source>
	<size>
		<width>416</width>
		<height>416</height>
		<depth>3</depth>
	</size>
	<segmented>0</segmented>
	<object>
		<name>Pistol</name>
		<pose>Unspecified</pose>
		<truncated>0</truncated>
		<difficult>0</difficult>
		<occluded>0</occluded>
		<bndbox>
			<xmin>208</xmin>
			<xmax>274</xmax>
			<ymin>145</ymin>
			<ymax>316</ymax>
		</bndbox>
	</object>
</annotation>
