<annotation>
	<folder></folder>
	<filename>731c2c40-192_jpeg_jpg.rf.562abb41303e557087fb1ad0e3a96af3.jpg</filename>
	<path>731c2c40-192_jpeg_jpg.rf.562abb41303e557087fb1ad0e3a96af3.jpg</path>
	<source>
		<database>roboflow.com</database>
	</source>
	<size>
		<width>295</width>
		<height>171</height>
		<depth>3</depth>
	</size>
	<segmented>0</segmented>
	<object>
		<name>Pistol</name>
		<pose>Unspecified</pose>
		<truncated>0</truncated>
		<difficult>0</difficult>
		<occluded>0</occluded>
		<bndbox>
			<xmin>108</xmin>
			<xmax>134</xmax>
			<ymin>77</ymin>
			<ymax>136</ymax>
		</bndbox>
	</object>
</annotation>
