<annotation>
	<folder></folder>
	<filename>74_jpeg_jpg.rf.6a3bed87c69f666051321f19101b57ef.jpg</filename>
	<path>74_jpeg_jpg.rf.6a3bed87c69f666051321f19101b57ef.jpg</path>
	<source>
		<database>roboflow.com</database>
	</source>
	<size>
		<width>300</width>
		<height>168</height>
		<depth>3</depth>
	</size>
	<segmented>0</segmented>
	<object>
		<name>Gun</name>
		<pose>Unspecified</pose>
		<truncated>0</truncated>
		<difficult>0</difficult>
		<occluded>0</occluded>
		<bndbox>
			<xmin>123</xmin>
			<xmax>209</xmax>
			<ymin>102</ymin>
			<ymax>143</ymax>
		</bndbox>
	</object>
	<object>
		<name>Gun</name>
		<pose>Unspecified</pose>
		<truncated>0</truncated>
		<difficult>0</difficult>
		<occluded>0</occluded>
		<bndbox>
			<xmin>131</xmin>
			<xmax>229</xmax>
			<ymin>59</ymin>
			<ymax>81</ymax>
		</bndbox>
	</object>
	<object>
		<name>Gun</name>
		<pose>Unspecified</pose>
		<truncated>0</truncated>
		<difficult>0</difficult>
		<occluded>0</occluded>
		<bndbox>
			<xmin>215</xmin>
			<xmax>300</xmax>
			<ymin>80</ymin>
			<ymax>104</ymax>
		</bndbox>
	</object>
	<object>
		<name>Gun</name>
		<pose>Unspecified</pose>
		<truncated>0</truncated>
		<difficult>0</difficult>
		<occluded>0</occluded>
		<bndbox>
			<xmin>215</xmin>
			<xmax>301</xmax>
			<ymin>113</ymin>
			<ymax>139</ymax>
		</bndbox>
	</object>
</annotation>
