<annotation>
	<folder></folder>
	<filename>74b293fa-e1420_jpg.rf.fcdcef438ef40e0a42240e8e5ae662ed.jpg</filename>
	<path>74b293fa-e1420_jpg.rf.fcdcef438ef40e0a42240e8e5ae662ed.jpg</path>
	<source>
		<database>roboflow.com</database>
	</source>
	<size>
		<width>612</width>
		<height>406</height>
		<depth>3</depth>
	</size>
	<segmented>0</segmented>
	<object>
		<name>Grenade</name>
		<pose>Unspecified</pose>
		<truncated>0</truncated>
		<difficult>0</difficult>
		<occluded>0</occluded>
		<bndbox>
			<xmin>1</xmin>
			<xmax>604</xmax>
			<ymin>17</ymin>
			<ymax>406</ymax>
		</bndbox>
	</object>
</annotation>
