<annotation>
	<folder></folder>
	<filename>74b293fa-e1420_jpg.rf.1f0e9388d89ffcfa8869357edb019d62.jpg</filename>
	<path>74b293fa-e1420_jpg.rf.1f0e9388d89ffcfa8869357edb019d62.jpg</path>
	<source>
		<database>roboflow.com</database>
	</source>
	<size>
		<width>416</width>
		<height>416</height>
		<depth>3</depth>
	</size>
	<segmented>0</segmented>
	<object>
		<name>Grenade</name>
		<pose>Unspecified</pose>
		<truncated>0</truncated>
		<difficult>0</difficult>
		<occluded>0</occluded>
		<bndbox>
			<xmin>1</xmin>
			<xmax>411</xmax>
			<ymin>17</ymin>
			<ymax>416</ymax>
		</bndbox>
	</object>
</annotation>
