<annotation>
	<folder></folder>
	<filename>74bb8dffc6f8b928_jpg.rf.37b3dd7ba79da7119732d3c6046f973d.jpg</filename>
	<path>74bb8dffc6f8b928_jpg.rf.37b3dd7ba79da7119732d3c6046f973d.jpg</path>
	<source>
		<database>roboflow.com</database>
	</source>
	<size>
		<width>416</width>
		<height>416</height>
		<depth>3</depth>
	</size>
	<segmented>0</segmented>
	<object>
		<name>Gun</name>
		<pose>Unspecified</pose>
		<truncated>0</truncated>
		<difficult>0</difficult>
		<occluded>0</occluded>
		<bndbox>
			<xmin>118</xmin>
			<xmax>205</xmax>
			<ymin>97</ymin>
			<ymax>199</ymax>
		</bndbox>
	</object>
	<object>
		<name>Gun</name>
		<pose>Unspecified</pose>
		<truncated>0</truncated>
		<difficult>0</difficult>
		<occluded>0</occluded>
		<bndbox>
			<xmin>184</xmin>
			<xmax>268</xmax>
			<ymin>65</ymin>
			<ymax>168</ymax>
		</bndbox>
	</object>
</annotation>
