<annotation>
	<folder></folder>
	<filename>75de7c55-60_jpeg_jpg.rf.a0b53fbf8929ec3b75c88a42047c077f.jpg</filename>
	<path>75de7c55-60_jpeg_jpg.rf.a0b53fbf8929ec3b75c88a42047c077f.jpg</path>
	<source>
		<database>roboflow.com</database>
	</source>
	<size>
		<width>416</width>
		<height>416</height>
		<depth>3</depth>
	</size>
	<segmented>0</segmented>
	<object>
		<name>Pistol</name>
		<pose>Unspecified</pose>
		<truncated>0</truncated>
		<difficult>0</difficult>
		<occluded>0</occluded>
		<bndbox>
			<xmin>214</xmin>
			<xmax>282</xmax>
			<ymin>61</ymin>
			<ymax>178</ymax>
		</bndbox>
	</object>
</annotation>
