<annotation>
	<folder></folder>
	<filename>77de2948-15_jpeg_jpg.rf.ad4fc6c51309e9adf7aa6ae6523106f8.jpg</filename>
	<path>77de2948-15_jpeg_jpg.rf.ad4fc6c51309e9adf7aa6ae6523106f8.jpg</path>
	<source>
		<database>roboflow.com</database>
	</source>
	<size>
		<width>416</width>
		<height>416</height>
		<depth>3</depth>
	</size>
	<segmented>0</segmented>
	<object>
		<name>Pistol</name>
		<pose>Unspecified</pose>
		<truncated>0</truncated>
		<difficult>0</difficult>
		<occluded>0</occluded>
		<bndbox>
			<xmin>147</xmin>
			<xmax>194</xmax>
			<ymin>229</ymin>
			<ymax>289</ymax>
		</bndbox>
	</object>
</annotation>
