<annotation>
	<folder></folder>
	<filename>78-785167_m_jpg.rf.36ff19b24e8b1d5fe2a8906187249d02.jpg</filename>
	<path>78-785167_m_jpg.rf.36ff19b24e8b1d5fe2a8906187249d02.jpg</path>
	<source>
		<database>roboflow.com</database>
	</source>
	<size>
		<width>416</width>
		<height>416</height>
		<depth>3</depth>
	</size>
	<segmented>0</segmented>
	<object>
		<name>Grenade</name>
		<pose>Unspecified</pose>
		<truncated>0</truncated>
		<difficult>0</difficult>
		<occluded>0</occluded>
		<bndbox>
			<xmin>166</xmin>
			<xmax>198</xmax>
			<ymin>341</ymin>
			<ymax>405</ymax>
		</bndbox>
	</object>
	<object>
		<name>Grenade</name>
		<pose>Unspecified</pose>
		<truncated>0</truncated>
		<difficult>0</difficult>
		<occluded>0</occluded>
		<bndbox>
			<xmin>189</xmin>
			<xmax>238</xmax>
			<ymin>293</ymin>
			<ymax>349</ymax>
		</bndbox>
	</object>
	<object>
		<name>Knife</name>
		<pose>Unspecified</pose>
		<truncated>0</truncated>
		<difficult>0</difficult>
		<occluded>0</occluded>
		<bndbox>
			<xmin>43</xmin>
			<xmax>160</xmax>
			<ymin>327</ymin>
			<ymax>404</ymax>
		</bndbox>
	</object>
	<object>
		<name>Gun</name>
		<pose>Unspecified</pose>
		<truncated>0</truncated>
		<difficult>0</difficult>
		<occluded>0</occluded>
		<bndbox>
			<xmin>3</xmin>
			<xmax>417</xmax>
			<ymin>8</ymin>
			<ymax>300</ymax>
		</bndbox>
	</object>
</annotation>
