<annotation>
	<folder></folder>
	<filename>7_jpeg_jpg.rf.26ef7dae9f4d4f8efbb453c8efcacbb3.jpg</filename>
	<path>7_jpeg_jpg.rf.26ef7dae9f4d4f8efbb453c8efcacbb3.jpg</path>
	<source>
		<database>roboflow.com</database>
	</source>
	<size>
		<width>416</width>
		<height>416</height>
		<depth>3</depth>
	</size>
	<segmented>0</segmented>
	<object>
		<name>Gun</name>
		<pose>Unspecified</pose>
		<truncated>0</truncated>
		<difficult>0</difficult>
		<occluded>0</occluded>
		<bndbox>
			<xmin>163</xmin>
			<xmax>248</xmax>
			<ymin>73</ymin>
			<ymax>301</ymax>
		</bndbox>
	</object>
	<object>
		<name>Gun</name>
		<pose>Unspecified</pose>
		<truncated>0</truncated>
		<difficult>0</difficult>
		<occluded>0</occluded>
		<bndbox>
			<xmin>252</xmin>
			<xmax>333</xmax>
			<ymin>120</ymin>
			<ymax>303</ymax>
		</bndbox>
	</object>
	<object>
		<name>Gun</name>
		<pose>Unspecified</pose>
		<truncated>0</truncated>
		<difficult>0</difficult>
		<occluded>0</occluded>
		<bndbox>
			<xmin>36</xmin>
			<xmax>118</xmax>
			<ymin>85</ymin>
			<ymax>316</ymax>
		</bndbox>
	</object>
</annotation>
