<annotation>
	<folder></folder>
	<filename>7a40d2e5-e1415_jpg.rf.3add377d1fa2fa7f4f1a0959fe269210.jpg</filename>
	<path>7a40d2e5-e1415_jpg.rf.3add377d1fa2fa7f4f1a0959fe269210.jpg</path>
	<source>
		<database>roboflow.com</database>
	</source>
	<size>
		<width>416</width>
		<height>416</height>
		<depth>3</depth>
	</size>
	<segmented>0</segmented>
	<object>
		<name>Grenade</name>
		<pose>Unspecified</pose>
		<truncated>0</truncated>
		<difficult>0</difficult>
		<occluded>0</occluded>
		<bndbox>
			<xmin>107</xmin>
			<xmax>215</xmax>
			<ymin>69</ymin>
			<ymax>325</ymax>
		</bndbox>
	</object>
</annotation>
