<annotation>
	<folder></folder>
	<filename>7b674614-ep260_jpg.rf.26004cd90bf8a10f420522388b3b9a82.jpg</filename>
	<path>7b674614-ep260_jpg.rf.26004cd90bf8a10f420522388b3b9a82.jpg</path>
	<source>
		<database>roboflow.com</database>
	</source>
	<size>
		<width>416</width>
		<height>416</height>
		<depth>3</depth>
	</size>
	<segmented>0</segmented>
	<object>
		<name>Grenade</name>
		<pose>Unspecified</pose>
		<truncated>0</truncated>
		<difficult>0</difficult>
		<occluded>0</occluded>
		<bndbox>
			<xmin>212</xmin>
			<xmax>258</xmax>
			<ymin>77</ymin>
			<ymax>175</ymax>
		</bndbox>
	</object>
</annotation>
