<annotation>
	<folder></folder>
	<filename>7c5ab5b4a85c3885_jpg.rf.9da92830a0ee61c880c2cba8eb93887c.jpg</filename>
	<path>7c5ab5b4a85c3885_jpg.rf.9da92830a0ee61c880c2cba8eb93887c.jpg</path>
	<source>
		<database>roboflow.com</database>
	</source>
	<size>
		<width>416</width>
		<height>416</height>
		<depth>3</depth>
	</size>
	<segmented>0</segmented>
	<object>
		<name>Gun</name>
		<pose>Unspecified</pose>
		<truncated>0</truncated>
		<difficult>0</difficult>
		<occluded>0</occluded>
		<bndbox>
			<xmin>17</xmin>
			<xmax>400</xmax>
			<ymin>33</ymin>
			<ymax>385</ymax>
		</bndbox>
	</object>
	<object>
		<name>Knife</name>
		<pose>Unspecified</pose>
		<truncated>0</truncated>
		<difficult>0</difficult>
		<occluded>0</occluded>
		<bndbox>
			<xmin>196</xmin>
			<xmax>320</xmax>
			<ymin>80</ymin>
			<ymax>270</ymax>
		</bndbox>
	</object>
</annotation>
