<annotation>
	<folder></folder>
	<filename>7d49c786-282_jpeg_jpg.rf.ea465a2843d5b51fa0b369d2c6d35672.jpg</filename>
	<path>7d49c786-282_jpeg_jpg.rf.ea465a2843d5b51fa0b369d2c6d35672.jpg</path>
	<source>
		<database>roboflow.com</database>
	</source>
	<size>
		<width>416</width>
		<height>416</height>
		<depth>3</depth>
	</size>
	<segmented>0</segmented>
	<object>
		<name>Pistol</name>
		<pose>Unspecified</pose>
		<truncated>0</truncated>
		<difficult>0</difficult>
		<occluded>0</occluded>
		<bndbox>
			<xmin>293</xmin>
			<xmax>409</xmax>
			<ymin>216</ymin>
			<ymax>313</ymax>
		</bndbox>
	</object>
</annotation>
