<annotation>
	<folder></folder>
	<filename>7e842ba0-215_jpeg_jpg.rf.a8cff23d221749530a42e02523d6e3e1.jpg</filename>
	<path>7e842ba0-215_jpeg_jpg.rf.a8cff23d221749530a42e02523d6e3e1.jpg</path>
	<source>
		<database>roboflow.com</database>
	</source>
	<size>
		<width>416</width>
		<height>416</height>
		<depth>3</depth>
	</size>
	<segmented>0</segmented>
	<object>
		<name>Pistol</name>
		<pose>Unspecified</pose>
		<truncated>0</truncated>
		<difficult>0</difficult>
		<occluded>0</occluded>
		<bndbox>
			<xmin>54</xmin>
			<xmax>309</xmax>
			<ymin>88</ymin>
			<ymax>306</ymax>
		</bndbox>
	</object>
</annotation>
