<annotation>
	<folder></folder>
	<filename>7f2d19a9-251_jpeg_jpg.rf.44ba0bacf9e50be1a41e6c758eebeabe.jpg</filename>
	<path>7f2d19a9-251_jpeg_jpg.rf.44ba0bacf9e50be1a41e6c758eebeabe.jpg</path>
	<source>
		<database>roboflow.com</database>
	</source>
	<size>
		<width>343</width>
		<height>147</height>
		<depth>3</depth>
	</size>
	<segmented>0</segmented>
	<object>
		<name>Pistol</name>
		<pose>Unspecified</pose>
		<truncated>0</truncated>
		<difficult>0</difficult>
		<occluded>0</occluded>
		<bndbox>
			<xmin>27</xmin>
			<xmax>92</xmax>
			<ymin>17</ymin>
			<ymax>46</ymax>
		</bndbox>
	</object>
	<object>
		<name>Pistol</name>
		<pose>Unspecified</pose>
		<truncated>0</truncated>
		<difficult>0</difficult>
		<occluded>0</occluded>
		<bndbox>
			<xmin>250</xmin>
			<xmax>292</xmax>
			<ymin>26</ymin>
			<ymax>54</ymax>
		</bndbox>
	</object>
</annotation>
