<annotation>
	<folder></folder>
	<filename>81c893ecc3c0de6d_jpg.rf.6b0da3ec2863db6a10a48013a90d173e.jpg</filename>
	<path>81c893ecc3c0de6d_jpg.rf.6b0da3ec2863db6a10a48013a90d173e.jpg</path>
	<source>
		<database>roboflow.com</database>
	</source>
	<size>
		<width>416</width>
		<height>416</height>
		<depth>3</depth>
	</size>
	<segmented>0</segmented>
	<object>
		<name>Gun</name>
		<pose>Unspecified</pose>
		<truncated>0</truncated>
		<difficult>0</difficult>
		<occluded>0</occluded>
		<bndbox>
			<xmin>165</xmin>
			<xmax>242</xmax>
			<ymin>136</ymin>
			<ymax>229</ymax>
		</bndbox>
	</object>
	<object>
		<name>Gun</name>
		<pose>Unspecified</pose>
		<truncated>0</truncated>
		<difficult>0</difficult>
		<occluded>0</occluded>
		<bndbox>
			<xmin>253</xmin>
			<xmax>347</xmax>
			<ymin>143</ymin>
			<ymax>260</ymax>
		</bndbox>
	</object>
</annotation>
