<annotation>
	<folder></folder>
	<filename>81So60LgTqL-_SL1500__jpg.rf.c367d2257738ace6e408f5e67dc849ef.jpg</filename>
	<path>81So60LgTqL-_SL1500__jpg.rf.c367d2257738ace6e408f5e67dc849ef.jpg</path>
	<source>
		<database>roboflow.com</database>
	</source>
	<size>
		<width>416</width>
		<height>416</height>
		<depth>3</depth>
	</size>
	<segmented>0</segmented>
	<object>
		<name>Knife</name>
		<pose>Unspecified</pose>
		<truncated>0</truncated>
		<difficult>0</difficult>
		<occluded>0</occluded>
		<bndbox>
			<xmin>21</xmin>
			<xmax>120</xmax>
			<ymin>91</ymin>
			<ymax>183</ymax>
		</bndbox>
	</object>
	<object>
		<name>Gun</name>
		<pose>Unspecified</pose>
		<truncated>0</truncated>
		<difficult>0</difficult>
		<occluded>0</occluded>
		<bndbox>
			<xmin>45</xmin>
			<xmax>395</xmax>
			<ymin>43</ymin>
			<ymax>341</ymax>
		</bndbox>
	</object>
</annotation>
