<annotation>
	<folder></folder>
	<filename>8314ddc7d081f3ba_jpg.rf.1eebc549907693fd1eb8484aac208397.jpg</filename>
	<path>8314ddc7d081f3ba_jpg.rf.1eebc549907693fd1eb8484aac208397.jpg</path>
	<source>
		<database>roboflow.com</database>
	</source>
	<size>
		<width>416</width>
		<height>416</height>
		<depth>3</depth>
	</size>
	<segmented>0</segmented>
	<object>
		<name>Gun</name>
		<pose>Unspecified</pose>
		<truncated>0</truncated>
		<difficult>0</difficult>
		<occluded>0</occluded>
		<bndbox>
			<xmin>184</xmin>
			<xmax>265</xmax>
			<ymin>123</ymin>
			<ymax>205</ymax>
		</bndbox>
	</object>
	<object>
		<name>Gun</name>
		<pose>Unspecified</pose>
		<truncated>0</truncated>
		<difficult>0</difficult>
		<occluded>0</occluded>
		<bndbox>
			<xmin>289</xmin>
			<xmax>373</xmax>
			<ymin>124</ymin>
			<ymax>288</ymax>
		</bndbox>
	</object>
</annotation>
