<annotation>
	<folder></folder>
	<filename>83a2ff32-3_jpeg_jpg.rf.1a7406681d354900b45c8eb2ee34e362.jpg</filename>
	<path>83a2ff32-3_jpeg_jpg.rf.1a7406681d354900b45c8eb2ee34e362.jpg</path>
	<source>
		<database>roboflow.com</database>
	</source>
	<size>
		<width>346</width>
		<height>146</height>
		<depth>3</depth>
	</size>
	<segmented>0</segmented>
	<object>
		<name>Pistol</name>
		<pose>Unspecified</pose>
		<truncated>0</truncated>
		<difficult>0</difficult>
		<occluded>0</occluded>
		<bndbox>
			<xmin>190</xmin>
			<xmax>280</xmax>
			<ymin>33</ymin>
			<ymax>112</ymax>
		</bndbox>
	</object>
	<object>
		<name>Pistol</name>
		<pose>Unspecified</pose>
		<truncated>0</truncated>
		<difficult>0</difficult>
		<occluded>0</occluded>
		<bndbox>
			<xmin>247</xmin>
			<xmax>323</xmax>
			<ymin>50</ymin>
			<ymax>100</ymax>
		</bndbox>
	</object>
</annotation>
