<annotation>
	<folder></folder>
	<filename>83a2ff32-3_jpeg_jpg.rf.043b82cd575eda8c06979d40de49a04a.jpg</filename>
	<path>83a2ff32-3_jpeg_jpg.rf.043b82cd575eda8c06979d40de49a04a.jpg</path>
	<source>
		<database>roboflow.com</database>
	</source>
	<size>
		<width>416</width>
		<height>416</height>
		<depth>3</depth>
	</size>
	<segmented>0</segmented>
	<object>
		<name>Pistol</name>
		<pose>Unspecified</pose>
		<truncated>0</truncated>
		<difficult>0</difficult>
		<occluded>0</occluded>
		<bndbox>
			<xmin>229</xmin>
			<xmax>337</xmax>
			<ymin>92</ymin>
			<ymax>317</ymax>
		</bndbox>
	</object>
	<object>
		<name>Pistol</name>
		<pose>Unspecified</pose>
		<truncated>0</truncated>
		<difficult>0</difficult>
		<occluded>0</occluded>
		<bndbox>
			<xmin>297</xmin>
			<xmax>389</xmax>
			<ymin>141</ymin>
			<ymax>284</ymax>
		</bndbox>
	</object>
</annotation>
