<annotation>
	<folder></folder>
	<filename>84d477ba-209_jpeg_jpg.rf.7d4c66cf036018eddce3b05ac4120c62.jpg</filename>
	<path>84d477ba-209_jpeg_jpg.rf.7d4c66cf036018eddce3b05ac4120c62.jpg</path>
	<source>
		<database>roboflow.com</database>
	</source>
	<size>
		<width>416</width>
		<height>416</height>
		<depth>3</depth>
	</size>
	<segmented>0</segmented>
	<object>
		<name>Pistol</name>
		<pose>Unspecified</pose>
		<truncated>0</truncated>
		<difficult>0</difficult>
		<occluded>0</occluded>
		<bndbox>
			<xmin>109</xmin>
			<xmax>195</xmax>
			<ymin>102</ymin>
			<ymax>324</ymax>
		</bndbox>
	</object>
</annotation>
