<annotation>
	<folder></folder>
	<filename>84de5a0f4be94903304892800a07eb55_jpg.rf.3f00d95d6d8111ebf1e50a61765cf195.jpg</filename>
	<path>84de5a0f4be94903304892800a07eb55_jpg.rf.3f00d95d6d8111ebf1e50a61765cf195.jpg</path>
	<source>
		<database>roboflow.com</database>
	</source>
	<size>
		<width>416</width>
		<height>416</height>
		<depth>3</depth>
	</size>
	<segmented>0</segmented>
	<object>
		<name>Gun</name>
		<pose>Unspecified</pose>
		<truncated>0</truncated>
		<difficult>0</difficult>
		<occluded>0</occluded>
		<bndbox>
			<xmin>245</xmin>
			<xmax>383</xmax>
			<ymin>262</ymin>
			<ymax>287</ymax>
		</bndbox>
	</object>
	<object>
		<name>Pistol</name>
		<pose>Unspecified</pose>
		<truncated>0</truncated>
		<difficult>0</difficult>
		<occluded>0</occluded>
		<bndbox>
			<xmin>280</xmin>
			<xmax>317</xmax>
			<ymin>323</ymin>
			<ymax>348</ymax>
		</bndbox>
	</object>
	<object>
		<name>Grenade</name>
		<pose>Unspecified</pose>
		<truncated>0</truncated>
		<difficult>0</difficult>
		<occluded>0</occluded>
		<bndbox>
			<xmin>264</xmin>
			<xmax>279</xmax>
			<ymin>357</ymin>
			<ymax>375</ymax>
		</bndbox>
	</object>
	<object>
		<name>Grenade</name>
		<pose>Unspecified</pose>
		<truncated>0</truncated>
		<difficult>0</difficult>
		<occluded>0</occluded>
		<bndbox>
			<xmin>284</xmin>
			<xmax>298</xmax>
			<ymin>356</ymin>
			<ymax>375</ymax>
		</bndbox>
	</object>
</annotation>
