<annotation>
	<folder></folder>
	<filename>84eb7263c7c21eda9aff78edac6a081a_jpg.rf.b24018b95e861884a46de73fc2cf3407.jpg</filename>
	<path>84eb7263c7c21eda9aff78edac6a081a_jpg.rf.b24018b95e861884a46de73fc2cf3407.jpg</path>
	<source>
		<database>roboflow.com</database>
	</source>
	<size>
		<width>416</width>
		<height>416</height>
		<depth>3</depth>
	</size>
	<segmented>0</segmented>
	<object>
		<name>Gun</name>
		<pose>Unspecified</pose>
		<truncated>0</truncated>
		<difficult>0</difficult>
		<occluded>0</occluded>
		<bndbox>
			<xmin>212</xmin>
			<xmax>364</xmax>
			<ymin>15</ymin>
			<ymax>406</ymax>
		</bndbox>
	</object>
	<object>
		<name>Knife</name>
		<pose>Unspecified</pose>
		<truncated>0</truncated>
		<difficult>0</difficult>
		<occluded>0</occluded>
		<bndbox>
			<xmin>105</xmin>
			<xmax>134</xmax>
			<ymin>253</ymin>
			<ymax>390</ymax>
		</bndbox>
	</object>
	<object>
		<name>Pistol</name>
		<pose>Unspecified</pose>
		<truncated>0</truncated>
		<difficult>0</difficult>
		<occluded>0</occluded>
		<bndbox>
			<xmin>140</xmin>
			<xmax>229</xmax>
			<ymin>272</ymin>
			<ymax>373</ymax>
		</bndbox>
	</object>
</annotation>
