<annotation>
	<folder></folder>
	<filename>85924637-rifle-gun-knife-with-sheath-compass-and-notebook-with-pen-on-on-black-cloth_png_jpg.rf.1e3ced8f693519ac0566e19c2e8e5b4a.jpg</filename>
	<path>85924637-rifle-gun-knife-with-sheath-compass-and-notebook-with-pen-on-on-black-cloth_png_jpg.rf.1e3ced8f693519ac0566e19c2e8e5b4a.jpg</path>
	<source>
		<database>roboflow.com</database>
	</source>
	<size>
		<width>416</width>
		<height>416</height>
		<depth>3</depth>
	</size>
	<segmented>0</segmented>
	<object>
		<name>Gun</name>
		<pose>Unspecified</pose>
		<truncated>0</truncated>
		<difficult>0</difficult>
		<occluded>0</occluded>
		<bndbox>
			<xmin>1</xmin>
			<xmax>288</xmax>
			<ymin>185</ymin>
			<ymax>417</ymax>
		</bndbox>
	</object>
	<object>
		<name>Knife</name>
		<pose>Unspecified</pose>
		<truncated>0</truncated>
		<difficult>0</difficult>
		<occluded>0</occluded>
		<bndbox>
			<xmin>291</xmin>
			<xmax>371</xmax>
			<ymin>38</ymin>
			<ymax>269</ymax>
		</bndbox>
	</object>
	<object>
		<name>Pistol</name>
		<pose>Unspecified</pose>
		<truncated>0</truncated>
		<difficult>0</difficult>
		<occluded>0</occluded>
		<bndbox>
			<xmin>175</xmin>
			<xmax>281</xmax>
			<ymin>24</ymin>
			<ymax>137</ymax>
		</bndbox>
	</object>
</annotation>
