<annotation>
	<folder></folder>
	<filename>86_jpeg_jpg.rf.f746763e71212c682a93eb96c9be37e4.jpg</filename>
	<path>86_jpeg_jpg.rf.f746763e71212c682a93eb96c9be37e4.jpg</path>
	<source>
		<database>roboflow.com</database>
	</source>
	<size>
		<width>416</width>
		<height>416</height>
		<depth>3</depth>
	</size>
	<segmented>0</segmented>
	<object>
		<name>Gun</name>
		<pose>Unspecified</pose>
		<truncated>0</truncated>
		<difficult>0</difficult>
		<occluded>0</occluded>
		<bndbox>
			<xmin>138</xmin>
			<xmax>373</xmax>
			<ymin>77</ymin>
			<ymax>209</ymax>
		</bndbox>
	</object>
</annotation>
