<annotation>
	<folder></folder>
	<filename>86a4005a-e1409_jpg.rf.d9014f100ef0e3dcf286e3d1ff07a282.jpg</filename>
	<path>86a4005a-e1409_jpg.rf.d9014f100ef0e3dcf286e3d1ff07a282.jpg</path>
	<source>
		<database>roboflow.com</database>
	</source>
	<size>
		<width>416</width>
		<height>416</height>
		<depth>3</depth>
	</size>
	<segmented>0</segmented>
	<object>
		<name>Grenade</name>
		<pose>Unspecified</pose>
		<truncated>0</truncated>
		<difficult>0</difficult>
		<occluded>0</occluded>
		<bndbox>
			<xmin>47</xmin>
			<xmax>157</xmax>
			<ymin>139</ymin>
			<ymax>402</ymax>
		</bndbox>
	</object>
	<object>
		<name>Grenade</name>
		<pose>Unspecified</pose>
		<truncated>0</truncated>
		<difficult>0</difficult>
		<occluded>0</occluded>
		<bndbox>
			<xmin>137</xmin>
			<xmax>278</xmax>
			<ymin>114</ymin>
			<ymax>402</ymax>
		</bndbox>
	</object>
	<object>
		<name>Grenade</name>
		<pose>Unspecified</pose>
		<truncated>0</truncated>
		<difficult>0</difficult>
		<occluded>0</occluded>
		<bndbox>
			<xmin>229</xmin>
			<xmax>377</xmax>
			<ymin>136</ymin>
			<ymax>403</ymax>
		</bndbox>
	</object>
</annotation>
