<annotation>
	<folder></folder>
	<filename>8792633_fbimg1550416037468_jpeg4b84c0d59c4c276653f66977d659d494_jpg.rf.9f56840f98dbf6f6b7f64dabab78d9fa.jpg</filename>
	<path>8792633_fbimg1550416037468_jpeg4b84c0d59c4c276653f66977d659d494_jpg.rf.9f56840f98dbf6f6b7f64dabab78d9fa.jpg</path>
	<source>
		<database>roboflow.com</database>
	</source>
	<size>
		<width>416</width>
		<height>416</height>
		<depth>3</depth>
	</size>
	<segmented>0</segmented>
	<object>
		<name>Grenade</name>
		<pose>Unspecified</pose>
		<truncated>0</truncated>
		<difficult>0</difficult>
		<occluded>0</occluded>
		<bndbox>
			<xmin>150</xmin>
			<xmax>167</xmax>
			<ymin>43</ymin>
			<ymax>68</ymax>
		</bndbox>
	</object>
	<object>
		<name>Grenade</name>
		<pose>Unspecified</pose>
		<truncated>0</truncated>
		<difficult>0</difficult>
		<occluded>0</occluded>
		<bndbox>
			<xmin>145</xmin>
			<xmax>163</xmax>
			<ymin>65</ymin>
			<ymax>90</ymax>
		</bndbox>
	</object>
	<object>
		<name>Gun</name>
		<pose>Unspecified</pose>
		<truncated>0</truncated>
		<difficult>0</difficult>
		<occluded>0</occluded>
		<bndbox>
			<xmin>91</xmin>
			<xmax>284</xmax>
			<ymin>1</ymin>
			<ymax>42</ymax>
		</bndbox>
	</object>
	<object>
		<name>Gun</name>
		<pose>Unspecified</pose>
		<truncated>0</truncated>
		<difficult>0</difficult>
		<occluded>0</occluded>
		<bndbox>
			<xmin>77</xmin>
			<xmax>278</xmax>
			<ymin>75</ymin>
			<ymax>139</ymax>
		</bndbox>
	</object>
	<object>
		<name>Gun</name>
		<pose>Unspecified</pose>
		<truncated>0</truncated>
		<difficult>0</difficult>
		<occluded>0</occluded>
		<bndbox>
			<xmin>75</xmin>
			<xmax>281</xmax>
			<ymin>123</ymin>
			<ymax>206</ymax>
		</bndbox>
	</object>
	<object>
		<name>Gun</name>
		<pose>Unspecified</pose>
		<truncated>0</truncated>
		<difficult>0</difficult>
		<occluded>0</occluded>
		<bndbox>
			<xmin>62</xmin>
			<xmax>267</xmax>
			<ymin>165</ymin>
			<ymax>277</ymax>
		</bndbox>
	</object>
	<object>
		<name>Gun</name>
		<pose>Unspecified</pose>
		<truncated>0</truncated>
		<difficult>0</difficult>
		<occluded>0</occluded>
		<bndbox>
			<xmin>51</xmin>
			<xmax>264</xmax>
			<ymin>214</ymin>
			<ymax>323</ymax>
		</bndbox>
	</object>
	<object>
		<name>Gun</name>
		<pose>Unspecified</pose>
		<truncated>0</truncated>
		<difficult>0</difficult>
		<occluded>0</occluded>
		<bndbox>
			<xmin>2</xmin>
			<xmax>377</xmax>
			<ymin>278</ymin>
			<ymax>413</ymax>
		</bndbox>
	</object>
</annotation>
