<annotation>
	<folder></folder>
	<filename>87_jpeg_jpg.rf.637b30809c8dc70ecfe154a0fcd1a1b3.jpg</filename>
	<path>87_jpeg_jpg.rf.637b30809c8dc70ecfe154a0fcd1a1b3.jpg</path>
	<source>
		<database>roboflow.com</database>
	</source>
	<size>
		<width>416</width>
		<height>416</height>
		<depth>3</depth>
	</size>
	<segmented>0</segmented>
	<object>
		<name>Gun</name>
		<pose>Unspecified</pose>
		<truncated>0</truncated>
		<difficult>0</difficult>
		<occluded>0</occluded>
		<bndbox>
			<xmin>102</xmin>
			<xmax>275</xmax>
			<ymin>212</ymin>
			<ymax>371</ymax>
		</bndbox>
	</object>
	<object>
		<name>Gun</name>
		<pose>Unspecified</pose>
		<truncated>0</truncated>
		<difficult>0</difficult>
		<occluded>0</occluded>
		<bndbox>
			<xmin>130</xmin>
			<xmax>324</xmax>
			<ymin>57</ymin>
			<ymax>222</ymax>
		</bndbox>
	</object>
	<object>
		<name>Gun</name>
		<pose>Unspecified</pose>
		<truncated>0</truncated>
		<difficult>0</difficult>
		<occluded>0</occluded>
		<bndbox>
			<xmin>18</xmin>
			<xmax>115</xmax>
			<ymin>21</ymin>
			<ymax>378</ymax>
		</bndbox>
	</object>
	<object>
		<name>Gun</name>
		<pose>Unspecified</pose>
		<truncated>0</truncated>
		<difficult>0</difficult>
		<occluded>0</occluded>
		<bndbox>
			<xmin>321</xmin>
			<xmax>413</xmax>
			<ymin>14</ymin>
			<ymax>394</ymax>
		</bndbox>
	</object>
</annotation>
