<annotation>
	<folder></folder>
	<filename>890eb32a770cd954a356e7c96e9794a1_jpg.rf.59f41eb02f7dd431df7562b25ac65c20.jpg</filename>
	<path>890eb32a770cd954a356e7c96e9794a1_jpg.rf.59f41eb02f7dd431df7562b25ac65c20.jpg</path>
	<source>
		<database>roboflow.com</database>
	</source>
	<size>
		<width>416</width>
		<height>416</height>
		<depth>3</depth>
	</size>
	<segmented>0</segmented>
	<object>
		<name>Gun</name>
		<pose>Unspecified</pose>
		<truncated>0</truncated>
		<difficult>0</difficult>
		<occluded>0</occluded>
		<bndbox>
			<xmin>135</xmin>
			<xmax>193</xmax>
			<ymin>165</ymin>
			<ymax>380</ymax>
		</bndbox>
	</object>
	<object>
		<name>Gun</name>
		<pose>Unspecified</pose>
		<truncated>0</truncated>
		<difficult>0</difficult>
		<occluded>0</occluded>
		<bndbox>
			<xmin>327</xmin>
			<xmax>382</xmax>
			<ymin>74</ymin>
			<ymax>227</ymax>
		</bndbox>
	</object>
	<object>
		<name>Knife</name>
		<pose>Unspecified</pose>
		<truncated>0</truncated>
		<difficult>0</difficult>
		<occluded>0</occluded>
		<bndbox>
			<xmin>276</xmin>
			<xmax>301</xmax>
			<ymin>155</ymin>
			<ymax>232</ymax>
		</bndbox>
	</object>
	<object>
		<name>Grenade</name>
		<pose>Unspecified</pose>
		<truncated>0</truncated>
		<difficult>0</difficult>
		<occluded>0</occluded>
		<bndbox>
			<xmin>210</xmin>
			<xmax>229</xmax>
			<ymin>142</ymin>
			<ymax>171</ymax>
		</bndbox>
	</object>
</annotation>
