<annotation>
	<folder></folder>
	<filename>8b063428-e1351_jpg.rf.d4ca189b4755eaf2a6f83f4fa6c149af.jpg</filename>
	<path>8b063428-e1351_jpg.rf.d4ca189b4755eaf2a6f83f4fa6c149af.jpg</path>
	<source>
		<database>roboflow.com</database>
	</source>
	<size>
		<width>170</width>
		<height>112</height>
		<depth>3</depth>
	</size>
	<segmented>0</segmented>
	<object>
		<name>Grenade</name>
		<pose>Unspecified</pose>
		<truncated>0</truncated>
		<difficult>0</difficult>
		<occluded>0</occluded>
		<bndbox>
			<xmin>38</xmin>
			<xmax>84</xmax>
			<ymin>24</ymin>
			<ymax>99</ymax>
		</bndbox>
	</object>
	<object>
		<name>Grenade</name>
		<pose>Unspecified</pose>
		<truncated>0</truncated>
		<difficult>0</difficult>
		<occluded>0</occluded>
		<bndbox>
			<xmin>91</xmin>
			<xmax>135</xmax>
			<ymin>24</ymin>
			<ymax>99</ymax>
		</bndbox>
	</object>
</annotation>
