<annotation>
	<folder></folder>
	<filename>8b0a1ab1-e1416_jpg.rf.3f7434d79ed8b358c5eab2b6fff4b05f.jpg</filename>
	<path>8b0a1ab1-e1416_jpg.rf.3f7434d79ed8b358c5eab2b6fff4b05f.jpg</path>
	<source>
		<database>roboflow.com</database>
	</source>
	<size>
		<width>612</width>
		<height>495</height>
		<depth>3</depth>
	</size>
	<segmented>0</segmented>
	<object>
		<name>Grenade</name>
		<pose>Unspecified</pose>
		<truncated>0</truncated>
		<difficult>0</difficult>
		<occluded>0</occluded>
		<bndbox>
			<xmin>156</xmin>
			<xmax>284</xmax>
			<ymin>156</ymin>
			<ymax>396</ymax>
		</bndbox>
	</object>
</annotation>
