<annotation>
	<folder></folder>
	<filename>8b3d8cfc-326_jpeg_jpg.rf.66eb6b2089a8f6f8fb47426454fd7276.jpg</filename>
	<path>8b3d8cfc-326_jpeg_jpg.rf.66eb6b2089a8f6f8fb47426454fd7276.jpg</path>
	<source>
		<database>roboflow.com</database>
	</source>
	<size>
		<width>416</width>
		<height>416</height>
		<depth>3</depth>
	</size>
	<segmented>0</segmented>
	<object>
		<name>Pistol</name>
		<pose>Unspecified</pose>
		<truncated>0</truncated>
		<difficult>0</difficult>
		<occluded>0</occluded>
		<bndbox>
			<xmin>88</xmin>
			<xmax>151</xmax>
			<ymin>160</ymin>
			<ymax>248</ymax>
		</bndbox>
	</object>
</annotation>
