<annotation>
	<folder></folder>
	<filename>8b57076f-302_jpeg_jpg.rf.85e85e29a14cb25f19ff164384bdf531.jpg</filename>
	<path>8b57076f-302_jpeg_jpg.rf.85e85e29a14cb25f19ff164384bdf531.jpg</path>
	<source>
		<database>roboflow.com</database>
	</source>
	<size>
		<width>416</width>
		<height>416</height>
		<depth>3</depth>
	</size>
	<segmented>0</segmented>
	<object>
		<name>Pistol</name>
		<pose>Unspecified</pose>
		<truncated>0</truncated>
		<difficult>0</difficult>
		<occluded>0</occluded>
		<bndbox>
			<xmin>160</xmin>
			<xmax>204</xmax>
			<ymin>192</ymin>
			<ymax>267</ymax>
		</bndbox>
	</object>
</annotation>
