<annotation>
	<folder></folder>
	<filename>8ccf9a94947478d0_jpg.rf.9fb9c8c4885554104b63cb2823efb0d8.jpg</filename>
	<path>8ccf9a94947478d0_jpg.rf.9fb9c8c4885554104b63cb2823efb0d8.jpg</path>
	<source>
		<database>roboflow.com</database>
	</source>
	<size>
		<width>416</width>
		<height>416</height>
		<depth>3</depth>
	</size>
	<segmented>0</segmented>
	<object>
		<name>Pistol</name>
		<pose>Unspecified</pose>
		<truncated>0</truncated>
		<difficult>0</difficult>
		<occluded>0</occluded>
		<bndbox>
			<xmin>116</xmin>
			<xmax>187</xmax>
			<ymin>117</ymin>
			<ymax>190</ymax>
		</bndbox>
	</object>
	<object>
		<name>Knife</name>
		<pose>Unspecified</pose>
		<truncated>0</truncated>
		<difficult>0</difficult>
		<occluded>0</occluded>
		<bndbox>
			<xmin>301</xmin>
			<xmax>325</xmax>
			<ymin>134</ymin>
			<ymax>189</ymax>
		</bndbox>
	</object>
	<object>
		<name>Knife</name>
		<pose>Unspecified</pose>
		<truncated>0</truncated>
		<difficult>0</difficult>
		<occluded>0</occluded>
		<bndbox>
			<xmin>280</xmin>
			<xmax>304</xmax>
			<ymin>139</ymin>
			<ymax>187</ymax>
		</bndbox>
	</object>
</annotation>
