<annotation>
	<folder></folder>
	<filename>8d0ff64d-186_jpeg_jpg.rf.ff78d10d2e1dd580481af8ec21037d74.jpg</filename>
	<path>8d0ff64d-186_jpeg_jpg.rf.ff78d10d2e1dd580481af8ec21037d74.jpg</path>
	<source>
		<database>roboflow.com</database>
	</source>
	<size>
		<width>416</width>
		<height>416</height>
		<depth>3</depth>
	</size>
	<segmented>0</segmented>
	<object>
		<name>Pistol</name>
		<pose>Unspecified</pose>
		<truncated>0</truncated>
		<difficult>0</difficult>
		<occluded>0</occluded>
		<bndbox>
			<xmin>120</xmin>
			<xmax>288</xmax>
			<ymin>77</ymin>
			<ymax>200</ymax>
		</bndbox>
	</object>
</annotation>
