<annotation>
	<folder></folder>
	<filename>8d10a23d-ep280_jpg.rf.bfaeafb80049cd4139b884fb17b49d89.jpg</filename>
	<path>8d10a23d-ep280_jpg.rf.bfaeafb80049cd4139b884fb17b49d89.jpg</path>
	<source>
		<database>roboflow.com</database>
	</source>
	<size>
		<width>416</width>
		<height>416</height>
		<depth>3</depth>
	</size>
	<segmented>0</segmented>
	<object>
		<name>Grenade</name>
		<pose>Unspecified</pose>
		<truncated>0</truncated>
		<difficult>0</difficult>
		<occluded>0</occluded>
		<bndbox>
			<xmin>147</xmin>
			<xmax>310</xmax>
			<ymin>180</ymin>
			<ymax>280</ymax>
		</bndbox>
	</object>
</annotation>
