<annotation>
	<folder></folder>
	<filename>8fe9bb3e0d59816487ed47dbfddcca4d_jpg.rf.b0b6b95d713b0cd20559a86fbae94bd9.jpg</filename>
	<path>8fe9bb3e0d59816487ed47dbfddcca4d_jpg.rf.b0b6b95d713b0cd20559a86fbae94bd9.jpg</path>
	<source>
		<database>roboflow.com</database>
	</source>
	<size>
		<width>416</width>
		<height>416</height>
		<depth>3</depth>
	</size>
	<segmented>0</segmented>
	<object>
		<name>Gun</name>
		<pose>Unspecified</pose>
		<truncated>0</truncated>
		<difficult>0</difficult>
		<occluded>0</occluded>
		<bndbox>
			<xmin>32</xmin>
			<xmax>147</xmax>
			<ymin>76</ymin>
			<ymax>369</ymax>
		</bndbox>
	</object>
	<object>
		<name>Pistol</name>
		<pose>Unspecified</pose>
		<truncated>0</truncated>
		<difficult>0</difficult>
		<occluded>0</occluded>
		<bndbox>
			<xmin>144</xmin>
			<xmax>210</xmax>
			<ymin>266</ymin>
			<ymax>362</ymax>
		</bndbox>
	</object>
	<object>
		<name>Grenade</name>
		<pose>Unspecified</pose>
		<truncated>0</truncated>
		<difficult>0</difficult>
		<occluded>0</occluded>
		<bndbox>
			<xmin>216</xmin>
			<xmax>246</xmax>
			<ymin>322</ymin>
			<ymax>379</ymax>
		</bndbox>
	</object>
</annotation>
