<annotation>
	<folder></folder>
	<filename>90ff5ef7-e1363_jpg.rf.f3c6ac5ccf0e1aedb2ff36fec3e37b15.jpg</filename>
	<path>90ff5ef7-e1363_jpg.rf.f3c6ac5ccf0e1aedb2ff36fec3e37b15.jpg</path>
	<source>
		<database>roboflow.com</database>
	</source>
	<size>
		<width>170</width>
		<height>170</height>
		<depth>3</depth>
	</size>
	<segmented>0</segmented>
	<object>
		<name>Grenade</name>
		<pose>Unspecified</pose>
		<truncated>0</truncated>
		<difficult>0</difficult>
		<occluded>0</occluded>
		<bndbox>
			<xmin>63</xmin>
			<xmax>142</xmax>
			<ymin>35</ymin>
			<ymax>156</ymax>
		</bndbox>
	</object>
</annotation>
