<annotation>
	<folder></folder>
	<filename>914f0a15-145_jpeg_jpg.rf.b3c801de9781eb607a3eff94e438d80b.jpg</filename>
	<path>914f0a15-145_jpeg_jpg.rf.b3c801de9781eb607a3eff94e438d80b.jpg</path>
	<source>
		<database>roboflow.com</database>
	</source>
	<size>
		<width>274</width>
		<height>184</height>
		<depth>3</depth>
	</size>
	<segmented>0</segmented>
	<object>
		<name>Pistol</name>
		<pose>Unspecified</pose>
		<truncated>0</truncated>
		<difficult>0</difficult>
		<occluded>0</occluded>
		<bndbox>
			<xmin>185</xmin>
			<xmax>257</xmax>
			<ymin>67</ymin>
			<ymax>96</ymax>
		</bndbox>
	</object>
</annotation>
