<annotation>
	<folder></folder>
	<filename>914f0a15-145_jpeg_jpg.rf.e2ef11ffe8b2183269c00df4ed1d0a06.jpg</filename>
	<path>914f0a15-145_jpeg_jpg.rf.e2ef11ffe8b2183269c00df4ed1d0a06.jpg</path>
	<source>
		<database>roboflow.com</database>
	</source>
	<size>
		<width>416</width>
		<height>416</height>
		<depth>3</depth>
	</size>
	<segmented>0</segmented>
	<object>
		<name>Pistol</name>
		<pose>Unspecified</pose>
		<truncated>0</truncated>
		<difficult>0</difficult>
		<occluded>0</occluded>
		<bndbox>
			<xmin>281</xmin>
			<xmax>390</xmax>
			<ymin>150</ymin>
			<ymax>216</ymax>
		</bndbox>
	</object>
</annotation>
