<annotation>
	<folder></folder>
	<filename>91_jpeg_jpg.rf.2c556eb40ee3dbfd056c975000861d79.jpg</filename>
	<path>91_jpeg_jpg.rf.2c556eb40ee3dbfd056c975000861d79.jpg</path>
	<source>
		<database>roboflow.com</database>
	</source>
	<size>
		<width>416</width>
		<height>416</height>
		<depth>3</depth>
	</size>
	<segmented>0</segmented>
	<object>
		<name>Gun</name>
		<pose>Unspecified</pose>
		<truncated>0</truncated>
		<difficult>0</difficult>
		<occluded>0</occluded>
		<bndbox>
			<xmin>131</xmin>
			<xmax>257</xmax>
			<ymin>10</ymin>
			<ymax>363</ymax>
		</bndbox>
	</object>
</annotation>
