<annotation>
	<folder></folder>
	<filename>91_jpeg_jpg.rf.12bff83e1c5b1fe96ce274e353d13e9d.jpg</filename>
	<path>91_jpeg_jpg.rf.12bff83e1c5b1fe96ce274e353d13e9d.jpg</path>
	<source>
		<database>roboflow.com</database>
	</source>
	<size>
		<width>265</width>
		<height>190</height>
		<depth>3</depth>
	</size>
	<segmented>0</segmented>
	<object>
		<name>Gun</name>
		<pose>Unspecified</pose>
		<truncated>0</truncated>
		<difficult>0</difficult>
		<occluded>0</occluded>
		<bndbox>
			<xmin>84</xmin>
			<xmax>164</xmax>
			<ymin>5</ymin>
			<ymax>166</ymax>
		</bndbox>
	</object>
</annotation>
