<annotation>
	<folder></folder>
	<filename>91b7afa06befcdb820ae8179978cac88-hobbies-military_jpg.rf.c7af2534e406ceecbe520333844a3080.jpg</filename>
	<path>91b7afa06befcdb820ae8179978cac88-hobbies-military_jpg.rf.c7af2534e406ceecbe520333844a3080.jpg</path>
	<source>
		<database>roboflow.com</database>
	</source>
	<size>
		<width>416</width>
		<height>416</height>
		<depth>3</depth>
	</size>
	<segmented>0</segmented>
	<object>
		<name>Gun</name>
		<pose>Unspecified</pose>
		<truncated>0</truncated>
		<difficult>0</difficult>
		<occluded>0</occluded>
		<bndbox>
			<xmin>31</xmin>
			<xmax>194</xmax>
			<ymin>9</ymin>
			<ymax>307</ymax>
		</bndbox>
	</object>
	<object>
		<name>Gun</name>
		<pose>Unspecified</pose>
		<truncated>0</truncated>
		<difficult>0</difficult>
		<occluded>0</occluded>
		<bndbox>
			<xmin>160</xmin>
			<xmax>274</xmax>
			<ymin>9</ymin>
			<ymax>403</ymax>
		</bndbox>
	</object>
	<object>
		<name>Gun</name>
		<pose>Unspecified</pose>
		<truncated>0</truncated>
		<difficult>0</difficult>
		<occluded>0</occluded>
		<bndbox>
			<xmin>222</xmin>
			<xmax>412</xmax>
			<ymin>2</ymin>
			<ymax>326</ymax>
		</bndbox>
	</object>
	<object>
		<name>Pistol</name>
		<pose>Unspecified</pose>
		<truncated>0</truncated>
		<difficult>0</difficult>
		<occluded>0</occluded>
		<bndbox>
			<xmin>279</xmin>
			<xmax>367</xmax>
			<ymin>229</ymin>
			<ymax>345</ymax>
		</bndbox>
	</object>
	<object>
		<name>Pistol</name>
		<pose>Unspecified</pose>
		<truncated>0</truncated>
		<difficult>0</difficult>
		<occluded>0</occluded>
		<bndbox>
			<xmin>44</xmin>
			<xmax>154</xmax>
			<ymin>260</ymin>
			<ymax>405</ymax>
		</bndbox>
	</object>
</annotation>
