<annotation>
	<folder></folder>
	<filename>91f58fb453c1f9d7_jpg.rf.75b973e8585f321a9a95f09fa29381c4.jpg</filename>
	<path>91f58fb453c1f9d7_jpg.rf.75b973e8585f321a9a95f09fa29381c4.jpg</path>
	<source>
		<database>roboflow.com</database>
	</source>
	<size>
		<width>1024</width>
		<height>683</height>
		<depth>3</depth>
	</size>
	<segmented>0</segmented>
	<object>
		<name>Gun</name>
		<pose>Unspecified</pose>
		<truncated>0</truncated>
		<difficult>0</difficult>
		<occluded>0</occluded>
		<bndbox>
			<xmin>119</xmin>
			<xmax>552</xmax>
			<ymin>257</ymin>
			<ymax>475</ymax>
		</bndbox>
	</object>
	<object>
		<name>Gun</name>
		<pose>Unspecified</pose>
		<truncated>0</truncated>
		<difficult>0</difficult>
		<occluded>0</occluded>
		<bndbox>
			<xmin>725</xmin>
			<xmax>934</xmax>
			<ymin>262</ymin>
			<ymax>310</ymax>
		</bndbox>
	</object>
</annotation>
