<annotation>
	<folder></folder>
	<filename>920cac96b50afa4b5da7c4a64a288791_jpg.rf.8959d152bc4d123a6bd96fe5df0f16df.jpg</filename>
	<path>920cac96b50afa4b5da7c4a64a288791_jpg.rf.8959d152bc4d123a6bd96fe5df0f16df.jpg</path>
	<source>
		<database>roboflow.com</database>
	</source>
	<size>
		<width>416</width>
		<height>416</height>
		<depth>3</depth>
	</size>
	<segmented>0</segmented>
	<object>
		<name>Gun</name>
		<pose>Unspecified</pose>
		<truncated>0</truncated>
		<difficult>0</difficult>
		<occluded>0</occluded>
		<bndbox>
			<xmin>3</xmin>
			<xmax>417</xmax>
			<ymin>297</ymin>
			<ymax>389</ymax>
		</bndbox>
	</object>
	<object>
		<name>Pistol</name>
		<pose>Unspecified</pose>
		<truncated>0</truncated>
		<difficult>0</difficult>
		<occluded>0</occluded>
		<bndbox>
			<xmin>130</xmin>
			<xmax>266</xmax>
			<ymin>167</ymin>
			<ymax>242</ymax>
		</bndbox>
	</object>
	<object>
		<name>Grenade</name>
		<pose>Unspecified</pose>
		<truncated>0</truncated>
		<difficult>0</difficult>
		<occluded>0</occluded>
		<bndbox>
			<xmin>223</xmin>
			<xmax>265</xmax>
			<ymin>297</ymin>
			<ymax>329</ymax>
		</bndbox>
	</object>
</annotation>
