<annotation>
	<folder></folder>
	<filename>930e8b492432bb01882086d4eaf817fa_jpg.rf.aba32c3afcc7855ddc4107f659eddeab.jpg</filename>
	<path>930e8b492432bb01882086d4eaf817fa_jpg.rf.aba32c3afcc7855ddc4107f659eddeab.jpg</path>
	<source>
		<database>roboflow.com</database>
	</source>
	<size>
		<width>416</width>
		<height>416</height>
		<depth>3</depth>
	</size>
	<segmented>0</segmented>
	<object>
		<name>Gun</name>
		<pose>Unspecified</pose>
		<truncated>0</truncated>
		<difficult>0</difficult>
		<occluded>0</occluded>
		<bndbox>
			<xmin>239</xmin>
			<xmax>333</xmax>
			<ymin>246</ymin>
			<ymax>268</ymax>
		</bndbox>
	</object>
	<object>
		<name>Pistol</name>
		<pose>Unspecified</pose>
		<truncated>0</truncated>
		<difficult>0</difficult>
		<occluded>0</occluded>
		<bndbox>
			<xmin>294</xmin>
			<xmax>340</xmax>
			<ymin>293</ymin>
			<ymax>310</ymax>
		</bndbox>
	</object>
	<object>
		<name>Grenade</name>
		<pose>Unspecified</pose>
		<truncated>0</truncated>
		<difficult>0</difficult>
		<occluded>0</occluded>
		<bndbox>
			<xmin>224</xmin>
			<xmax>234</xmax>
			<ymin>304</ymin>
			<ymax>318</ymax>
		</bndbox>
	</object>
	<object>
		<name>Grenade</name>
		<pose>Unspecified</pose>
		<truncated>0</truncated>
		<difficult>0</difficult>
		<occluded>0</occluded>
		<bndbox>
			<xmin>239</xmin>
			<xmax>249</xmax>
			<ymin>304</ymin>
			<ymax>318</ymax>
		</bndbox>
	</object>
</annotation>
