<annotation>
	<folder></folder>
	<filename>9368349341_9dbb805433_jpg.rf.ef9d3afd61050f2a040767332e0eef07.jpg</filename>
	<path>9368349341_9dbb805433_jpg.rf.ef9d3afd61050f2a040767332e0eef07.jpg</path>
	<source>
		<database>roboflow.com</database>
	</source>
	<size>
		<width>416</width>
		<height>416</height>
		<depth>3</depth>
	</size>
	<segmented>0</segmented>
	<object>
		<name>Pistol</name>
		<pose>Unspecified</pose>
		<truncated>0</truncated>
		<difficult>0</difficult>
		<occluded>0</occluded>
		<bndbox>
			<xmin>18</xmin>
			<xmax>306</xmax>
			<ymin>41</ymin>
			<ymax>168</ymax>
		</bndbox>
	</object>
	<object>
		<name>Grenade</name>
		<pose>Unspecified</pose>
		<truncated>0</truncated>
		<difficult>0</difficult>
		<occluded>0</occluded>
		<bndbox>
			<xmin>291</xmin>
			<xmax>404</xmax>
			<ymin>73</ymin>
			<ymax>353</ymax>
		</bndbox>
	</object>
	<object>
		<name>Pistol</name>
		<pose>Unspecified</pose>
		<truncated>0</truncated>
		<difficult>0</difficult>
		<occluded>0</occluded>
		<bndbox>
			<xmin>37</xmin>
			<xmax>321</xmax>
			<ymin>117</ymin>
			<ymax>231</ymax>
		</bndbox>
	</object>
	<object>
		<name>Pistol</name>
		<pose>Unspecified</pose>
		<truncated>0</truncated>
		<difficult>0</difficult>
		<occluded>0</occluded>
		<bndbox>
			<xmin>72</xmin>
			<xmax>321</xmax>
			<ymin>187</ymin>
			<ymax>350</ymax>
		</bndbox>
	</object>
</annotation>
