<annotation>
	<folder></folder>
	<filename>93e1b22a-ep256_jpg.rf.53f0595923b93a6578ab186170eba455.jpg</filename>
	<path>93e1b22a-ep256_jpg.rf.53f0595923b93a6578ab186170eba455.jpg</path>
	<source>
		<database>roboflow.com</database>
	</source>
	<size>
		<width>416</width>
		<height>416</height>
		<depth>3</depth>
	</size>
	<segmented>0</segmented>
	<object>
		<name>Grenade</name>
		<pose>Unspecified</pose>
		<truncated>0</truncated>
		<difficult>0</difficult>
		<occluded>0</occluded>
		<bndbox>
			<xmin>186</xmin>
			<xmax>228</xmax>
			<ymin>165</ymin>
			<ymax>257</ymax>
		</bndbox>
	</object>
</annotation>
