<annotation>
	<folder></folder>
	<filename>93e1b22a-ep256_jpg.rf.bab1b7c5e19dc68f753a3c100df85868.jpg</filename>
	<path>93e1b22a-ep256_jpg.rf.bab1b7c5e19dc68f753a3c100df85868.jpg</path>
	<source>
		<database>roboflow.com</database>
	</source>
	<size>
		<width>612</width>
		<height>407</height>
		<depth>3</depth>
	</size>
	<segmented>0</segmented>
	<object>
		<name>Grenade</name>
		<pose>Unspecified</pose>
		<truncated>0</truncated>
		<difficult>0</difficult>
		<occluded>0</occluded>
		<bndbox>
			<xmin>273</xmin>
			<xmax>335</xmax>
			<ymin>161</ymin>
			<ymax>251</ymax>
		</bndbox>
	</object>
</annotation>
