<annotation>
	<folder></folder>
	<filename>93e74340-210_jpeg_jpg.rf.05686ae721fa99f9851af6f30f2fb13f.jpg</filename>
	<path>93e74340-210_jpeg_jpg.rf.05686ae721fa99f9851af6f30f2fb13f.jpg</path>
	<source>
		<database>roboflow.com</database>
	</source>
	<size>
		<width>416</width>
		<height>416</height>
		<depth>3</depth>
	</size>
	<segmented>0</segmented>
	<object>
		<name>Pistol</name>
		<pose>Unspecified</pose>
		<truncated>0</truncated>
		<difficult>0</difficult>
		<occluded>0</occluded>
		<bndbox>
			<xmin>242</xmin>
			<xmax>403</xmax>
			<ymin>57</ymin>
			<ymax>290</ymax>
		</bndbox>
	</object>
</annotation>
