<annotation>
	<folder></folder>
	<filename>94cf8b00-236_jpeg_jpg.rf.f0fda7d301a81b2b4966a001fc6c577d.jpg</filename>
	<path>94cf8b00-236_jpeg_jpg.rf.f0fda7d301a81b2b4966a001fc6c577d.jpg</path>
	<source>
		<database>roboflow.com</database>
	</source>
	<size>
		<width>416</width>
		<height>416</height>
		<depth>3</depth>
	</size>
	<segmented>0</segmented>
	<object>
		<name>Pistol</name>
		<pose>Unspecified</pose>
		<truncated>0</truncated>
		<difficult>0</difficult>
		<occluded>0</occluded>
		<bndbox>
			<xmin>107</xmin>
			<xmax>332</xmax>
			<ymin>89</ymin>
			<ymax>210</ymax>
		</bndbox>
	</object>
</annotation>
