<annotation>
	<folder></folder>
	<filename>965166ed6f924b9c_jpg.rf.a8ac055c77882c5e8c4a5ab65cc31ead.jpg</filename>
	<path>965166ed6f924b9c_jpg.rf.a8ac055c77882c5e8c4a5ab65cc31ead.jpg</path>
	<source>
		<database>roboflow.com</database>
	</source>
	<size>
		<width>416</width>
		<height>416</height>
		<depth>3</depth>
	</size>
	<segmented>0</segmented>
	<object>
		<name>Gun</name>
		<pose>Unspecified</pose>
		<truncated>0</truncated>
		<difficult>0</difficult>
		<occluded>0</occluded>
		<bndbox>
			<xmin>93</xmin>
			<xmax>165</xmax>
			<ymin>150</ymin>
			<ymax>364</ymax>
		</bndbox>
	</object>
</annotation>
