<annotation>
	<folder></folder>
	<filename>96ea5d30-ep186_jpg.rf.a932c01d6888b3a49215a890d4559104.jpg</filename>
	<path>96ea5d30-ep186_jpg.rf.a932c01d6888b3a49215a890d4559104.jpg</path>
	<source>
		<database>roboflow.com</database>
	</source>
	<size>
		<width>417</width>
		<height>612</height>
		<depth>3</depth>
	</size>
	<segmented>0</segmented>
	<object>
		<name>Grenade</name>
		<pose>Unspecified</pose>
		<truncated>0</truncated>
		<difficult>0</difficult>
		<occluded>0</occluded>
		<bndbox>
			<xmin>204</xmin>
			<xmax>271</xmax>
			<ymin>168</ymin>
			<ymax>292</ymax>
		</bndbox>
	</object>
</annotation>
