<annotation>
	<folder></folder>
	<filename>96ef13a9623466f8_jpg.rf.3a2b5309cff2e6d0d3ebb4f95bc80b93.jpg</filename>
	<path>96ef13a9623466f8_jpg.rf.3a2b5309cff2e6d0d3ebb4f95bc80b93.jpg</path>
	<source>
		<database>roboflow.com</database>
	</source>
	<size>
		<width>680</width>
		<height>1024</height>
		<depth>3</depth>
	</size>
	<segmented>0</segmented>
	<object>
		<name>Gun</name>
		<pose>Unspecified</pose>
		<truncated>0</truncated>
		<difficult>0</difficult>
		<occluded>0</occluded>
		<bndbox>
			<xmin>153</xmin>
			<xmax>453</xmax>
			<ymin>366</ymin>
			<ymax>973</ymax>
		</bndbox>
	</object>
	<object>
		<name>Gun</name>
		<pose>Unspecified</pose>
		<truncated>0</truncated>
		<difficult>0</difficult>
		<occluded>0</occluded>
		<bndbox>
			<xmin>350</xmin>
			<xmax>602</xmax>
			<ymin>240</ymin>
			<ymax>665</ymax>
		</bndbox>
	</object>
	<object>
		<name>Gun</name>
		<pose>Unspecified</pose>
		<truncated>0</truncated>
		<difficult>0</difficult>
		<occluded>0</occluded>
		<bndbox>
			<xmin>506</xmin>
			<xmax>672</xmax>
			<ymin>323</ymin>
			<ymax>545</ymax>
		</bndbox>
	</object>
</annotation>
