<annotation>
	<folder></folder>
	<filename>96ef13a9623466f8_jpg.rf.861323de348ada7a669e5f1349dc9317.jpg</filename>
	<path>96ef13a9623466f8_jpg.rf.861323de348ada7a669e5f1349dc9317.jpg</path>
	<source>
		<database>roboflow.com</database>
	</source>
	<size>
		<width>416</width>
		<height>416</height>
		<depth>3</depth>
	</size>
	<segmented>0</segmented>
	<object>
		<name>Gun</name>
		<pose>Unspecified</pose>
		<truncated>0</truncated>
		<difficult>0</difficult>
		<occluded>0</occluded>
		<bndbox>
			<xmin>94</xmin>
			<xmax>278</xmax>
			<ymin>149</ymin>
			<ymax>396</ymax>
		</bndbox>
	</object>
	<object>
		<name>Gun</name>
		<pose>Unspecified</pose>
		<truncated>0</truncated>
		<difficult>0</difficult>
		<occluded>0</occluded>
		<bndbox>
			<xmin>215</xmin>
			<xmax>369</xmax>
			<ymin>98</ymin>
			<ymax>271</ymax>
		</bndbox>
	</object>
	<object>
		<name>Gun</name>
		<pose>Unspecified</pose>
		<truncated>0</truncated>
		<difficult>0</difficult>
		<occluded>0</occluded>
		<bndbox>
			<xmin>310</xmin>
			<xmax>412</xmax>
			<ymin>132</ymin>
			<ymax>222</ymax>
		</bndbox>
	</object>
</annotation>
