<annotation>
	<folder></folder>
	<filename>97a88a3f-mauser-98k-magazinnaya-354_jpg.rf.27d1d787fed4e363bf2fe4c53b952ba5.jpg</filename>
	<path>97a88a3f-mauser-98k-magazinnaya-354_jpg.rf.27d1d787fed4e363bf2fe4c53b952ba5.jpg</path>
	<source>
		<database>roboflow.com</database>
	</source>
	<size>
		<width>1332</width>
		<height>850</height>
		<depth>3</depth>
	</size>
	<segmented>0</segmented>
	<object>
		<name>Gun</name>
		<pose>Unspecified</pose>
		<truncated>0</truncated>
		<difficult>0</difficult>
		<occluded>0</occluded>
		<bndbox>
			<xmin>71</xmin>
			<xmax>1301</xmax>
			<ymin>47</ymin>
			<ymax>774</ymax>
		</bndbox>
	</object>
</annotation>
