<annotation>
	<folder></folder>
	<filename>985b5bef-e1162_jpg.rf.cf417b2fe9ef077840a1ebbe5d5dff9c.jpg</filename>
	<path>985b5bef-e1162_jpg.rf.cf417b2fe9ef077840a1ebbe5d5dff9c.jpg</path>
	<source>
		<database>roboflow.com</database>
	</source>
	<size>
		<width>612</width>
		<height>460</height>
		<depth>3</depth>
	</size>
	<segmented>0</segmented>
	<object>
		<name>Grenade</name>
		<pose>Unspecified</pose>
		<truncated>0</truncated>
		<difficult>0</difficult>
		<occluded>0</occluded>
		<bndbox>
			<xmin>221</xmin>
			<xmax>412</xmax>
			<ymin>100</ymin>
			<ymax>382</ymax>
		</bndbox>
	</object>
</annotation>
