<annotation>
	<folder></folder>
	<filename>9a8154c2-e1436_jpg.rf.1772049507506b5a00539b17d7ebee73.jpg</filename>
	<path>9a8154c2-e1436_jpg.rf.1772049507506b5a00539b17d7ebee73.jpg</path>
	<source>
		<database>roboflow.com</database>
	</source>
	<size>
		<width>612</width>
		<height>470</height>
		<depth>3</depth>
	</size>
	<segmented>0</segmented>
	<object>
		<name>Grenade</name>
		<pose>Unspecified</pose>
		<truncated>0</truncated>
		<difficult>0</difficult>
		<occluded>0</occluded>
		<bndbox>
			<xmin>77</xmin>
			<xmax>516</xmax>
			<ymin>22</ymin>
			<ymax>442</ymax>
		</bndbox>
	</object>
</annotation>
