<annotation>
	<folder></folder>
	<filename>9b44ede8-images_1_jpeg_jpg.rf.d9b7ff17c453f27ff9739615ef27ba0d.jpg</filename>
	<path>9b44ede8-images_1_jpeg_jpg.rf.d9b7ff17c453f27ff9739615ef27ba0d.jpg</path>
	<source>
		<database>roboflow.com</database>
	</source>
	<size>
		<width>416</width>
		<height>416</height>
		<depth>3</depth>
	</size>
	<segmented>0</segmented>
	<object>
		<name>Grenade</name>
		<pose>Unspecified</pose>
		<truncated>0</truncated>
		<difficult>0</difficult>
		<occluded>0</occluded>
		<bndbox>
			<xmin>112</xmin>
			<xmax>387</xmax>
			<ymin>42</ymin>
			<ymax>272</ymax>
		</bndbox>
	</object>
</annotation>
