<annotation>
	<folder></folder>
	<filename>9b44ede8-images_1_jpeg_jpg.rf.c9a37dfd6770ee6b818af70051456d34.jpg</filename>
	<path>9b44ede8-images_1_jpeg_jpg.rf.c9a37dfd6770ee6b818af70051456d34.jpg</path>
	<source>
		<database>roboflow.com</database>
	</source>
	<size>
		<width>262</width>
		<height>192</height>
		<depth>3</depth>
	</size>
	<segmented>0</segmented>
	<object>
		<name>Grenade</name>
		<pose>Unspecified</pose>
		<truncated>0</truncated>
		<difficult>0</difficult>
		<occluded>0</occluded>
		<bndbox>
			<xmin>71</xmin>
			<xmax>244</xmax>
			<ymin>20</ymin>
			<ymax>126</ymax>
		</bndbox>
	</object>
</annotation>
