<annotation>
	<folder></folder>
	<filename>9bb0479382280774040f73a1e403bd21_jpg.rf.fa139c11c5bcc3aeb414ff891880b087.jpg</filename>
	<path>9bb0479382280774040f73a1e403bd21_jpg.rf.fa139c11c5bcc3aeb414ff891880b087.jpg</path>
	<source>
		<database>roboflow.com</database>
	</source>
	<size>
		<width>416</width>
		<height>416</height>
		<depth>3</depth>
	</size>
	<segmented>0</segmented>
	<object>
		<name>Knife</name>
		<pose>Unspecified</pose>
		<truncated>0</truncated>
		<difficult>0</difficult>
		<occluded>0</occluded>
		<bndbox>
			<xmin>42</xmin>
			<xmax>98</xmax>
			<ymin>44</ymin>
			<ymax>346</ymax>
		</bndbox>
	</object>
	<object>
		<name>Gun</name>
		<pose>Unspecified</pose>
		<truncated>0</truncated>
		<difficult>0</difficult>
		<occluded>0</occluded>
		<bndbox>
			<xmin>118</xmin>
			<xmax>273</xmax>
			<ymin>1</ymin>
			<ymax>392</ymax>
		</bndbox>
	</object>
	<object>
		<name>Pistol</name>
		<pose>Unspecified</pose>
		<truncated>0</truncated>
		<difficult>0</difficult>
		<occluded>0</occluded>
		<bndbox>
			<xmin>205</xmin>
			<xmax>280</xmax>
			<ymin>66</ymin>
			<ymax>145</ymax>
		</bndbox>
	</object>
	<object>
		<name>Pistol</name>
		<pose>Unspecified</pose>
		<truncated>0</truncated>
		<difficult>0</difficult>
		<occluded>0</occluded>
		<bndbox>
			<xmin>288</xmin>
			<xmax>384</xmax>
			<ymin>32</ymin>
			<ymax>138</ymax>
		</bndbox>
	</object>
</annotation>
