<annotation>
	<folder></folder>
	<filename>9dedee5c-images_10_jpeg_jpg.rf.48e70d2fc7dfe07d1641f4fe02d04e68.jpg</filename>
	<path>9dedee5c-images_10_jpeg_jpg.rf.48e70d2fc7dfe07d1641f4fe02d04e68.jpg</path>
	<source>
		<database>roboflow.com</database>
	</source>
	<size>
		<width>416</width>
		<height>416</height>
		<depth>3</depth>
	</size>
	<segmented>0</segmented>
	<object>
		<name>Gun</name>
		<pose>Unspecified</pose>
		<truncated>0</truncated>
		<difficult>0</difficult>
		<occluded>0</occluded>
		<bndbox>
			<xmin>48</xmin>
			<xmax>386</xmax>
			<ymin>10</ymin>
			<ymax>406</ymax>
		</bndbox>
	</object>
</annotation>
