<annotation>
	<folder></folder>
	<filename>9dfc7aa8-b488dfe3781f25e04519f6fd4dbe28db_png_jpg.rf.e491d7ff867f1e13b03173fbdaca2d23.jpg</filename>
	<path>9dfc7aa8-b488dfe3781f25e04519f6fd4dbe28db_png_jpg.rf.e491d7ff867f1e13b03173fbdaca2d23.jpg</path>
	<source>
		<database>roboflow.com</database>
	</source>
	<size>
		<width>416</width>
		<height>416</height>
		<depth>3</depth>
	</size>
	<segmented>0</segmented>
	<object>
		<name>Pistol</name>
		<pose>Unspecified</pose>
		<truncated>0</truncated>
		<difficult>0</difficult>
		<occluded>0</occluded>
		<bndbox>
			<xmin>17</xmin>
			<xmax>415</xmax>
			<ymin>23</ymin>
			<ymax>406</ymax>
		</bndbox>
	</object>
</annotation>
