<annotation>
	<folder></folder>
	<filename>9e721e0f7ffd3593095fb0880e40f037_tn_jpg.rf.12a64c115487fb5f527c47d7c76c93f9.jpg</filename>
	<path>9e721e0f7ffd3593095fb0880e40f037_tn_jpg.rf.12a64c115487fb5f527c47d7c76c93f9.jpg</path>
	<source>
		<database>roboflow.com</database>
	</source>
	<size>
		<width>320</width>
		<height>320</height>
		<depth>3</depth>
	</size>
	<segmented>0</segmented>
	<object>
		<name>Grenade</name>
		<pose>Unspecified</pose>
		<truncated>0</truncated>
		<difficult>0</difficult>
		<occluded>0</occluded>
		<bndbox>
			<xmin>25</xmin>
			<xmax>102</xmax>
			<ymin>56</ymin>
			<ymax>158</ymax>
		</bndbox>
	</object>
	<object>
		<name>Grenade</name>
		<pose>Unspecified</pose>
		<truncated>0</truncated>
		<difficult>0</difficult>
		<occluded>0</occluded>
		<bndbox>
			<xmin>20</xmin>
			<xmax>104</xmax>
			<ymin>172</ymin>
			<ymax>279</ymax>
		</bndbox>
	</object>
	<object>
		<name>Knife</name>
		<pose>Unspecified</pose>
		<truncated>0</truncated>
		<difficult>0</difficult>
		<occluded>0</occluded>
		<bndbox>
			<xmin>134</xmin>
			<xmax>192</xmax>
			<ymin>32</ymin>
			<ymax>254</ymax>
		</bndbox>
	</object>
	<object>
		<name>Pistol</name>
		<pose>Unspecified</pose>
		<truncated>0</truncated>
		<difficult>0</difficult>
		<occluded>0</occluded>
		<bndbox>
			<xmin>176</xmin>
			<xmax>310</xmax>
			<ymin>69</ymin>
			<ymax>301</ymax>
		</bndbox>
	</object>
</annotation>
