<annotation>
	<folder></folder>
	<filename>9ec5c4902249b049_jpg.rf.34e8ca14de433625f4856f1d853802d9.jpg</filename>
	<path>9ec5c4902249b049_jpg.rf.34e8ca14de433625f4856f1d853802d9.jpg</path>
	<source>
		<database>roboflow.com</database>
	</source>
	<size>
		<width>416</width>
		<height>416</height>
		<depth>3</depth>
	</size>
	<segmented>0</segmented>
	<object>
		<name>Gun</name>
		<pose>Unspecified</pose>
		<truncated>0</truncated>
		<difficult>0</difficult>
		<occluded>0</occluded>
		<bndbox>
			<xmin>96</xmin>
			<xmax>137</xmax>
			<ymin>222</ymin>
			<ymax>294</ymax>
		</bndbox>
	</object>
	<object>
		<name>Gun</name>
		<pose>Unspecified</pose>
		<truncated>0</truncated>
		<difficult>0</difficult>
		<occluded>0</occluded>
		<bndbox>
			<xmin>213</xmin>
			<xmax>271</xmax>
			<ymin>87</ymin>
			<ymax>129</ymax>
		</bndbox>
	</object>
	<object>
		<name>Pistol</name>
		<pose>Unspecified</pose>
		<truncated>0</truncated>
		<difficult>0</difficult>
		<occluded>0</occluded>
		<bndbox>
			<xmin>42</xmin>
			<xmax>69</xmax>
			<ymin>263</ymin>
			<ymax>289</ymax>
		</bndbox>
	</object>
</annotation>
