<annotation>
	<folder></folder>
	<filename>9fdc5e7c-ep241_jpg.rf.2d7e2eb73d5581a9cac116d863359aae.jpg</filename>
	<path>9fdc5e7c-ep241_jpg.rf.2d7e2eb73d5581a9cac116d863359aae.jpg</path>
	<source>
		<database>roboflow.com</database>
	</source>
	<size>
		<width>416</width>
		<height>416</height>
		<depth>3</depth>
	</size>
	<segmented>0</segmented>
	<object>
		<name>Grenade</name>
		<pose>Unspecified</pose>
		<truncated>0</truncated>
		<difficult>0</difficult>
		<occluded>0</occluded>
		<bndbox>
			<xmin>181</xmin>
			<xmax>261</xmax>
			<ymin>177</ymin>
			<ymax>297</ymax>
		</bndbox>
	</object>
</annotation>
