<annotation>
	<folder></folder>
	<filename>ABbframe00370_jpg.rf.7c70a37f20f8173cfef91c9b5bd5c075.jpg</filename>
	<path>ABbframe00370_jpg.rf.7c70a37f20f8173cfef91c9b5bd5c075.jpg</path>
	<source>
		<database>roboflow.com</database>
	</source>
	<size>
		<width>416</width>
		<height>416</height>
		<depth>3</depth>
	</size>
	<segmented>0</segmented>
	<object>
		<name>Knife</name>
		<pose>Unspecified</pose>
		<truncated>0</truncated>
		<difficult>0</difficult>
		<occluded>0</occluded>
		<bndbox>
			<xmin>261</xmin>
			<xmax>279</xmax>
			<ymin>178</ymin>
			<ymax>249</ymax>
		</bndbox>
	</object>
</annotation>
