<annotation>
	<folder></folder>
	<filename>ABbframe00319_jpg.rf.b5da154cdedb6dc015e7f87f4a89adec.jpg</filename>
	<path>ABbframe00319_jpg.rf.b5da154cdedb6dc015e7f87f4a89adec.jpg</path>
	<source>
		<database>roboflow.com</database>
	</source>
	<size>
		<width>416</width>
		<height>416</height>
		<depth>3</depth>
	</size>
	<segmented>0</segmented>
	<object>
		<name>Knife</name>
		<pose>Unspecified</pose>
		<truncated>0</truncated>
		<difficult>0</difficult>
		<occluded>0</occluded>
		<bndbox>
			<xmin>117</xmin>
			<xmax>140</xmax>
			<ymin>211</ymin>
			<ymax>240</ymax>
		</bndbox>
	</object>
</annotation>
