<annotation>
	<folder></folder>
	<filename>ABbframe00457_jpg.rf.765c76ad03f558f399c54eaee96f4e57.jpg</filename>
	<path>ABbframe00457_jpg.rf.765c76ad03f558f399c54eaee96f4e57.jpg</path>
	<source>
		<database>roboflow.com</database>
	</source>
	<size>
		<width>1920</width>
		<height>1090</height>
		<depth>3</depth>
	</size>
	<segmented>0</segmented>
	<object>
		<name>Knife</name>
		<pose>Unspecified</pose>
		<truncated>0</truncated>
		<difficult>0</difficult>
		<occluded>0</occluded>
		<bndbox>
			<xmin>870</xmin>
			<xmax>979</xmax>
			<ymin>402</ymin>
			<ymax>644</ymax>
		</bndbox>
	</object>
</annotation>
