<annotation>
	<folder></folder>
	<filename>ABbframe00457_jpg.rf.cc14e7d65518774f305886e83b357c9b.jpg</filename>
	<path>ABbframe00457_jpg.rf.cc14e7d65518774f305886e83b357c9b.jpg</path>
	<source>
		<database>roboflow.com</database>
	</source>
	<size>
		<width>416</width>
		<height>416</height>
		<depth>3</depth>
	</size>
	<segmented>0</segmented>
	<object>
		<name>Knife</name>
		<pose>Unspecified</pose>
		<truncated>0</truncated>
		<difficult>0</difficult>
		<occluded>0</occluded>
		<bndbox>
			<xmin>189</xmin>
			<xmax>213</xmax>
			<ymin>154</ymin>
			<ymax>247</ymax>
		</bndbox>
	</object>
</annotation>
