<annotation>
	<folder></folder>
	<filename>ABbframe00370_jpg.rf.ababd028b35a01919cc890cd878e83d2.jpg</filename>
	<path>ABbframe00370_jpg.rf.ababd028b35a01919cc890cd878e83d2.jpg</path>
	<source>
		<database>roboflow.com</database>
	</source>
	<size>
		<width>1920</width>
		<height>1090</height>
		<depth>3</depth>
	</size>
	<segmented>0</segmented>
	<object>
		<name>Knife</name>
		<pose>Unspecified</pose>
		<truncated>0</truncated>
		<difficult>0</difficult>
		<occluded>0</occluded>
		<bndbox>
			<xmin>1200</xmin>
			<xmax>1281</xmax>
			<ymin>464</ymin>
			<ymax>650</ymax>
		</bndbox>
	</object>
</annotation>
