<annotation>
	<folder></folder>
	<filename>ABbframe00166_jpg.rf.aa691ddb5e8fd27557367dc342d4abb6.jpg</filename>
	<path>ABbframe00166_jpg.rf.aa691ddb5e8fd27557367dc342d4abb6.jpg</path>
	<source>
		<database>roboflow.com</database>
	</source>
	<size>
		<width>416</width>
		<height>416</height>
		<depth>3</depth>
	</size>
	<segmented>0</segmented>
	<object>
		<name>Knife</name>
		<pose>Unspecified</pose>
		<truncated>0</truncated>
		<difficult>0</difficult>
		<occluded>0</occluded>
		<bndbox>
			<xmin>158</xmin>
			<xmax>181</xmax>
			<ymin>151</ymin>
			<ymax>205</ymax>
		</bndbox>
	</object>
</annotation>
