<annotation>
	<folder></folder>
	<filename>ABmframe00127_jpg.rf.5222bf96b5954bb97a32f4d785bc8204.jpg</filename>
	<path>ABmframe00127_jpg.rf.5222bf96b5954bb97a32f4d785bc8204.jpg</path>
	<source>
		<database>roboflow.com</database>
	</source>
	<size>
		<width>1920</width>
		<height>1090</height>
		<depth>3</depth>
	</size>
	<segmented>0</segmented>
	<object>
		<name>Knife</name>
		<pose>Unspecified</pose>
		<truncated>0</truncated>
		<difficult>0</difficult>
		<occluded>0</occluded>
		<bndbox>
			<xmin>1379</xmin>
			<xmax>1487</xmax>
			<ymin>439</ymin>
			<ymax>588</ymax>
		</bndbox>
	</object>
</annotation>
