<annotation>
	<folder></folder>
	<filename>ABsframe00064_jpg.rf.e1633e9ef65eeaeda7087c61125a081d.jpg</filename>
	<path>ABsframe00064_jpg.rf.e1633e9ef65eeaeda7087c61125a081d.jpg</path>
	<source>
		<database>roboflow.com</database>
	</source>
	<size>
		<width>416</width>
		<height>416</height>
		<depth>3</depth>
	</size>
	<segmented>0</segmented>
	<object>
		<name>Knife</name>
		<pose>Unspecified</pose>
		<truncated>0</truncated>
		<difficult>0</difficult>
		<occluded>0</occluded>
		<bndbox>
			<xmin>320</xmin>
			<xmax>332</xmax>
			<ymin>159</ymin>
			<ymax>207</ymax>
		</bndbox>
	</object>
</annotation>
