<annotation>
	<folder></folder>
	<filename>ABsframe00064_jpg.rf.4e6f4a0fe91a63397327c8e2eedbb13f.jpg</filename>
	<path>ABsframe00064_jpg.rf.4e6f4a0fe91a63397327c8e2eedbb13f.jpg</path>
	<source>
		<database>roboflow.com</database>
	</source>
	<size>
		<width>1920</width>
		<height>1090</height>
		<depth>3</depth>
	</size>
	<segmented>0</segmented>
	<object>
		<name>Knife</name>
		<pose>Unspecified</pose>
		<truncated>0</truncated>
		<difficult>0</difficult>
		<occluded>0</occluded>
		<bndbox>
			<xmin>1475</xmin>
			<xmax>1527</xmax>
			<ymin>414</ymin>
			<ymax>540</ymax>
		</bndbox>
	</object>
</annotation>
