<annotation>
	<folder></folder>
	<filename>ABsframe00001_jpg.rf.3d65a61e70d7cf0731a1b338980ef234.jpg</filename>
	<path>ABsframe00001_jpg.rf.3d65a61e70d7cf0731a1b338980ef234.jpg</path>
	<source>
		<database>roboflow.com</database>
	</source>
	<size>
		<width>416</width>
		<height>416</height>
		<depth>3</depth>
	</size>
	<segmented>0</segmented>
	<object>
		<name>Knife</name>
		<pose>Unspecified</pose>
		<truncated>0</truncated>
		<difficult>0</difficult>
		<occluded>0</occluded>
		<bndbox>
			<xmin>206</xmin>
			<xmax>224</xmax>
			<ymin>159</ymin>
			<ymax>203</ymax>
		</bndbox>
	</object>
</annotation>
