<annotation>
	<folder></folder>
	<filename>ABsframe00214_jpg.rf.08f7c8be9d2cbf737646476dc83059c1.jpg</filename>
	<path>ABsframe00214_jpg.rf.08f7c8be9d2cbf737646476dc83059c1.jpg</path>
	<source>
		<database>roboflow.com</database>
	</source>
	<size>
		<width>1920</width>
		<height>1090</height>
		<depth>3</depth>
	</size>
	<segmented>0</segmented>
	<object>
		<name>Knife</name>
		<pose>Unspecified</pose>
		<truncated>0</truncated>
		<difficult>0</difficult>
		<occluded>0</occluded>
		<bndbox>
			<xmin>1250</xmin>
			<xmax>1302</xmax>
			<ymin>450</ymin>
			<ymax>602</ymax>
		</bndbox>
	</object>
</annotation>
