<annotation>
	<folder></folder>
	<filename>ABsframe00019_jpg.rf.5d5f22797da8b7918230e22dae013513.jpg</filename>
	<path>ABsframe00019_jpg.rf.5d5f22797da8b7918230e22dae013513.jpg</path>
	<source>
		<database>roboflow.com</database>
	</source>
	<size>
		<width>416</width>
		<height>416</height>
		<depth>3</depth>
	</size>
	<segmented>0</segmented>
	<object>
		<name>Knife</name>
		<pose>Unspecified</pose>
		<truncated>0</truncated>
		<difficult>0</difficult>
		<occluded>0</occluded>
		<bndbox>
			<xmin>242</xmin>
			<xmax>260</xmax>
			<ymin>157</ymin>
			<ymax>201</ymax>
		</bndbox>
	</object>
</annotation>
