<annotation>
	<folder></folder>
	<filename>Asset-Store-FPS-Weapons-Pack_jpg.rf.b47e0682e42c3c38894f31f599e35ae9.jpg</filename>
	<path>Asset-Store-FPS-Weapons-Pack_jpg.rf.b47e0682e42c3c38894f31f599e35ae9.jpg</path>
	<source>
		<database>roboflow.com</database>
	</source>
	<size>
		<width>416</width>
		<height>416</height>
		<depth>3</depth>
	</size>
	<segmented>0</segmented>
	<object>
		<name>Gun</name>
		<pose>Unspecified</pose>
		<truncated>0</truncated>
		<difficult>0</difficult>
		<occluded>0</occluded>
		<bndbox>
			<xmin>41</xmin>
			<xmax>311</xmax>
			<ymin>264</ymin>
			<ymax>388</ymax>
		</bndbox>
	</object>
	<object>
		<name>Gun</name>
		<pose>Unspecified</pose>
		<truncated>0</truncated>
		<difficult>0</difficult>
		<occluded>0</occluded>
		<bndbox>
			<xmin>35</xmin>
			<xmax>183</xmax>
			<ymin>83</ymin>
			<ymax>261</ymax>
		</bndbox>
	</object>
	<object>
		<name>Grenade</name>
		<pose>Unspecified</pose>
		<truncated>0</truncated>
		<difficult>0</difficult>
		<occluded>0</occluded>
		<bndbox>
			<xmin>280</xmin>
			<xmax>325</xmax>
			<ymin>225</ymin>
			<ymax>332</ymax>
		</bndbox>
	</object>
	<object>
		<name>Gun</name>
		<pose>Unspecified</pose>
		<truncated>0</truncated>
		<difficult>0</difficult>
		<occluded>0</occluded>
		<bndbox>
			<xmin>50</xmin>
			<xmax>375</xmax>
			<ymin>31</ymin>
			<ymax>254</ymax>
		</bndbox>
	</object>
	<object>
		<name>Knife</name>
		<pose>Unspecified</pose>
		<truncated>0</truncated>
		<difficult>0</difficult>
		<occluded>0</occluded>
		<bndbox>
			<xmin>310</xmin>
			<xmax>406</xmax>
			<ymin>145</ymin>
			<ymax>407</ymax>
		</bndbox>
	</object>
</annotation>
