<annotation>
	<folder></folder>
	<filename>Call-of-Duty-Warzone-Pacific-season-1-the-best-weapons_jpg.rf.bd5a36bc30874edb39cfe76895680c43.jpg</filename>
	<path>Call-of-Duty-Warzone-Pacific-season-1-the-best-weapons_jpg.rf.bd5a36bc30874edb39cfe76895680c43.jpg</path>
	<source>
		<database>roboflow.com</database>
	</source>
	<size>
		<width>416</width>
		<height>416</height>
		<depth>3</depth>
	</size>
	<segmented>0</segmented>
	<object>
		<name>Grenade</name>
		<pose>Unspecified</pose>
		<truncated>0</truncated>
		<difficult>0</difficult>
		<occluded>0</occluded>
		<bndbox>
			<xmin>37</xmin>
			<xmax>123</xmax>
			<ymin>96</ymin>
			<ymax>148</ymax>
		</bndbox>
	</object>
	<object>
		<name>Grenade</name>
		<pose>Unspecified</pose>
		<truncated>0</truncated>
		<difficult>0</difficult>
		<occluded>0</occluded>
		<bndbox>
			<xmin>61</xmin>
			<xmax>132</xmax>
			<ymin>79</ymin>
			<ymax>118</ymax>
		</bndbox>
	</object>
	<object>
		<name>Knife</name>
		<pose>Unspecified</pose>
		<truncated>0</truncated>
		<difficult>0</difficult>
		<occluded>0</occluded>
		<bndbox>
			<xmin>289</xmin>
			<xmax>340</xmax>
			<ymin>64</ymin>
			<ymax>143</ymax>
		</bndbox>
	</object>
	<object>
		<name>Gun</name>
		<pose>Unspecified</pose>
		<truncated>0</truncated>
		<difficult>0</difficult>
		<occluded>0</occluded>
		<bndbox>
			<xmin>28</xmin>
			<xmax>388</xmax>
			<ymin>164</ymin>
			<ymax>329</ymax>
		</bndbox>
	</object>
	<object>
		<name>Gun</name>
		<pose>Unspecified</pose>
		<truncated>0</truncated>
		<difficult>0</difficult>
		<occluded>0</occluded>
		<bndbox>
			<xmin>17</xmin>
			<xmax>341</xmax>
			<ymin>378</ymin>
			<ymax>417</ymax>
		</bndbox>
	</object>
</annotation>
