<annotation>
	<folder></folder>
	<filename>Call-of-Duty-Warzone-Pacific-season-1-the-best-weapons_jpg.rf.7701892b2088fe3bb029a5fadea38183.jpg</filename>
	<path>Call-of-Duty-Warzone-Pacific-season-1-the-best-weapons_jpg.rf.7701892b2088fe3bb029a5fadea38183.jpg</path>
	<source>
		<database>roboflow.com</database>
	</source>
	<size>
		<width>768</width>
		<height>425</height>
		<depth>3</depth>
	</size>
	<segmented>0</segmented>
	<object>
		<name>Grenade</name>
		<pose>Unspecified</pose>
		<truncated>0</truncated>
		<difficult>0</difficult>
		<occluded>0</occluded>
		<bndbox>
			<xmin>67</xmin>
			<xmax>226</xmax>
			<ymin>98</ymin>
			<ymax>151</ymax>
		</bndbox>
	</object>
	<object>
		<name>Grenade</name>
		<pose>Unspecified</pose>
		<truncated>0</truncated>
		<difficult>0</difficult>
		<occluded>0</occluded>
		<bndbox>
			<xmin>112</xmin>
			<xmax>242</xmax>
			<ymin>80</ymin>
			<ymax>120</ymax>
		</bndbox>
	</object>
	<object>
		<name>Knife</name>
		<pose>Unspecified</pose>
		<truncated>0</truncated>
		<difficult>0</difficult>
		<occluded>0</occluded>
		<bndbox>
			<xmin>532</xmin>
			<xmax>626</xmax>
			<ymin>65</ymin>
			<ymax>145</ymax>
		</bndbox>
	</object>
	<object>
		<name>Gun</name>
		<pose>Unspecified</pose>
		<truncated>0</truncated>
		<difficult>0</difficult>
		<occluded>0</occluded>
		<bndbox>
			<xmin>51</xmin>
			<xmax>715</xmax>
			<ymin>168</ymin>
			<ymax>336</ymax>
		</bndbox>
	</object>
	<object>
		<name>Gun</name>
		<pose>Unspecified</pose>
		<truncated>0</truncated>
		<difficult>0</difficult>
		<occluded>0</occluded>
		<bndbox>
			<xmin>30</xmin>
			<xmax>627</xmax>
			<ymin>386</ymin>
			<ymax>426</ymax>
		</bndbox>
	</object>
</annotation>
