<annotation>
	<folder></folder>
	<filename>Canon-EOS-5D-Mark-II234_JPG_jpg.rf.a9ba37d677b319da4a916b26ad1a2da6.jpg</filename>
	<path>Canon-EOS-5D-Mark-II234_JPG_jpg.rf.a9ba37d677b319da4a916b26ad1a2da6.jpg</path>
	<source>
		<database>roboflow.com</database>
	</source>
	<size>
		<width>416</width>
		<height>416</height>
		<depth>3</depth>
	</size>
	<segmented>0</segmented>
	<object>
		<name>Knife</name>
		<pose>Unspecified</pose>
		<truncated>0</truncated>
		<difficult>0</difficult>
		<occluded>0</occluded>
		<bndbox>
			<xmin>32</xmin>
			<xmax>390</xmax>
			<ymin>155</ymin>
			<ymax>211</ymax>
		</bndbox>
	</object>
</annotation>
