<annotation>
	<folder></folder>
	<filename>Canon-EOS-5D-Mark-II244_JPG_jpg.rf.d91005cc4c9a289766495adef0cc9d51.jpg</filename>
	<path>Canon-EOS-5D-Mark-II244_JPG_jpg.rf.d91005cc4c9a289766495adef0cc9d51.jpg</path>
	<source>
		<database>roboflow.com</database>
	</source>
	<size>
		<width>416</width>
		<height>416</height>
		<depth>3</depth>
	</size>
	<segmented>0</segmented>
	<object>
		<name>Knife</name>
		<pose>Unspecified</pose>
		<truncated>0</truncated>
		<difficult>0</difficult>
		<occluded>0</occluded>
		<bndbox>
			<xmin>127</xmin>
			<xmax>296</xmax>
			<ymin>104</ymin>
			<ymax>313</ymax>
		</bndbox>
	</object>
</annotation>
