<annotation>
	<folder></folder>
	<filename>Canon-EOS-5D-Mark-II261_JPG_jpg.rf.50c15cf3694236740855dbd4d890ee19.jpg</filename>
	<path>Canon-EOS-5D-Mark-II261_JPG_jpg.rf.50c15cf3694236740855dbd4d890ee19.jpg</path>
	<source>
		<database>roboflow.com</database>
	</source>
	<size>
		<width>416</width>
		<height>416</height>
		<depth>3</depth>
	</size>
	<segmented>0</segmented>
	<object>
		<name>Knife</name>
		<pose>Unspecified</pose>
		<truncated>0</truncated>
		<difficult>0</difficult>
		<occluded>0</occluded>
		<bndbox>
			<xmin>124</xmin>
			<xmax>156</xmax>
			<ymin>6</ymin>
			<ymax>410</ymax>
		</bndbox>
	</object>
</annotation>
