<annotation>
	<folder></folder>
	<filename>Canon-EOS-5D-Mark-II233_JPG_jpg.rf.df89afddc000f102e85f8213096a51c4.jpg</filename>
	<path>Canon-EOS-5D-Mark-II233_JPG_jpg.rf.df89afddc000f102e85f8213096a51c4.jpg</path>
	<source>
		<database>roboflow.com</database>
	</source>
	<size>
		<width>416</width>
		<height>416</height>
		<depth>3</depth>
	</size>
	<segmented>0</segmented>
	<object>
		<name>Knife</name>
		<pose>Unspecified</pose>
		<truncated>0</truncated>
		<difficult>0</difficult>
		<occluded>0</occluded>
		<bndbox>
			<xmin>61</xmin>
			<xmax>339</xmax>
			<ymin>169</ymin>
			<ymax>226</ymax>
		</bndbox>
	</object>
</annotation>
