<annotation>
	<folder></folder>
	<filename>Canon-EOS-5D-Mark-II243_JPG_jpg.rf.b251f991619534d94f06048d07aa719e.jpg</filename>
	<path>Canon-EOS-5D-Mark-II243_JPG_jpg.rf.b251f991619534d94f06048d07aa719e.jpg</path>
	<source>
		<database>roboflow.com</database>
	</source>
	<size>
		<width>416</width>
		<height>416</height>
		<depth>3</depth>
	</size>
	<segmented>0</segmented>
	<object>
		<name>Knife</name>
		<pose>Unspecified</pose>
		<truncated>0</truncated>
		<difficult>0</difficult>
		<occluded>0</occluded>
		<bndbox>
			<xmin>137</xmin>
			<xmax>346</xmax>
			<ymin>171</ymin>
			<ymax>302</ymax>
		</bndbox>
	</object>
</annotation>
