<annotation>
	<folder></folder>
	<filename>COOLPIX-L22241_JPG_jpg.rf.9467a21e03482a6ca39e26b737c29a2f.jpg</filename>
	<path>COOLPIX-L22241_JPG_jpg.rf.9467a21e03482a6ca39e26b737c29a2f.jpg</path>
	<source>
		<database>roboflow.com</database>
	</source>
	<size>
		<width>3264</width>
		<height>2448</height>
		<depth>3</depth>
	</size>
	<segmented>0</segmented>
	<object>
		<name>Knife</name>
		<pose>Unspecified</pose>
		<truncated>0</truncated>
		<difficult>0</difficult>
		<occluded>0</occluded>
		<bndbox>
			<xmin>246</xmin>
			<xmax>3045</xmax>
			<ymin>254</ymin>
			<ymax>2151</ymax>
		</bndbox>
	</object>
</annotation>
