<annotation>
	<folder></folder>
	<filename>DefenseKnifeAttack0824_jpg.rf.5bc24ebd169fc2b1c1ddd1a5da4032c8.jpg</filename>
	<path>DefenseKnifeAttack0824_jpg.rf.5bc24ebd169fc2b1c1ddd1a5da4032c8.jpg</path>
	<source>
		<database>roboflow.com</database>
	</source>
	<size>
		<width>1280</width>
		<height>720</height>
		<depth>3</depth>
	</size>
	<segmented>0</segmented>
	<object>
		<name>Knife</name>
		<pose>Unspecified</pose>
		<truncated>0</truncated>
		<difficult>0</difficult>
		<occluded>0</occluded>
		<bndbox>
			<xmin>538</xmin>
			<xmax>689</xmax>
			<ymin>459</ymin>
			<ymax>615</ymax>
		</bndbox>
	</object>
</annotation>
