<annotation>
	<folder></folder>
	<filename>DefenseKnifeAttack1213_jpg.rf.b827e14e3801f34451321bccb01260a7.jpg</filename>
	<path>DefenseKnifeAttack1213_jpg.rf.b827e14e3801f34451321bccb01260a7.jpg</path>
	<source>
		<database>roboflow.com</database>
	</source>
	<size>
		<width>1280</width>
		<height>720</height>
		<depth>3</depth>
	</size>
	<segmented>0</segmented>
	<object>
		<name>Knife</name>
		<pose>Unspecified</pose>
		<truncated>0</truncated>
		<difficult>0</difficult>
		<occluded>0</occluded>
		<bndbox>
			<xmin>901</xmin>
			<xmax>1079</xmax>
			<ymin>442</ymin>
			<ymax>505</ymax>
		</bndbox>
	</object>
</annotation>
