<annotation>
	<folder></folder>
	<filename>DefenseKnifeAttack0338_jpg.rf.f84a1b7d7ee7c0cd56677c67b72ec5a3.jpg</filename>
	<path>DefenseKnifeAttack0338_jpg.rf.f84a1b7d7ee7c0cd56677c67b72ec5a3.jpg</path>
	<source>
		<database>roboflow.com</database>
	</source>
	<size>
		<width>416</width>
		<height>416</height>
		<depth>3</depth>
	</size>
	<segmented>0</segmented>
	<object>
		<name>Knife</name>
		<pose>Unspecified</pose>
		<truncated>0</truncated>
		<difficult>0</difficult>
		<occluded>0</occluded>
		<bndbox>
			<xmin>117</xmin>
			<xmax>173</xmax>
			<ymin>321</ymin>
			<ymax>349</ymax>
		</bndbox>
	</object>
</annotation>
