<annotation>
	<folder></folder>
	<filename>DefenseKnifeAttack0202_jpg.rf.38e880819c6f1023f9c6947f6b07c355.jpg</filename>
	<path>DefenseKnifeAttack0202_jpg.rf.38e880819c6f1023f9c6947f6b07c355.jpg</path>
	<source>
		<database>roboflow.com</database>
	</source>
	<size>
		<width>416</width>
		<height>416</height>
		<depth>3</depth>
	</size>
	<segmented>0</segmented>
	<object>
		<name>Knife</name>
		<pose>Unspecified</pose>
		<truncated>0</truncated>
		<difficult>0</difficult>
		<occluded>0</occluded>
		<bndbox>
			<xmin>129</xmin>
			<xmax>188</xmax>
			<ymin>282</ymin>
			<ymax>320</ymax>
		</bndbox>
	</object>
</annotation>
