<annotation>
	<folder></folder>
	<filename>DefenseAndSurvive02_jpg.rf.b88b7be6a66f88989809fe1d3ec6a8c2.jpg</filename>
	<path>DefenseAndSurvive02_jpg.rf.b88b7be6a66f88989809fe1d3ec6a8c2.jpg</path>
	<source>
		<database>roboflow.com</database>
	</source>
	<size>
		<width>1280</width>
		<height>720</height>
		<depth>3</depth>
	</size>
	<segmented>0</segmented>
	<object>
		<name>Knife</name>
		<pose>Unspecified</pose>
		<truncated>0</truncated>
		<difficult>0</difficult>
		<occluded>0</occluded>
		<bndbox>
			<xmin>385</xmin>
			<xmax>568</xmax>
			<ymin>495</ymin>
			<ymax>718</ymax>
		</bndbox>
	</object>
</annotation>
