<annotation>
	<folder></folder>
	<filename>DefenseKnifeAttack0509_jpg.rf.3612384782155561e072c80a17c093db.jpg</filename>
	<path>DefenseKnifeAttack0509_jpg.rf.3612384782155561e072c80a17c093db.jpg</path>
	<source>
		<database>roboflow.com</database>
	</source>
	<size>
		<width>416</width>
		<height>416</height>
		<depth>3</depth>
	</size>
	<segmented>0</segmented>
	<object>
		<name>Knife</name>
		<pose>Unspecified</pose>
		<truncated>0</truncated>
		<difficult>0</difficult>
		<occluded>0</occluded>
		<bndbox>
			<xmin>71</xmin>
			<xmax>135</xmax>
			<ymin>244</ymin>
			<ymax>314</ymax>
		</bndbox>
	</object>
</annotation>
