<annotation>
	<folder></folder>
	<filename>DefenseKnifeAttack1290_jpg.rf.01b7e76ededac410f2562ec89b70d9f9.jpg</filename>
	<path>DefenseKnifeAttack1290_jpg.rf.01b7e76ededac410f2562ec89b70d9f9.jpg</path>
	<source>
		<database>roboflow.com</database>
	</source>
	<size>
		<width>416</width>
		<height>416</height>
		<depth>3</depth>
	</size>
	<segmented>0</segmented>
	<object>
		<name>Knife</name>
		<pose>Unspecified</pose>
		<truncated>0</truncated>
		<difficult>0</difficult>
		<occluded>0</occluded>
		<bndbox>
			<xmin>241</xmin>
			<xmax>273</xmax>
			<ymin>247</ymin>
			<ymax>377</ymax>
		</bndbox>
	</object>
</annotation>
