<annotation>
	<folder></folder>
	<filename>DefenseKnifeAttack0942_jpg.rf.eee892986f5c7e08c51b77f1f93d9459.jpg</filename>
	<path>DefenseKnifeAttack0942_jpg.rf.eee892986f5c7e08c51b77f1f93d9459.jpg</path>
	<source>
		<database>roboflow.com</database>
	</source>
	<size>
		<width>1280</width>
		<height>720</height>
		<depth>3</depth>
	</size>
	<segmented>0</segmented>
	<object>
		<name>Knife</name>
		<pose>Unspecified</pose>
		<truncated>0</truncated>
		<difficult>0</difficult>
		<occluded>0</occluded>
		<bndbox>
			<xmin>785</xmin>
			<xmax>910</xmax>
			<ymin>384</ymin>
			<ymax>499</ymax>
		</bndbox>
	</object>
</annotation>
