<annotation>
	<folder></folder>
	<filename>DefenseKnifeAttack0942_jpg.rf.11966883aae496cfe7cfa6f264f5533f.jpg</filename>
	<path>DefenseKnifeAttack0942_jpg.rf.11966883aae496cfe7cfa6f264f5533f.jpg</path>
	<source>
		<database>roboflow.com</database>
	</source>
	<size>
		<width>416</width>
		<height>416</height>
		<depth>3</depth>
	</size>
	<segmented>0</segmented>
	<object>
		<name>Knife</name>
		<pose>Unspecified</pose>
		<truncated>0</truncated>
		<difficult>0</difficult>
		<occluded>0</occluded>
		<bndbox>
			<xmin>256</xmin>
			<xmax>297</xmax>
			<ymin>222</ymin>
			<ymax>289</ymax>
		</bndbox>
	</object>
</annotation>
