<annotation>
	<folder></folder>
	<filename>DefenseKnifeAttack0373_jpg.rf.087571b4d81213d5e8afe5e080ee750f.jpg</filename>
	<path>DefenseKnifeAttack0373_jpg.rf.087571b4d81213d5e8afe5e080ee750f.jpg</path>
	<source>
		<database>roboflow.com</database>
	</source>
	<size>
		<width>416</width>
		<height>416</height>
		<depth>3</depth>
	</size>
	<segmented>0</segmented>
	<object>
		<name>Knife</name>
		<pose>Unspecified</pose>
		<truncated>0</truncated>
		<difficult>0</difficult>
		<occluded>0</occluded>
		<bndbox>
			<xmin>64</xmin>
			<xmax>106</xmax>
			<ymin>282</ymin>
			<ymax>336</ymax>
		</bndbox>
	</object>
</annotation>
