<annotation>
	<folder></folder>
	<filename>DefenseKnifeAttack1102_jpg.rf.1a6c0eae037a77ca15a8c338c9cb9bde.jpg</filename>
	<path>DefenseKnifeAttack1102_jpg.rf.1a6c0eae037a77ca15a8c338c9cb9bde.jpg</path>
	<source>
		<database>roboflow.com</database>
	</source>
	<size>
		<width>416</width>
		<height>416</height>
		<depth>3</depth>
	</size>
	<segmented>0</segmented>
	<object>
		<name>Knife</name>
		<pose>Unspecified</pose>
		<truncated>0</truncated>
		<difficult>0</difficult>
		<occluded>0</occluded>
		<bndbox>
			<xmin>150</xmin>
			<xmax>167</xmax>
			<ymin>215</ymin>
			<ymax>277</ymax>
		</bndbox>
	</object>
</annotation>
