<annotation>
	<folder></folder>
	<filename>DefenseKnifeAttack0428_jpg.rf.e9f64dabc63e0a492d6929539ab5662f.jpg</filename>
	<path>DefenseKnifeAttack0428_jpg.rf.e9f64dabc63e0a492d6929539ab5662f.jpg</path>
	<source>
		<database>roboflow.com</database>
	</source>
	<size>
		<width>416</width>
		<height>416</height>
		<depth>3</depth>
	</size>
	<segmented>0</segmented>
	<object>
		<name>Knife</name>
		<pose>Unspecified</pose>
		<truncated>0</truncated>
		<difficult>0</difficult>
		<occluded>0</occluded>
		<bndbox>
			<xmin>116</xmin>
			<xmax>177</xmax>
			<ymin>346</ymin>
			<ymax>402</ymax>
		</bndbox>
	</object>
</annotation>
