<annotation>
	<folder></folder>
	<filename>DefenseAndSurvive05_jpg.rf.2f6aad2d370833807282e1197c7f9b76.jpg</filename>
	<path>DefenseAndSurvive05_jpg.rf.2f6aad2d370833807282e1197c7f9b76.jpg</path>
	<source>
		<database>roboflow.com</database>
	</source>
	<size>
		<width>416</width>
		<height>416</height>
		<depth>3</depth>
	</size>
	<segmented>0</segmented>
	<object>
		<name>Knife</name>
		<pose>Unspecified</pose>
		<truncated>0</truncated>
		<difficult>0</difficult>
		<occluded>0</occluded>
		<bndbox>
			<xmin>127</xmin>
			<xmax>184</xmax>
			<ymin>269</ymin>
			<ymax>404</ymax>
		</bndbox>
	</object>
</annotation>
