<annotation>
	<folder></folder>
	<filename>DefenseKnifeAttack0216_jpg.rf.70bfacfdc5fd0f5b84a8992b76661b7e.jpg</filename>
	<path>DefenseKnifeAttack0216_jpg.rf.70bfacfdc5fd0f5b84a8992b76661b7e.jpg</path>
	<source>
		<database>roboflow.com</database>
	</source>
	<size>
		<width>416</width>
		<height>416</height>
		<depth>3</depth>
	</size>
	<segmented>0</segmented>
	<object>
		<name>Knife</name>
		<pose>Unspecified</pose>
		<truncated>0</truncated>
		<difficult>0</difficult>
		<occluded>0</occluded>
		<bndbox>
			<xmin>82</xmin>
			<xmax>141</xmax>
			<ymin>267</ymin>
			<ymax>323</ymax>
		</bndbox>
	</object>
</annotation>
