<annotation>
	<folder></folder>
	<filename>DefenseKnifeAttack0362_jpg.rf.ad9c5ff80bede972f18169f4e47de804.jpg</filename>
	<path>DefenseKnifeAttack0362_jpg.rf.ad9c5ff80bede972f18169f4e47de804.jpg</path>
	<source>
		<database>roboflow.com</database>
	</source>
	<size>
		<width>1280</width>
		<height>720</height>
		<depth>3</depth>
	</size>
	<segmented>0</segmented>
	<object>
		<name>Knife</name>
		<pose>Unspecified</pose>
		<truncated>0</truncated>
		<difficult>0</difficult>
		<occluded>0</occluded>
		<bndbox>
			<xmin>319</xmin>
			<xmax>482</xmax>
			<ymin>485</ymin>
			<ymax>530</ymax>
		</bndbox>
	</object>
</annotation>
