<annotation>
	<folder></folder>
	<filename>DefenseKnifeAttack0393_jpg.rf.36cdaf6fef73db6a5b8dd42676951052.jpg</filename>
	<path>DefenseKnifeAttack0393_jpg.rf.36cdaf6fef73db6a5b8dd42676951052.jpg</path>
	<source>
		<database>roboflow.com</database>
	</source>
	<size>
		<width>416</width>
		<height>416</height>
		<depth>3</depth>
	</size>
	<segmented>0</segmented>
	<object>
		<name>Knife</name>
		<pose>Unspecified</pose>
		<truncated>0</truncated>
		<difficult>0</difficult>
		<occluded>0</occluded>
		<bndbox>
			<xmin>117</xmin>
			<xmax>187</xmax>
			<ymin>320</ymin>
			<ymax>365</ymax>
		</bndbox>
	</object>
</annotation>
