<annotation>
	<folder></folder>
	<filename>DefenseKnifeAttack0221_jpg.rf.bce03dec0d8aa354946f5ec9ce9f41bd.jpg</filename>
	<path>DefenseKnifeAttack0221_jpg.rf.bce03dec0d8aa354946f5ec9ce9f41bd.jpg</path>
	<source>
		<database>roboflow.com</database>
	</source>
	<size>
		<width>1280</width>
		<height>720</height>
		<depth>3</depth>
	</size>
	<segmented>0</segmented>
	<object>
		<name>Knife</name>
		<pose>Unspecified</pose>
		<truncated>0</truncated>
		<difficult>0</difficult>
		<occluded>0</occluded>
		<bndbox>
			<xmin>263</xmin>
			<xmax>432</xmax>
			<ymin>500</ymin>
			<ymax>622</ymax>
		</bndbox>
	</object>
</annotation>
