<annotation>
	<folder></folder>
	<filename>DncD69GU0AEMZXK_jpg.rf.2f20feb8cba0e89deca8033ef3d319d2.jpg</filename>
	<path>DncD69GU0AEMZXK_jpg.rf.2f20feb8cba0e89deca8033ef3d319d2.jpg</path>
	<source>
		<database>roboflow.com</database>
	</source>
	<size>
		<width>416</width>
		<height>416</height>
		<depth>3</depth>
	</size>
	<segmented>0</segmented>
	<object>
		<name>Knife</name>
		<pose>Unspecified</pose>
		<truncated>0</truncated>
		<difficult>0</difficult>
		<occluded>0</occluded>
		<bndbox>
			<xmin>62</xmin>
			<xmax>253</xmax>
			<ymin>162</ymin>
			<ymax>400</ymax>
		</bndbox>
	</object>
	<object>
		<name>Pistol</name>
		<pose>Unspecified</pose>
		<truncated>0</truncated>
		<difficult>0</difficult>
		<occluded>0</occluded>
		<bndbox>
			<xmin>189</xmin>
			<xmax>325</xmax>
			<ymin>151</ymin>
			<ymax>287</ymax>
		</bndbox>
	</object>
	<object>
		<name>Grenade</name>
		<pose>Unspecified</pose>
		<truncated>0</truncated>
		<difficult>0</difficult>
		<occluded>0</occluded>
		<bndbox>
			<xmin>338</xmin>
			<xmax>382</xmax>
			<ymin>24</ymin>
			<ymax>127</ymax>
		</bndbox>
	</object>
</annotation>
