<annotation>
	<folder></folder>
	<filename>DSC_0050_jpg.rf.eb2622c4b50df5bf2e12832272e9bdeb.jpg</filename>
	<path>DSC_0050_jpg.rf.eb2622c4b50df5bf2e12832272e9bdeb.jpg</path>
	<source>
		<database>roboflow.com</database>
	</source>
	<size>
		<width>1920</width>
		<height>1280</height>
		<depth>3</depth>
	</size>
	<segmented>0</segmented>
	<object>
		<name>Knife</name>
		<pose>Unspecified</pose>
		<truncated>0</truncated>
		<difficult>0</difficult>
		<occluded>0</occluded>
		<bndbox>
			<xmin>867</xmin>
			<xmax>1034</xmax>
			<ymin>614</ymin>
			<ymax>889</ymax>
		</bndbox>
	</object>
</annotation>
