<annotation>
	<folder></folder>
	<filename>DSC_00481_jpg.rf.ce40644722601279e230ddda8cf25398.jpg</filename>
	<path>DSC_00481_jpg.rf.ce40644722601279e230ddda8cf25398.jpg</path>
	<source>
		<database>roboflow.com</database>
	</source>
	<size>
		<width>416</width>
		<height>416</height>
		<depth>3</depth>
	</size>
	<segmented>0</segmented>
	<object>
		<name>Knife</name>
		<pose>Unspecified</pose>
		<truncated>0</truncated>
		<difficult>0</difficult>
		<occluded>0</occluded>
		<bndbox>
			<xmin>113</xmin>
			<xmax>181</xmax>
			<ymin>258</ymin>
			<ymax>302</ymax>
		</bndbox>
	</object>
</annotation>
