<annotation>
	<folder></folder>
	<filename>DSC_0030_jpg.rf.2c619f48d4bfae5a2644ea2ffc45dc52.jpg</filename>
	<path>DSC_0030_jpg.rf.2c619f48d4bfae5a2644ea2ffc45dc52.jpg</path>
	<source>
		<database>roboflow.com</database>
	</source>
	<size>
		<width>416</width>
		<height>416</height>
		<depth>3</depth>
	</size>
	<segmented>0</segmented>
	<object>
		<name>Knife</name>
		<pose>Unspecified</pose>
		<truncated>0</truncated>
		<difficult>0</difficult>
		<occluded>0</occluded>
		<bndbox>
			<xmin>177</xmin>
			<xmax>207</xmax>
			<ymin>237</ymin>
			<ymax>258</ymax>
		</bndbox>
	</object>
</annotation>
