<annotation>
	<folder></folder>
	<filename>DSC_00571_jpg.rf.b4faeaef73b07c2cdc759a37d84aaa18.jpg</filename>
	<path>DSC_00571_jpg.rf.b4faeaef73b07c2cdc759a37d84aaa18.jpg</path>
	<source>
		<database>roboflow.com</database>
	</source>
	<size>
		<width>416</width>
		<height>416</height>
		<depth>3</depth>
	</size>
	<segmented>0</segmented>
	<object>
		<name>Knife</name>
		<pose>Unspecified</pose>
		<truncated>0</truncated>
		<difficult>0</difficult>
		<occluded>0</occluded>
		<bndbox>
			<xmin>139</xmin>
			<xmax>157</xmax>
			<ymin>219</ymin>
			<ymax>291</ymax>
		</bndbox>
	</object>
</annotation>
