<annotation>
	<folder></folder>
	<filename>DSC_00511_jpg.rf.d96a2d37be719952425764bd64298b9a.jpg</filename>
	<path>DSC_00511_jpg.rf.d96a2d37be719952425764bd64298b9a.jpg</path>
	<source>
		<database>roboflow.com</database>
	</source>
	<size>
		<width>1920</width>
		<height>1281</height>
		<depth>3</depth>
	</size>
	<segmented>0</segmented>
	<object>
		<name>Knife</name>
		<pose>Unspecified</pose>
		<truncated>0</truncated>
		<difficult>0</difficult>
		<occluded>0</occluded>
		<bndbox>
			<xmin>590</xmin>
			<xmax>663</xmax>
			<ymin>496</ymin>
			<ymax>731</ymax>
		</bndbox>
	</object>
</annotation>
