<annotation>
	<folder></folder>
	<filename>DSC_0007_jpg.rf.0dbd0097ad6e60cbc4f8e7c047b7befe.jpg</filename>
	<path>DSC_0007_jpg.rf.0dbd0097ad6e60cbc4f8e7c047b7befe.jpg</path>
	<source>
		<database>roboflow.com</database>
	</source>
	<size>
		<width>416</width>
		<height>416</height>
		<depth>3</depth>
	</size>
	<segmented>0</segmented>
	<object>
		<name>Knife</name>
		<pose>Unspecified</pose>
		<truncated>0</truncated>
		<difficult>0</difficult>
		<occluded>0</occluded>
		<bndbox>
			<xmin>226</xmin>
			<xmax>264</xmax>
			<ymin>215</ymin>
			<ymax>274</ymax>
		</bndbox>
	</object>
</annotation>
