<annotation>
	<folder></folder>
	<filename>DSC_00091_jpg.rf.03801de80cb928dc1e676a55ee305a83.jpg</filename>
	<path>DSC_00091_jpg.rf.03801de80cb928dc1e676a55ee305a83.jpg</path>
	<source>
		<database>roboflow.com</database>
	</source>
	<size>
		<width>416</width>
		<height>416</height>
		<depth>3</depth>
	</size>
	<segmented>0</segmented>
	<object>
		<name>Knife</name>
		<pose>Unspecified</pose>
		<truncated>0</truncated>
		<difficult>0</difficult>
		<occluded>0</occluded>
		<bndbox>
			<xmin>210</xmin>
			<xmax>244</xmax>
			<ymin>293</ymin>
			<ymax>325</ymax>
		</bndbox>
	</object>
</annotation>
