<annotation>
	<folder></folder>
	<filename>DSC_0016_jpg.rf.c35623acbd5be11c7e77505d2b99838a.jpg</filename>
	<path>DSC_0016_jpg.rf.c35623acbd5be11c7e77505d2b99838a.jpg</path>
	<source>
		<database>roboflow.com</database>
	</source>
	<size>
		<width>1920</width>
		<height>1280</height>
		<depth>3</depth>
	</size>
	<segmented>0</segmented>
	<object>
		<name>Knife</name>
		<pose>Unspecified</pose>
		<truncated>0</truncated>
		<difficult>0</difficult>
		<occluded>0</occluded>
		<bndbox>
			<xmin>833</xmin>
			<xmax>1060</xmax>
			<ymin>642</ymin>
			<ymax>742</ymax>
		</bndbox>
	</object>
</annotation>
