<annotation>
	<folder></folder>
	<filename>DSC_0012_jpg.rf.b515023534dd7caca901357a6d3092c5.jpg</filename>
	<path>DSC_0012_jpg.rf.b515023534dd7caca901357a6d3092c5.jpg</path>
	<source>
		<database>roboflow.com</database>
	</source>
	<size>
		<width>1920</width>
		<height>1280</height>
		<depth>3</depth>
	</size>
	<segmented>0</segmented>
	<object>
		<name>Knife</name>
		<pose>Unspecified</pose>
		<truncated>0</truncated>
		<difficult>0</difficult>
		<occluded>0</occluded>
		<bndbox>
			<xmin>866</xmin>
			<xmax>1175</xmax>
			<ymin>513</ymin>
			<ymax>589</ymax>
		</bndbox>
	</object>
</annotation>
