<annotation>
	<folder></folder>
	<filename>DSC_0008_jpg.rf.4b814a012e938c4a9709f7e268ba8159.jpg</filename>
	<path>DSC_0008_jpg.rf.4b814a012e938c4a9709f7e268ba8159.jpg</path>
	<source>
		<database>roboflow.com</database>
	</source>
	<size>
		<width>416</width>
		<height>416</height>
		<depth>3</depth>
	</size>
	<segmented>0</segmented>
	<object>
		<name>Knife</name>
		<pose>Unspecified</pose>
		<truncated>0</truncated>
		<difficult>0</difficult>
		<occluded>0</occluded>
		<bndbox>
			<xmin>201</xmin>
			<xmax>213</xmax>
			<ymin>153</ymin>
			<ymax>238</ymax>
		</bndbox>
	</object>
</annotation>
