<annotation>
	<folder></folder>
	<filename>EAQxiX2XoAE5nOc_jpg.rf.e256efd8199678db7103f547dba464af.jpg</filename>
	<path>EAQxiX2XoAE5nOc_jpg.rf.e256efd8199678db7103f547dba464af.jpg</path>
	<source>
		<database>roboflow.com</database>
	</source>
	<size>
		<width>960</width>
		<height>720</height>
		<depth>3</depth>
	</size>
	<segmented>0</segmented>
	<object>
		<name>Pistol</name>
		<pose>Unspecified</pose>
		<truncated>0</truncated>
		<difficult>0</difficult>
		<occluded>0</occluded>
		<bndbox>
			<xmin>123</xmin>
			<xmax>436</xmax>
			<ymin>146</ymin>
			<ymax>429</ymax>
		</bndbox>
	</object>
	<object>
		<name>Pistol</name>
		<pose>Unspecified</pose>
		<truncated>0</truncated>
		<difficult>0</difficult>
		<occluded>0</occluded>
		<bndbox>
			<xmin>538</xmin>
			<xmax>911</xmax>
			<ymin>135</ymin>
			<ymax>489</ymax>
		</bndbox>
	</object>
	<object>
		<name>Grenade</name>
		<pose>Unspecified</pose>
		<truncated>0</truncated>
		<difficult>0</difficult>
		<occluded>0</occluded>
		<bndbox>
			<xmin>430</xmin>
			<xmax>548</xmax>
			<ymin>3</ymin>
			<ymax>159</ymax>
		</bndbox>
	</object>
</annotation>
