<annotation>
	<folder></folder>
	<filename>ESahtu7UYAAp8T1_jpg.rf.e1550974f4ca4a09cb99f79b3d02fe32.jpg</filename>
	<path>ESahtu7UYAAp8T1_jpg.rf.e1550974f4ca4a09cb99f79b3d02fe32.jpg</path>
	<source>
		<database>roboflow.com</database>
	</source>
	<size>
		<width>416</width>
		<height>416</height>
		<depth>3</depth>
	</size>
	<segmented>0</segmented>
	<object>
		<name>Knife</name>
		<pose>Unspecified</pose>
		<truncated>0</truncated>
		<difficult>0</difficult>
		<occluded>0</occluded>
		<bndbox>
			<xmin>216</xmin>
			<xmax>347</xmax>
			<ymin>32</ymin>
			<ymax>205</ymax>
		</bndbox>
	</object>
	<object>
		<name>Pistol</name>
		<pose>Unspecified</pose>
		<truncated>0</truncated>
		<difficult>0</difficult>
		<occluded>0</occluded>
		<bndbox>
			<xmin>105</xmin>
			<xmax>204</xmax>
			<ymin>23</ymin>
			<ymax>150</ymax>
		</bndbox>
	</object>
	<object>
		<name>Gun</name>
		<pose>Unspecified</pose>
		<truncated>0</truncated>
		<difficult>0</difficult>
		<occluded>0</occluded>
		<bndbox>
			<xmin>28</xmin>
			<xmax>212</xmax>
			<ymin>5</ymin>
			<ymax>408</ymax>
		</bndbox>
	</object>
</annotation>
