<annotation>
	<folder></folder>
	<filename>EyWz8yAU4AEH4DO_jpg.rf.d364ed2daf8cd29b06e6462b435e1726.jpg</filename>
	<path>EyWz8yAU4AEH4DO_jpg.rf.d364ed2daf8cd29b06e6462b435e1726.jpg</path>
	<source>
		<database>roboflow.com</database>
	</source>
	<size>
		<width>416</width>
		<height>416</height>
		<depth>3</depth>
	</size>
	<segmented>0</segmented>
	<object>
		<name>Knife</name>
		<pose>Unspecified</pose>
		<truncated>0</truncated>
		<difficult>0</difficult>
		<occluded>0</occluded>
		<bndbox>
			<xmin>37</xmin>
			<xmax>303</xmax>
			<ymin>11</ymin>
			<ymax>104</ymax>
		</bndbox>
	</object>
	<object>
		<name>Grenade</name>
		<pose>Unspecified</pose>
		<truncated>0</truncated>
		<difficult>0</difficult>
		<occluded>0</occluded>
		<bndbox>
			<xmin>11</xmin>
			<xmax>74</xmax>
			<ymin>127</ymin>
			<ymax>320</ymax>
		</bndbox>
	</object>
	<object>
		<name>Grenade</name>
		<pose>Unspecified</pose>
		<truncated>0</truncated>
		<difficult>0</difficult>
		<occluded>0</occluded>
		<bndbox>
			<xmin>84</xmin>
			<xmax>139</xmax>
			<ymin>149</ymin>
			<ymax>309</ymax>
		</bndbox>
	</object>
	<object>
		<name>Grenade</name>
		<pose>Unspecified</pose>
		<truncated>0</truncated>
		<difficult>0</difficult>
		<occluded>0</occluded>
		<bndbox>
			<xmin>146</xmin>
			<xmax>206</xmax>
			<ymin>127</ymin>
			<ymax>302</ymax>
		</bndbox>
	</object>
	<object>
		<name>Pistol</name>
		<pose>Unspecified</pose>
		<truncated>0</truncated>
		<difficult>0</difficult>
		<occluded>0</occluded>
		<bndbox>
			<xmin>217</xmin>
			<xmax>396</xmax>
			<ymin>87</ymin>
			<ymax>269</ymax>
		</bndbox>
	</object>
</annotation>
