<annotation>
	<folder></folder>
	<filename>EyWz8yAUdfgdxzfgzdfgdszfg4545454544AEH4DO_jpg.rf.e3fa36fc09f6ed7198af5b2e8fdc0b3e.jpg</filename>
	<path>EyWz8yAUdfgdxzfgzdfgdszfg4545454544AEH4DO_jpg.rf.e3fa36fc09f6ed7198af5b2e8fdc0b3e.jpg</path>
	<source>
		<database>roboflow.com</database>
	</source>
	<size>
		<width>416</width>
		<height>416</height>
		<depth>3</depth>
	</size>
	<segmented>0</segmented>
	<object>
		<name>Knife</name>
		<pose>Unspecified</pose>
		<truncated>0</truncated>
		<difficult>0</difficult>
		<occluded>0</occluded>
		<bndbox>
			<xmin>68</xmin>
			<xmax>417</xmax>
			<ymin>15</ymin>
			<ymax>118</ymax>
		</bndbox>
	</object>
	<object>
		<name>Grenade</name>
		<pose>Unspecified</pose>
		<truncated>0</truncated>
		<difficult>0</difficult>
		<occluded>0</occluded>
		<bndbox>
			<xmin>19</xmin>
			<xmax>138</xmax>
			<ymin>142</ymin>
			<ymax>354</ymax>
		</bndbox>
	</object>
	<object>
		<name>Grenade</name>
		<pose>Unspecified</pose>
		<truncated>0</truncated>
		<difficult>0</difficult>
		<occluded>0</occluded>
		<bndbox>
			<xmin>161</xmin>
			<xmax>260</xmax>
			<ymin>163</ymin>
			<ymax>346</ymax>
		</bndbox>
	</object>
	<object>
		<name>Grenade</name>
		<pose>Unspecified</pose>
		<truncated>0</truncated>
		<difficult>0</difficult>
		<occluded>0</occluded>
		<bndbox>
			<xmin>282</xmin>
			<xmax>378</xmax>
			<ymin>143</ymin>
			<ymax>337</ymax>
		</bndbox>
	</object>
</annotation>
