<annotation>
	<folder></folder>
	<filename>FILE058_JPG_jpg.rf.7f7b7b0b2d65223f68f1fe3cd490a1bf.jpg</filename>
	<path>FILE058_JPG_jpg.rf.7f7b7b0b2d65223f68f1fe3cd490a1bf.jpg</path>
	<source>
		<database>roboflow.com</database>
	</source>
	<size>
		<width>1920</width>
		<height>1200</height>
		<depth>3</depth>
	</size>
	<segmented>0</segmented>
	<object>
		<name>Gun</name>
		<pose>Unspecified</pose>
		<truncated>0</truncated>
		<difficult>0</difficult>
		<occluded>0</occluded>
		<bndbox>
			<xmin>7</xmin>
			<xmax>1921</xmax>
			<ymin>43</ymin>
			<ymax>820</ymax>
		</bndbox>
	</object>
	<object>
		<name>Knife</name>
		<pose>Unspecified</pose>
		<truncated>0</truncated>
		<difficult>0</difficult>
		<occluded>0</occluded>
		<bndbox>
			<xmin>832</xmin>
			<xmax>1593</xmax>
			<ymin>813</ymin>
			<ymax>1118</ymax>
		</bndbox>
	</object>
</annotation>
