<annotation>
	<folder></folder>
	<filename>FILE016_JPG_jpg.rf.3615ba2bb684386ed95440ea9b56cc61.jpg</filename>
	<path>FILE016_JPG_jpg.rf.3615ba2bb684386ed95440ea9b56cc61.jpg</path>
	<source>
		<database>roboflow.com</database>
	</source>
	<size>
		<width>416</width>
		<height>416</height>
		<depth>3</depth>
	</size>
	<segmented>0</segmented>
	<object>
		<name>Pistol</name>
		<pose>Unspecified</pose>
		<truncated>0</truncated>
		<difficult>0</difficult>
		<occluded>0</occluded>
		<bndbox>
			<xmin>6</xmin>
			<xmax>74</xmax>
			<ymin>183</ymin>
			<ymax>355</ymax>
		</bndbox>
	</object>
	<object>
		<name>Gun</name>
		<pose>Unspecified</pose>
		<truncated>0</truncated>
		<difficult>0</difficult>
		<occluded>0</occluded>
		<bndbox>
			<xmin>60</xmin>
			<xmax>413</xmax>
			<ymin>1</ymin>
			<ymax>364</ymax>
		</bndbox>
	</object>
</annotation>
