<annotation>
	<folder></folder>
	<filename>FILE038_JPG_jpg.rf.28eb549db6dfa05057fcd0f82aea39cc.jpg</filename>
	<path>FILE038_JPG_jpg.rf.28eb549db6dfa05057fcd0f82aea39cc.jpg</path>
	<source>
		<database>roboflow.com</database>
	</source>
	<size>
		<width>1024</width>
		<height>682</height>
		<depth>3</depth>
	</size>
	<segmented>0</segmented>
	<object>
		<name>Gun</name>
		<pose>Unspecified</pose>
		<truncated>0</truncated>
		<difficult>0</difficult>
		<occluded>0</occluded>
		<bndbox>
			<xmin>250</xmin>
			<xmax>577</xmax>
			<ymin>223</ymin>
			<ymax>439</ymax>
		</bndbox>
	</object>
	<object>
		<name>Pistol</name>
		<pose>Unspecified</pose>
		<truncated>0</truncated>
		<difficult>0</difficult>
		<occluded>0</occluded>
		<bndbox>
			<xmin>232</xmin>
			<xmax>289</xmax>
			<ymin>463</ymin>
			<ymax>593</ymax>
		</bndbox>
	</object>
</annotation>
