<annotation>
	<folder></folder>
	<filename>FILE028_JPG_jpg.rf.6c53b5b6f6ac86ba9f0581a1c2265899.jpg</filename>
	<path>FILE028_JPG_jpg.rf.6c53b5b6f6ac86ba9f0581a1c2265899.jpg</path>
	<source>
		<database>roboflow.com</database>
	</source>
	<size>
		<width>416</width>
		<height>416</height>
		<depth>3</depth>
	</size>
	<segmented>0</segmented>
	<object>
		<name>Pistol</name>
		<pose>Unspecified</pose>
		<truncated>0</truncated>
		<difficult>0</difficult>
		<occluded>0</occluded>
		<bndbox>
			<xmin>15</xmin>
			<xmax>43</xmax>
			<ymin>318</ymin>
			<ymax>410</ymax>
		</bndbox>
	</object>
	<object>
		<name>Gun</name>
		<pose>Unspecified</pose>
		<truncated>0</truncated>
		<difficult>0</difficult>
		<occluded>0</occluded>
		<bndbox>
			<xmin>77</xmin>
			<xmax>333</xmax>
			<ymin>98</ymin>
			<ymax>217</ymax>
		</bndbox>
	</object>
</annotation>
