<annotation>
	<folder></folder>
	<filename>FILE045_JPG_jpg.rf.78414c7a65f0d8c9d10cd5a0c102263e.jpg</filename>
	<path>FILE045_JPG_jpg.rf.78414c7a65f0d8c9d10cd5a0c102263e.jpg</path>
	<source>
		<database>roboflow.com</database>
	</source>
	<size>
		<width>416</width>
		<height>416</height>
		<depth>3</depth>
	</size>
	<segmented>0</segmented>
	<object>
		<name>Pistol</name>
		<pose>Unspecified</pose>
		<truncated>0</truncated>
		<difficult>0</difficult>
		<occluded>0</occluded>
		<bndbox>
			<xmin>1</xmin>
			<xmax>64</xmax>
			<ymin>297</ymin>
			<ymax>342</ymax>
		</bndbox>
	</object>
	<object>
		<name>Gun</name>
		<pose>Unspecified</pose>
		<truncated>0</truncated>
		<difficult>0</difficult>
		<occluded>0</occluded>
		<bndbox>
			<xmin>141</xmin>
			<xmax>361</xmax>
			<ymin>100</ymin>
			<ymax>275</ymax>
		</bndbox>
	</object>
</annotation>
