<annotation>
	<folder></folder>
	<filename>FILE018_JPG_jpg.rf.5097632613c2baaa300f5a9ab7cbd859.jpg</filename>
	<path>FILE018_JPG_jpg.rf.5097632613c2baaa300f5a9ab7cbd859.jpg</path>
	<source>
		<database>roboflow.com</database>
	</source>
	<size>
		<width>416</width>
		<height>416</height>
		<depth>3</depth>
	</size>
	<segmented>0</segmented>
	<object>
		<name>Pistol</name>
		<pose>Unspecified</pose>
		<truncated>0</truncated>
		<difficult>0</difficult>
		<occluded>0</occluded>
		<bndbox>
			<xmin>78</xmin>
			<xmax>101</xmax>
			<ymin>304</ymin>
			<ymax>343</ymax>
		</bndbox>
	</object>
	<object>
		<name>Gun</name>
		<pose>Unspecified</pose>
		<truncated>0</truncated>
		<difficult>0</difficult>
		<occluded>0</occluded>
		<bndbox>
			<xmin>119</xmin>
			<xmax>313</xmax>
			<ymin>120</ymin>
			<ymax>254</ymax>
		</bndbox>
	</object>
</annotation>
