<annotation>
	<folder></folder>
	<filename>FILE038_JPG_jpg.rf.3c29e18ba5114b57ca858e7bc810eff5.jpg</filename>
	<path>FILE038_JPG_jpg.rf.3c29e18ba5114b57ca858e7bc810eff5.jpg</path>
	<source>
		<database>roboflow.com</database>
	</source>
	<size>
		<width>416</width>
		<height>416</height>
		<depth>3</depth>
	</size>
	<segmented>0</segmented>
	<object>
		<name>Gun</name>
		<pose>Unspecified</pose>
		<truncated>0</truncated>
		<difficult>0</difficult>
		<occluded>0</occluded>
		<bndbox>
			<xmin>102</xmin>
			<xmax>235</xmax>
			<ymin>136</ymin>
			<ymax>268</ymax>
		</bndbox>
	</object>
	<object>
		<name>Pistol</name>
		<pose>Unspecified</pose>
		<truncated>0</truncated>
		<difficult>0</difficult>
		<occluded>0</occluded>
		<bndbox>
			<xmin>95</xmin>
			<xmax>118</xmax>
			<ymin>282</ymin>
			<ymax>362</ymax>
		</bndbox>
	</object>
</annotation>
