<annotation>
	<folder></folder>
	<filename>FILE059_JPG_jpg.rf.7281144dda25e9547e0e05c36e1708c5.jpg</filename>
	<path>FILE059_JPG_jpg.rf.7281144dda25e9547e0e05c36e1708c5.jpg</path>
	<source>
		<database>roboflow.com</database>
	</source>
	<size>
		<width>416</width>
		<height>416</height>
		<depth>3</depth>
	</size>
	<segmented>0</segmented>
	<object>
		<name>Knife</name>
		<pose>Unspecified</pose>
		<truncated>0</truncated>
		<difficult>0</difficult>
		<occluded>0</occluded>
		<bndbox>
			<xmin>17</xmin>
			<xmax>116</xmax>
			<ymin>108</ymin>
			<ymax>300</ymax>
		</bndbox>
	</object>
	<object>
		<name>Knife</name>
		<pose>Unspecified</pose>
		<truncated>0</truncated>
		<difficult>0</difficult>
		<occluded>0</occluded>
		<bndbox>
			<xmin>54</xmin>
			<xmax>135</xmax>
			<ymin>132</ymin>
			<ymax>305</ymax>
		</bndbox>
	</object>
	<object>
		<name>Gun</name>
		<pose>Unspecified</pose>
		<truncated>0</truncated>
		<difficult>0</difficult>
		<occluded>0</occluded>
		<bndbox>
			<xmin>1</xmin>
			<xmax>417</xmax>
			<ymin>15</ymin>
			<ymax>117</ymax>
		</bndbox>
	</object>
</annotation>
