<annotation>
	<folder></folder>
	<filename>FILE058_JPG_jpg.rf.c2f137111dec2b7e1eae2a5282d86f24.jpg</filename>
	<path>FILE058_JPG_jpg.rf.c2f137111dec2b7e1eae2a5282d86f24.jpg</path>
	<source>
		<database>roboflow.com</database>
	</source>
	<size>
		<width>416</width>
		<height>416</height>
		<depth>3</depth>
	</size>
	<segmented>0</segmented>
	<object>
		<name>Gun</name>
		<pose>Unspecified</pose>
		<truncated>0</truncated>
		<difficult>0</difficult>
		<occluded>0</occluded>
		<bndbox>
			<xmin>2</xmin>
			<xmax>417</xmax>
			<ymin>16</ymin>
			<ymax>285</ymax>
		</bndbox>
	</object>
	<object>
		<name>Knife</name>
		<pose>Unspecified</pose>
		<truncated>0</truncated>
		<difficult>0</difficult>
		<occluded>0</occluded>
		<bndbox>
			<xmin>181</xmin>
			<xmax>346</xmax>
			<ymin>282</ymin>
			<ymax>388</ymax>
		</bndbox>
	</object>
</annotation>
