<annotation>
	<folder></folder>
	<filename>FILE053_JPG_jpg.rf.ceb974114780c4710406b78cc647a536.jpg</filename>
	<path>FILE053_JPG_jpg.rf.ceb974114780c4710406b78cc647a536.jpg</path>
	<source>
		<database>roboflow.com</database>
	</source>
	<size>
		<width>416</width>
		<height>416</height>
		<depth>3</depth>
	</size>
	<segmented>0</segmented>
	<object>
		<name>Knife</name>
		<pose>Unspecified</pose>
		<truncated>0</truncated>
		<difficult>0</difficult>
		<occluded>0</occluded>
		<bndbox>
			<xmin>181</xmin>
			<xmax>385</xmax>
			<ymin>24</ymin>
			<ymax>218</ymax>
		</bndbox>
	</object>
	<object>
		<name>Knife</name>
		<pose>Unspecified</pose>
		<truncated>0</truncated>
		<difficult>0</difficult>
		<occluded>0</occluded>
		<bndbox>
			<xmin>13</xmin>
			<xmax>189</xmax>
			<ymin>1</ymin>
			<ymax>417</ymax>
		</bndbox>
	</object>
</annotation>
